fname,fyear,tUTC,tLocal,tLocalGMT,timestep,timestep_hh,farea,fareaPer,fperim,rflinelen,cflinelen5,cflinelen10,cflinelen25,cflinelen50,cflinelen75,cflinelen90,rfline_fstate,cfline5_fstate,cfline10_fstate,cfline25_fstate,cfline50_fstate,cfline75_fstate,cfline90_fstate,dfarea,maefspread,awefspread
North Complex,2020,2020-08-17 22:00:00,2020-08-17 15:00:00,2020-08-17 14:00:00,6,5.5,0.701,0.0521382638330029,3.153,3.153,3.153,3.153,3.153,3.153,3.153,3.153,1,1,1,1,1,1,1,0.701,0.582,0.481
North Complex,2020,2020-08-17 23:00:00,2020-08-17 16:00:00,2020-08-17 15:00:00,7,6.5,2.298,0.170918302836292,5.833,5.833,5.833,5.833,2.989,0.092,3.153,3.153,0,1,1,1,1,0,0,1.597,0.947,0.507
North Complex,2020,2020-08-18 00:00:00,2020-08-17 17:00:00,2020-08-17 16:00:00,8,7.5,2.298,0.170918302836292,5.833,5.833,5.833,5.833,2.989,0.092,3.153,3.153,0,0,0,0,0,0,0,0,0,0
North Complex,2020,2020-08-18 01:00:00,2020-08-17 18:00:00,2020-08-17 17:00:00,9,8.5,2.298,0.170918302836292,5.833,5.833,5.833,5.833,2.989,0.092,3.153,3.153,0,0,0,0,0,0,0,0,0,0
North Complex,2020,2020-08-18 02:00:00,2020-08-17 19:00:00,2020-08-17 18:00:00,10,9.5,2.298,0.170918302836292,5.833,5.833,1.299,5.833,2.989,0.092,3.153,3.153,0,1,0,0,0,0,0,0,0,0
North Complex,2020,2020-08-18 03:00:00,2020-08-17 20:00:00,2020-08-17 19:00:00,11,10.5,2.298,0.170918302836292,5.833,5.833,1.299,5.833,2.989,0.092,3.153,3.153,0,0,0,0,0,0,0,0,0,0
North Complex,2020,2020-08-18 04:00:00,2020-08-17 21:00:00,2020-08-17 20:00:00,12,11.5,2.298,0.170918302836292,5.833,5.833,1.299,5.833,2.989,0.092,3.153,3.153,0,0,0,0,0,0,0,0,0,0
North Complex,2020,2020-08-18 05:00:00,2020-08-17 22:00:00,2020-08-17 21:00:00,13,12.5,2.298,0.170918302836292,5.833,5.833,1.299,5.833,2.989,0.092,3.153,3.153,0,0,0,0,0,0,0,0,0,0
North Complex,2020,2020-08-18 06:00:00,2020-08-17 23:00:00,2020-08-17 22:00:00,14,13.5,2.298,0.170918302836292,5.833,5.833,1.299,5.833,2.989,0.092,3.153,3.153,1,0,0,0,0,0,0,0,0,0
North Complex,2020,2020-08-18 07:00:00,2020-08-18 00:00:00,2020-08-17 23:00:00,15,14.5,3.114,0.231609919509231,6.723,4.986,6.723,6.723,3.874,1.322,3.153,3.153,1,1,1,1,1,0,0,0.816,0.274,0.14
North Complex,2020,2020-08-18 08:00:00,2020-08-18 01:00:00,2020-08-18 00:00:00,16,15.5,3.823,0.284343199191968,7.393,6.117,7.393,7.393,4.627,1.883,3.153,3.153,1,1,1,1,1,0,0,0.709,0.308,0.142
North Complex,2020,2020-08-18 09:00:00,2020-08-18 02:00:00,2020-08-18 01:00:00,17,16.5,5.666,0.421419975574599,8.99,8.223,8.99,8.99,6.151,3.403,3.153,3.153,0,1,1,1,1,0,0,1.843,0.838,0.301
North Complex,2020,2020-08-18 10:00:00,2020-08-18 03:00:00,2020-08-18 02:00:00,18,17.5,5.666,0.421419975574599,8.99,8.223,8.99,8.99,6.151,3.403,3.153,3.153,0,1,1,1,1,0,0,0,0,0
North Complex,2020,2020-08-18 11:00:00,2020-08-18 04:00:00,2020-08-18 03:00:00,19,18.5,5.666,0.421419975574599,8.99,8.223,8.99,8.99,6.151,3.403,3.153,3.153,0,1,1,1,1,0,0,0,0,0
North Complex,2020,2020-08-18 12:00:00,2020-08-18 05:00:00,2020-08-18 04:00:00,20,19.5,5.666,0.421419975574599,8.99,8.223,8.99,8.99,6.151,3.403,3.153,3.153,1,1,1,1,1,0,0,0,0,0
North Complex,2020,2020-08-18 13:00:00,2020-08-18 06:00:00,2020-08-18 05:00:00,21,20.5,9.94,0.739307193295361,12.21,6.872,9.347,7.815,6.248,4.478,1.026,3.153,0,1,1,1,1,1,0,4.274,1.431,0.52
North Complex,2020,2020-08-18 14:00:00,2020-08-18 07:00:00,2020-08-18 06:00:00,22,21.5,9.94,0.739307193295361,12.21,6.87,12.21,11.27,8.847,4.936,1.026,3.153,0,1,1,1,1,0,0,0,0,0
North Complex,2020,2020-08-18 15:00:00,2020-08-18 08:00:00,2020-08-18 07:00:00,23,22.5,9.94,0.739307193295361,12.21,6.872,12.21,11.27,8.689,3.151,1.026,3.153,0,1,1,1,1,0,0,0,0,0
North Complex,2020,2020-08-18 16:00:00,2020-08-18 09:00:00,2020-08-18 08:00:00,24,23.5,9.94,0.739307193295361,12.21,6.872,12.21,9.812,6.371,3.151,1.026,3.153,0,1,1,1,0,0,0,0,0,0
North Complex,2020,2020-08-18 17:00:00,2020-08-18 10:00:00,2020-08-18 09:00:00,25,24.5,9.94,0.739307193295361,12.21,6.872,12.21,9.812,6.598,0.675,1.026,3.153,0,1,1,1,1,0,0,0,0,0
North Complex,2020,2020-08-18 18:00:00,2020-08-18 11:00:00,2020-08-18 10:00:00,26,25.5,9.94,0.739307193295361,12.21,6.872,12.21,9.753,5.735,0.675,1.026,3.153,1,1,1,1,0,0,0,0,0,0
North Complex,2020,2020-08-18 19:00:00,2020-08-18 12:00:00,2020-08-18 11:00:00,27,26.5,12.996,0.966603247894016,13.38,6.944,13.38,11.952,10.037,7.476,2.815,3.153,0,1,1,1,1,1,0,3.056,0.973,0.445
North Complex,2020,2020-08-18 20:00:00,2020-08-18 13:00:00,2020-08-18 12:00:00,28,27.5,12.996,0.966603247894016,13.38,6.944,13.38,12.437,10.037,7.476,2.815,3.153,1,1,1,1,1,0,0,0,0,0
North Complex,2020,2020-08-18 21:00:00,2020-08-18 14:00:00,2020-08-18 13:00:00,29,28.5,14.038,1.04410406232196,13.933,11.675,13.933,13.933,13.933,10.562,2.815,3.153,1,1,1,1,1,0,0,1.042,0.412,0.15
North Complex,2020,2020-08-18 22:00:00,2020-08-18 15:00:00,2020-08-18 14:00:00,30,29.5,19.831,1.4749699145111,16.365,14.165,16.365,16.365,14.101,5.982,2.815,3.153,0,1,1,1,1,0,0,5.793,0.901,0.496
North Complex,2020,2020-08-18 23:00:00,2020-08-18 16:00:00,2020-08-18 15:00:00,31,30.5,19.831,1.4749699145111,16.365,14.165,6.55,3.212,14.101,5.982,2.815,3.153,0,1,1,0,0,0,0,0,0,0
North Complex,2020,2020-08-19 00:00:00,2020-08-18 17:00:00,2020-08-18 16:00:00,32,31.5,19.831,1.4749699145111,16.365,14.165,5.922,2.981,14.101,5.982,2.815,3.153,0,1,1,0,0,0,0,0,0,0
North Complex,2020,2020-08-19 01:00:00,2020-08-18 18:00:00,2020-08-18 17:00:00,33,32.5,19.831,1.4749699145111,16.365,14.164,11.126,8.97,3.534,5.982,2.815,3.153,0,1,1,1,0,0,0,0,0,0
North Complex,2020,2020-08-19 02:00:00,2020-08-18 19:00:00,2020-08-18 18:00:00,34,33.5,19.831,1.4749699145111,16.365,14.165,5.922,2.981,3.534,5.982,2.815,3.153,0,1,1,0,0,0,0,0,0,0
North Complex,2020,2020-08-19 03:00:00,2020-08-18 20:00:00,2020-08-18 19:00:00,35,34.5,19.831,1.4749699145111,16.365,14.165,5.922,2.981,3.534,5.982,2.815,3.153,0,1,1,0,0,0,0,0,0,0
North Complex,2020,2020-08-19 04:00:00,2020-08-18 21:00:00,2020-08-18 20:00:00,36,35.5,19.831,1.4749699145111,16.365,14.165,5.922,2.981,3.534,5.982,2.815,3.153,0,0,0,0,0,0,0,0,0,0
North Complex,2020,2020-08-19 05:00:00,2020-08-18 22:00:00,2020-08-18 21:00:00,37,36.5,19.831,1.4749699145111,16.365,14.165,5.922,2.981,3.534,5.982,2.815,3.153,0,0,0,0,0,0,0,0,0,0
North Complex,2020,2020-08-19 06:00:00,2020-08-18 23:00:00,2020-08-18 22:00:00,38,37.5,19.831,1.4749699145111,16.365,14.165,5.922,2.981,3.534,5.982,2.815,3.153,0,1,1,0,0,0,0,0,0,0
North Complex,2020,2020-08-19 07:00:00,2020-08-19 00:00:00,2020-08-18 23:00:00,39,38.5,19.831,1.4749699145111,16.365,14.165,10.927,8.221,3.092,5.982,2.815,3.153,0,1,1,1,0,0,0,0,0,0
North Complex,2020,2020-08-19 08:00:00,2020-08-19 01:00:00,2020-08-19 00:00:00,40,39.5,19.831,1.4749699145111,16.365,14.164,5.922,2.981,3.092,5.982,2.815,3.153,0,1,1,0,0,0,0,0,0,0
North Complex,2020,2020-08-19 09:00:00,2020-08-19 02:00:00,2020-08-19 01:00:00,41,40.5,19.831,1.4749699145111,16.365,14.165,5.922,2.981,3.092,5.982,2.815,3.153,0,0,0,0,0,0,0,0,0,0
North Complex,2020,2020-08-19 10:00:00,2020-08-19 03:00:00,2020-08-19 02:00:00,42,41.5,19.831,1.4749699145111,16.365,14.165,5.922,2.981,3.092,5.982,2.815,3.153,0,0,0,0,0,0,0,0,0,0
North Complex,2020,2020-08-19 11:00:00,2020-08-19 04:00:00,2020-08-19 03:00:00,43,42.5,19.831,1.4749699145111,16.365,14.165,2.981,2.981,3.092,5.982,2.815,3.153,0,1,0,0,0,0,0,0,0,0
North Complex,2020,2020-08-19 12:00:00,2020-08-19 05:00:00,2020-08-19 04:00:00,44,43.5,19.831,1.4749699145111,16.365,14.164,5.922,2.981,3.092,5.982,2.815,3.153,0,1,1,0,0,0,0,0,0,0
North Complex,2020,2020-08-19 13:00:00,2020-08-19 06:00:00,2020-08-19 05:00:00,45,44.5,19.831,1.4749699145111,16.365,14.165,6.344,5.364,2.697,5.982,2.815,3.153,0,1,1,1,0,0,0,0,0,0
North Complex,2020,2020-08-19 14:00:00,2020-08-19 07:00:00,2020-08-19 06:00:00,46,45.5,19.831,1.4749699145111,16.365,14.165,6.344,5.364,2.697,5.982,2.815,3.153,0,1,1,1,0,0,0,0,0,0
North Complex,2020,2020-08-19 15:00:00,2020-08-19 08:00:00,2020-08-19 07:00:00,47,46.5,19.831,1.4749699145111,16.365,14.165,6.344,5.364,2.697,5.982,2.815,3.153,0,0,0,0,0,0,0,0,0,0
North Complex,2020,2020-08-19 16:00:00,2020-08-19 09:00:00,2020-08-19 08:00:00,48,47.5,19.831,1.4749699145111,16.365,14.165,7.744,5.837,2.784,5.982,2.815,3.153,0,1,1,1,0,0,0,0,0,0
North Complex,2020,2020-08-19 17:00:00,2020-08-19 10:00:00,2020-08-19 09:00:00,49,48.5,19.831,1.4749699145111,16.365,14.165,5.922,2.981,2.784,5.982,2.815,3.153,0,1,1,0,0,0,0,0,0,0
North Complex,2020,2020-08-19 18:00:00,2020-08-19 11:00:00,2020-08-19 10:00:00,50,49.5,19.831,1.4749699145111,16.365,14.165,5.922,2.981,2.784,5.982,2.815,3.153,0,0,0,0,0,0,0,0,0,0
North Complex,2020,2020-08-19 19:00:00,2020-08-19 12:00:00,2020-08-19 11:00:00,51,50.5,19.831,1.4749699145111,16.365,14.164,5.922,2.981,2.784,5.982,2.815,3.153,0,0,0,0,0,0,0,0,0,0
North Complex,2020,2020-08-19 20:00:00,2020-08-19 13:00:00,2020-08-19 12:00:00,52,51.5,19.831,1.4749699145111,16.365,14.165,13.074,12.149,10.315,6.259,0.012,3.153,0,1,1,1,1,1,0,0,0,0
North Complex,2020,2020-08-19 21:00:00,2020-08-19 14:00:00,2020-08-19 13:00:00,53,52.5,19.831,1.4749699145111,16.365,14.164,16.365,16.365,16.042,11.505,6.715,3.153,1,1,1,1,1,1,0,0,0,0
North Complex,2020,2020-08-19 22:00:00,2020-08-19 15:00:00,2020-08-19 14:00:00,54,53.5,28.123,2.09170384276111,19.811,11.744,19.811,19.811,19.811,18.173,10.816,3.422,1,1,1,1,1,1,1,8.292,1.184,0.585
North Complex,2020,2020-08-19 23:00:00,2020-08-19 16:00:00,2020-08-19 15:00:00,55,54.5,37.553,2.79307877563589,23.878,3.654,23.878,23.878,23.878,17.236,13.767,10.439,1,1,1,1,1,1,1,9.43,2.204,0.803
North Complex,2020,2020-08-20 00:00:00,2020-08-19 17:00:00,2020-08-19 16:00:00,56,55.5,38.014,2.82736656397685,24.086,6.462,24.085,24.085,24.085,17.2,13.582,7.357,1,1,1,1,1,1,1,0.461,0.246,0.126
North Complex,2020,2020-08-20 01:00:00,2020-08-19 18:00:00,2020-08-19 17:00:00,57,56.5,39.007,2.90122290632517,24.675,9.141,24.041,23.124,20.902,17.48,12.496,3.788,1,1,1,1,1,1,1,0.993,0.625,0.154
North Complex,2020,2020-08-20 02:00:00,2020-08-19 19:00:00,2020-08-19 18:00:00,58,57.5,40.037,2.97783119697851,25.514,10.599,24.88,23.963,21.742,18.319,9.999,0.645,1,1,1,1,1,1,1,1.03,0.578,0.113
North Complex,2020,2020-08-20 03:00:00,2020-08-19 20:00:00,2020-08-19 19:00:00,59,58.5,49.569,3.6867925819374,27.992,2.33,27.358,26.441,24.323,19.526,14.137,7.868,0,1,1,1,1,1,1,9.532,1.756,0.899
North Complex,2020,2020-08-20 04:00:00,2020-08-19 21:00:00,2020-08-19 20:00:00,60,59.5,49.569,3.6867925819374,27.992,2.33,18.406,17.598,16.119,12.693,6.525,1.407,0,1,1,1,1,1,1,0,0,0
North Complex,2020,2020-08-20 05:00:00,2020-08-19 22:00:00,2020-08-19 21:00:00,61,60.5,49.569,3.6867925819374,27.992,2.33,18.307,17.355,15.919,11.112,2.961,0.079,0,1,1,1,1,1,1,0,0,0
North Complex,2020,2020-08-20 06:00:00,2020-08-19 23:00:00,2020-08-19 22:00:00,62,61.5,49.569,3.6867925819374,27.992,2.33,18.307,17.355,14.383,4.939,2.961,0.079,0,1,1,1,1,0,0,0,0,0
North Complex,2020,2020-08-20 07:00:00,2020-08-20 00:00:00,2020-08-19 23:00:00,63,62.5,49.569,3.6867925819374,27.992,2.33,10.45,7.895,2.59,4.939,2.961,0.079,0,1,1,1,0,0,0,0,0,0
North Complex,2020,2020-08-20 08:00:00,2020-08-20 01:00:00,2020-08-20 00:00:00,64,63.5,49.569,3.6867925819374,27.992,2.33,10.959,9.738,5.37,4.939,2.961,0.079,0,1,1,1,0,0,0,0,0,0
North Complex,2020,2020-08-20 09:00:00,2020-08-20 02:00:00,2020-08-20 01:00:00,65,64.5,49.569,3.6867925819374,27.992,2.33,11.18,9.112,4.836,2.703,2.961,0.079,0,1,1,1,1,0,0,0,0,0
North Complex,2020,2020-08-20 10:00:00,2020-08-20 03:00:00,2020-08-20 02:00:00,66,65.5,49.569,3.6867925819374,27.992,2.33,5.975,4.624,2.182,2.703,2.961,0.079,0,1,1,1,0,0,0,0,0,0
North Complex,2020,2020-08-20 11:00:00,2020-08-20 04:00:00,2020-08-20 03:00:00,67,66.5,49.569,3.6867925819374,27.992,2.33,10.858,8.382,4.545,2.703,2.961,0.079,0,1,1,1,0,0,0,0,0,0
North Complex,2020,2020-08-20 12:00:00,2020-08-20 05:00:00,2020-08-20 04:00:00,68,67.5,49.569,3.6867925819374,27.992,2.33,3.258,2.115,4.545,2.703,2.961,0.079,0,1,1,0,0,0,0,0,0,0
North Complex,2020,2020-08-20 13:00:00,2020-08-20 06:00:00,2020-08-20 05:00:00,69,68.5,49.569,3.6867925819374,27.992,2.33,10.813,6.518,3.986,0.101,2.961,0.079,0,1,1,1,1,0,0,0,0,0
North Complex,2020,2020-08-20 14:00:00,2020-08-20 07:00:00,2020-08-20 06:00:00,70,69.5,49.569,3.6867925819374,27.992,2.33,3.27,2.382,3.986,0.101,2.961,0.079,0,1,1,0,0,0,0,0,0,0
North Complex,2020,2020-08-20 15:00:00,2020-08-20 08:00:00,2020-08-20 07:00:00,71,70.5,49.569,3.6867925819374,27.992,2.33,3.27,2.382,3.986,0.101,2.961,0.079,0,1,1,0,0,0,0,0,0,0
North Complex,2020,2020-08-20 16:00:00,2020-08-20 09:00:00,2020-08-20 08:00:00,72,71.5,49.569,3.6867925819374,27.992,2.33,2.382,2.382,3.986,0.101,2.961,0.079,0,1,0,0,0,0,0,0,0,0
North Complex,2020,2020-08-20 17:00:00,2020-08-20 10:00:00,2020-08-20 09:00:00,73,72.5,49.569,3.6867925819374,27.992,2.33,5.93,3.439,3.986,0.101,2.961,0.079,0,1,1,0,0,0,0,0,0,0
North Complex,2020,2020-08-20 18:00:00,2020-08-20 11:00:00,2020-08-20 10:00:00,74,73.5,49.569,3.6867925819374,27.992,2.33,13.39,11.367,4.277,2.299,2.961,0.079,0,1,1,1,1,0,0,0,0,0
North Complex,2020,2020-08-20 19:00:00,2020-08-20 12:00:00,2020-08-20 11:00:00,75,74.5,49.569,3.6867925819374,27.992,2.33,17.799,15.252,9.419,2.299,2.961,0.079,1,1,1,1,1,0,0,0,0,0
North Complex,2020,2020-08-20 20:00:00,2020-08-20 13:00:00,2020-08-20 12:00:00,76,75.5,49.848,3.7075437596969,28.095,13.337,28.095,28.095,26.901,22.664,8.676,2.684,0,1,1,1,1,1,1,0.279,0.23,0.12
North Complex,2020,2020-08-20 21:00:00,2020-08-20 14:00:00,2020-08-20 13:00:00,77,76.5,49.848,3.7075437596969,28.095,13.337,27.46,26.543,23.232,18.544,9.297,1.883,1,1,1,1,1,1,1,0,0,0
North Complex,2020,2020-08-20 22:00:00,2020-08-20 15:00:00,2020-08-20 14:00:00,78,77.5,58.397,4.34339257211964,29.56,13.851,29.56,29.56,29.245,25.396,17.821,3.62,1,1,1,1,1,1,1,8.549,1.529,0.641
North Complex,2020,2020-08-20 23:00:00,2020-08-20 16:00:00,2020-08-20 15:00:00,79,78.5,64.953,4.83100806097722,30.7,7.357,30.065,29.148,27.043,23.971,17.543,2.893,0,1,1,1,1,1,1,6.556,1.314,0.473
North Complex,2020,2020-08-21 00:00:00,2020-08-20 17:00:00,2020-08-20 16:00:00,80,79.5,64.953,4.83100806097722,30.7,7.357,30.065,29.148,27.043,23.971,17.543,2.893,1,1,1,1,1,1,1,0,0,0
North Complex,2020,2020-08-21 01:00:00,2020-08-20 18:00:00,2020-08-20 17:00:00,81,80.5,67.522,5.02208252572328,31.67,3.203,27.446,23.821,22.101,19.977,14.709,9.366,0,1,1,1,1,1,1,2.569,0.933,0.349
North Complex,2020,2020-08-21 02:00:00,2020-08-20 19:00:00,2020-08-20 18:00:00,82,81.5,67.522,5.02208252572328,31.67,3.203,16.681,15.939,14.509,9.376,5.124,1,1,1,1,1,1,1,1,0,0,0
North Complex,2020,2020-08-21 03:00:00,2020-08-20 20:00:00,2020-08-20 19:00:00,83,82.5,68.051,5.06142794878699,31.773,19.11,16.716,15.428,10.996,7.536,4.011,1,0,1,1,1,1,1,0,0.529,0.254,0.165
North Complex,2020,2020-08-21 04:00:00,2020-08-20 21:00:00,2020-08-20 20:00:00,84,83.5,68.051,5.06142794878699,31.773,19.11,12.018,10.988,8.955,7.114,1.877,1,0,1,1,1,1,1,0,0,0,0
North Complex,2020,2020-08-21 05:00:00,2020-08-20 22:00:00,2020-08-20 21:00:00,85,84.5,68.051,5.06142794878699,31.773,19.109,9.889,8.928,6.727,7.114,1.877,1,0,1,1,1,0,0,0,0,0,0
North Complex,2020,2020-08-21 06:00:00,2020-08-20 23:00:00,2020-08-20 22:00:00,86,85.5,68.051,5.06142794878699,31.773,19.11,7.035,6.112,3.075,7.114,1.877,1,0,1,1,1,0,0,0,0,0,0
North Complex,2020,2020-08-21 07:00:00,2020-08-21 00:00:00,2020-08-20 23:00:00,87,86.5,68.051,5.06142794878699,31.773,19.11,7.035,6.112,3.075,7.114,1.877,1,0,1,1,1,0,0,0,0,0,0
North Complex,2020,2020-08-21 08:00:00,2020-08-21 01:00:00,2020-08-21 00:00:00,88,87.5,68.051,5.06142794878699,31.773,19.11,4.035,3.123,0.809,7.114,1.877,1,0,1,1,1,0,0,0,0,0,0
North Complex,2020,2020-08-21 09:00:00,2020-08-21 02:00:00,2020-08-21 01:00:00,89,88.5,68.051,5.06142794878699,31.773,19.11,4.035,3.123,0.809,7.114,1.877,1,0,1,1,1,0,0,0,0,0,0
North Complex,2020,2020-08-21 10:00:00,2020-08-21 03:00:00,2020-08-21 02:00:00,90,89.5,68.051,5.06142794878699,31.773,19.11,8.112,7.497,5.053,7.114,1.877,1,0,1,1,1,0,0,0,0,0,0
North Complex,2020,2020-08-21 11:00:00,2020-08-21 04:00:00,2020-08-21 03:00:00,91,90.5,68.051,5.06142794878699,31.773,19.11,8.112,7.497,5.053,7.114,1.877,1,0,0,0,0,0,0,0,0,0,0
North Complex,2020,2020-08-21 12:00:00,2020-08-21 05:00:00,2020-08-21 04:00:00,92,91.5,68.051,5.06142794878699,31.773,19.11,8.112,7.497,5.053,7.114,1.877,1,0,0,0,0,0,0,0,0,0,0
North Complex,2020,2020-08-21 13:00:00,2020-08-21 06:00:00,2020-08-21 05:00:00,93,92.5,68.051,5.06142794878699,31.773,19.11,8.112,7.497,5.053,7.114,1.877,1,0,0,0,0,0,0,0,0,0,0
North Complex,2020,2020-08-21 14:00:00,2020-08-21 07:00:00,2020-08-21 06:00:00,94,93.5,68.051,5.06142794878699,31.773,19.11,8.112,7.497,5.053,7.114,1.877,1,0,0,0,0,0,0,0,0,0,0
North Complex,2020,2020-08-21 15:00:00,2020-08-21 08:00:00,2020-08-21 07:00:00,95,94.5,68.051,5.06142794878699,31.773,19.11,8.112,7.497,5.053,7.114,1.877,1,0,0,0,0,0,0,0,0,0,0
North Complex,2020,2020-08-21 16:00:00,2020-08-21 09:00:00,2020-08-21 08:00:00,96,95.5,68.051,5.06142794878699,31.773,19.11,8.112,7.497,5.053,7.114,1.877,1,0,0,0,0,0,0,0,0,0,0
North Complex,2020,2020-08-21 17:00:00,2020-08-21 10:00:00,2020-08-21 09:00:00,97,96.5,68.051,5.06142794878699,31.773,19.11,8.112,7.497,5.053,7.114,1.877,1,0,0,0,0,0,0,0,0,0,0
North Complex,2020,2020-08-21 18:00:00,2020-08-21 11:00:00,2020-08-21 10:00:00,98,97.5,68.051,5.06142794878699,31.773,19.108,8.112,7.497,5.053,7.114,1.877,1,0,0,0,0,0,0,0,0,0,0
North Complex,2020,2020-08-21 19:00:00,2020-08-21 12:00:00,2020-08-21 11:00:00,99,98.5,68.051,5.06142794878699,31.773,19.11,8.112,7.497,5.053,7.114,1.877,1,0,0,0,0,0,0,0,0,0,0
North Complex,2020,2020-08-21 20:00:00,2020-08-21 13:00:00,2020-08-21 12:00:00,100,99.5,68.051,5.06142794878699,31.773,19.11,10.646,9.89,8.028,1.706,1.877,1,0,1,1,1,1,0,0,0,0,0
North Complex,2020,2020-08-21 21:00:00,2020-08-21 14:00:00,2020-08-21 13:00:00,101,100.5,68.051,5.06142794878699,31.773,19.11,19.297,17.937,15.201,11.689,5.671,1,1,1,1,1,1,1,0,0,0,0
North Complex,2020,2020-08-21 22:00:00,2020-08-21 15:00:00,2020-08-21 14:00:00,102,101.5,82.074,6.10441635639069,34.224,10.373,26.932,25.1,20.62,14.433,11.589,9.731,1,1,1,1,1,1,1,14.023,2.092,0.734
North Complex,2020,2020-08-21 23:00:00,2020-08-21 16:00:00,2020-08-21 15:00:00,103,102.5,86.67,6.44625296206328,35.704,6.629,28.695,25.65,19.005,13.335,11.493,3.829,1,1,1,1,1,1,1,4.596,1.769,0.443
North Complex,2020,2020-08-22 00:00:00,2020-08-21 17:00:00,2020-08-21 16:00:00,104,103.5,88.893,6.6115929913083,36.124,10.138,18.114,16.188,14.212,12.208,5.766,2.209,1,1,1,1,1,1,1,2.223,0.942,0.335
North Complex,2020,2020-08-22 01:00:00,2020-08-21 18:00:00,2020-08-21 17:00:00,105,104.5,92.112,6.8510124938453,36.354,3.778,17.723,16.256,14.26,12.255,9.891,2.35,1,1,1,1,1,1,1,3.219,1.358,0.318
North Complex,2020,2020-08-22 02:00:00,2020-08-21 19:00:00,2020-08-21 18:00:00,106,105.5,92.511,6.88068890935082,36.45,4.37,15.396,14.379,12.425,0.999,9.891,2.35,1,1,1,1,1,0,0,0.399,0.235,0.106
North Complex,2020,2020-08-22 03:00:00,2020-08-21 20:00:00,2020-08-21 19:00:00,107,106.5,93.658,6.96599930680653,36.926,8.782,16.717,15.83,14.09,12.292,4.19,1.666,1,1,1,1,1,1,1,1.147,0.503,0.262
North Complex,2020,2020-08-22 04:00:00,2020-08-21 21:00:00,2020-08-21 20:00:00,108,107.5,95.754,7.12189345943703,38.226,3.598,18.018,17.13,15.391,13.593,11.681,8.695,1,1,1,1,1,1,1,2.096,1.178,0.239
North Complex,2020,2020-08-22 05:00:00,2020-08-21 22:00:00,2020-08-21 21:00:00,109,108.5,96.075,7.14576847040763,38.311,8.827,18.103,17.215,15.015,11.157,7.642,5.229,0,1,1,1,1,1,1,0.321,0.195,0.089
North Complex,2020,2020-08-22 06:00:00,2020-08-21 23:00:00,2020-08-21 22:00:00,110,109.5,96.075,7.14576847040763,38.311,8.828,14.288,13.477,11.431,7.721,0.27,5.229,0,1,1,1,1,1,0,0,0,0
North Complex,2020,2020-08-22 07:00:00,2020-08-22 00:00:00,2020-08-21 23:00:00,111,110.5,96.075,7.14576847040763,38.311,8.828,11.207,10.719,8.341,1.122,0.27,5.229,0,1,1,1,1,0,0,0,0,0
North Complex,2020,2020-08-22 08:00:00,2020-08-22 01:00:00,2020-08-22 00:00:00,112,111.5,96.075,7.14576847040763,38.311,8.827,11.207,10.719,8.341,1.122,0.27,5.229,0,1,1,1,1,0,0,0,0,0
North Complex,2020,2020-08-22 09:00:00,2020-08-22 02:00:00,2020-08-22 01:00:00,113,112.5,96.075,7.14576847040763,38.311,8.827,7.926,7.328,3.076,0.146,0.27,5.229,0,1,1,1,1,0,0,0,0,0
North Complex,2020,2020-08-22 10:00:00,2020-08-22 03:00:00,2020-08-22 02:00:00,114,113.5,96.075,7.14576847040763,38.311,8.827,7.682,7.1,2.974,0.146,0.27,5.229,0,1,1,1,0,0,0,0,0,0
North Complex,2020,2020-08-22 11:00:00,2020-08-22 04:00:00,2020-08-22 03:00:00,115,114.5,96.075,7.14576847040763,38.311,8.827,7.682,7.1,2.974,0.146,0.27,5.229,0,1,1,1,0,0,0,0,0,0
North Complex,2020,2020-08-22 12:00:00,2020-08-22 05:00:00,2020-08-22 04:00:00,116,115.5,96.075,7.14576847040763,38.311,8.827,7.682,7.1,2.974,0.146,0.27,5.229,0,1,1,1,0,0,0,0,0,0
North Complex,2020,2020-08-22 13:00:00,2020-08-22 06:00:00,2020-08-22 05:00:00,117,116.5,96.075,7.14576847040763,38.311,8.827,7.682,7.1,2.974,0.146,0.27,5.229,0,1,1,1,0,0,0,0,0,0
North Complex,2020,2020-08-22 14:00:00,2020-08-22 07:00:00,2020-08-22 06:00:00,118,117.5,96.075,7.14576847040763,38.311,8.827,3.902,3.036,2.974,0.146,0.27,5.229,0,1,1,0,0,0,0,0,0,0
North Complex,2020,2020-08-22 15:00:00,2020-08-22 08:00:00,2020-08-22 07:00:00,119,118.5,96.075,7.14576847040763,38.311,8.828,1.717,3.036,2.974,0.146,0.27,5.229,0,1,0,0,0,0,0,0,0,0
North Complex,2020,2020-08-22 16:00:00,2020-08-22 09:00:00,2020-08-22 08:00:00,120,119.5,96.075,7.14576847040763,38.311,8.827,1.717,3.036,2.974,0.146,0.27,5.229,0,0,0,0,0,0,0,0,0,0
North Complex,2020,2020-08-22 17:00:00,2020-08-22 10:00:00,2020-08-22 09:00:00,121,120.5,96.075,7.14576847040763,38.311,8.827,1.717,3.036,2.974,0.146,0.27,5.229,0,0,0,0,0,0,0,0,0,0
North Complex,2020,2020-08-22 18:00:00,2020-08-22 11:00:00,2020-08-22 10:00:00,122,121.5,96.075,7.14576847040763,38.311,8.828,7.124,5.89,2.974,0.146,0.27,5.229,0,1,1,0,0,0,0,0,0,0
North Complex,2020,2020-08-22 19:00:00,2020-08-22 12:00:00,2020-08-22 11:00:00,123,122.5,96.075,7.14576847040763,38.311,8.828,7.124,5.89,2.974,0.146,0.27,5.229,0,1,1,0,0,0,0,0,0,0
North Complex,2020,2020-08-22 20:00:00,2020-08-22 13:00:00,2020-08-22 12:00:00,124,123.5,96.075,7.14576847040763,38.311,8.827,7.124,5.89,2.974,0.146,0.27,5.229,0,0,0,0,0,0,0,0,0,0
North Complex,2020,2020-08-22 21:00:00,2020-08-22 14:00:00,2020-08-22 13:00:00,125,124.5,96.075,7.14576847040763,38.311,8.827,9.178,8.336,4.84,0.146,0.27,5.229,0,1,1,1,0,0,0,0,0,0
North Complex,2020,2020-08-22 22:00:00,2020-08-22 15:00:00,2020-08-22 14:00:00,126,125.5,96.075,7.14576847040763,38.311,8.827,7.926,7.328,3.076,0.146,0.27,5.229,0,1,1,1,1,0,0,0,0,0
North Complex,2020,2020-08-22 23:00:00,2020-08-22 16:00:00,2020-08-22 15:00:00,127,126.5,96.075,7.14576847040763,38.311,8.828,23.238,21.273,17.085,12.354,10.28,6.341,1,1,1,1,1,1,1,0,0,0
North Complex,2020,2020-08-23 00:00:00,2020-08-22 17:00:00,2020-08-22 16:00:00,128,127.5,102.762,7.64312734380462,41.118,8.877,26.492,24.47,20.003,15.174,12.823,8.592,1,1,1,1,1,1,1,6.687,2.241,0.757
North Complex,2020,2020-08-23 01:00:00,2020-08-22 18:00:00,2020-08-22 17:00:00,129,128.5,103.492,7.69742254009291,41.341,1.155,23.385,22.584,20.524,15.843,12.634,1.821,1,1,1,1,1,1,1,0.73,0.302,0.082
North Complex,2020,2020-08-23 02:00:00,2020-08-22 19:00:00,2020-08-22 18:00:00,130,129.5,103.498,7.69786880198021,41.34,10.796,17.137,16.32,14.272,15.843,12.634,1.821,0,1,1,1,0,0,0,0.006,0.008,0.005
North Complex,2020,2020-08-23 03:00:00,2020-08-22 20:00:00,2020-08-22 19:00:00,131,130.5,103.498,7.69786880198021,41.34,10.796,18.134,17.006,14.882,11.94,9.47,6.551,0,1,1,1,1,1,1,0,0,0
North Complex,2020,2020-08-23 04:00:00,2020-08-22 21:00:00,2020-08-22 20:00:00,132,131.5,103.498,7.69786880198021,41.34,10.796,14.645,13.84,12.117,6.627,2.063,6.551,0,1,1,1,1,1,0,0,0,0
North Complex,2020,2020-08-23 05:00:00,2020-08-22 22:00:00,2020-08-22 21:00:00,133,132.5,103.498,7.69786880198021,41.34,10.796,9.152,7.416,3.237,6.627,2.063,6.551,0,1,1,1,0,0,0,0,0,0
North Complex,2020,2020-08-23 06:00:00,2020-08-22 23:00:00,2020-08-22 22:00:00,134,133.5,103.498,7.69786880198021,41.34,10.796,4.384,3.67,1.878,6.627,2.063,6.551,0,1,1,1,0,0,0,0,0,0
North Complex,2020,2020-08-23 07:00:00,2020-08-23 00:00:00,2020-08-22 23:00:00,135,134.5,103.498,7.69786880198021,41.34,10.796,3.67,2.433,1.878,6.627,2.063,6.551,0,1,1,0,0,0,0,0,0,0
North Complex,2020,2020-08-23 08:00:00,2020-08-23 01:00:00,2020-08-23 00:00:00,136,135.5,103.498,7.69786880198021,41.34,10.796,4.384,3.67,1.878,6.627,2.063,6.551,0,1,1,1,0,0,0,0,0,0
North Complex,2020,2020-08-23 09:00:00,2020-08-23 02:00:00,2020-08-23 01:00:00,137,136.5,103.498,7.69786880198021,41.34,10.796,4.384,3.67,1.878,6.627,2.063,6.551,0,1,1,1,0,0,0,0,0,0
North Complex,2020,2020-08-23 10:00:00,2020-08-23 03:00:00,2020-08-23 02:00:00,138,137.5,103.498,7.69786880198021,41.34,10.796,4.384,3.67,1.878,6.627,2.063,6.551,0,1,1,1,0,0,0,0,0,0
North Complex,2020,2020-08-23 11:00:00,2020-08-23 04:00:00,2020-08-23 03:00:00,139,138.5,103.498,7.69786880198021,41.34,10.796,4.384,3.67,1.878,6.627,2.063,6.551,0,1,1,1,0,0,0,0,0,0
North Complex,2020,2020-08-23 12:00:00,2020-08-23 05:00:00,2020-08-23 04:00:00,140,139.5,103.498,7.69786880198021,41.34,10.796,4.384,3.67,1.878,6.627,2.063,6.551,0,1,1,1,0,0,0,0,0,0
North Complex,2020,2020-08-23 13:00:00,2020-08-23 06:00:00,2020-08-23 05:00:00,141,140.5,103.498,7.69786880198021,41.34,10.796,4.384,3.67,1.878,6.627,2.063,6.551,0,1,1,1,0,0,0,0,0,0
North Complex,2020,2020-08-23 14:00:00,2020-08-23 07:00:00,2020-08-23 06:00:00,142,141.5,103.498,7.69786880198021,41.34,10.796,4.384,3.67,1.878,6.627,2.063,6.551,0,1,1,1,0,0,0,0,0,0
North Complex,2020,2020-08-23 15:00:00,2020-08-23 08:00:00,2020-08-23 07:00:00,143,142.5,103.498,7.69786880198021,41.34,10.796,4.384,3.67,1.878,6.627,2.063,6.551,0,1,1,1,0,0,0,0,0,0
North Complex,2020,2020-08-23 16:00:00,2020-08-23 09:00:00,2020-08-23 08:00:00,144,143.5,103.498,7.69786880198021,41.34,10.796,4.384,3.67,1.878,6.627,2.063,6.551,0,0,0,0,0,0,0,0,0,0
North Complex,2020,2020-08-23 17:00:00,2020-08-23 10:00:00,2020-08-23 09:00:00,145,144.5,103.498,7.69786880198021,41.34,10.796,4.384,3.67,1.878,6.627,2.063,6.551,0,0,0,0,0,0,0,0,0,0
North Complex,2020,2020-08-23 18:00:00,2020-08-23 11:00:00,2020-08-23 10:00:00,146,145.5,103.498,7.69786880198021,41.34,10.796,4.384,3.67,1.878,6.627,2.063,6.551,0,0,0,0,0,0,0,0,0,0
North Complex,2020,2020-08-23 19:00:00,2020-08-23 12:00:00,2020-08-23 11:00:00,147,146.5,103.498,7.69786880198021,41.34,10.796,4.384,3.67,1.878,6.627,2.063,6.551,0,0,0,0,0,0,0,0,0,0
North Complex,2020,2020-08-23 20:00:00,2020-08-23 13:00:00,2020-08-23 12:00:00,148,147.5,103.498,7.69786880198021,41.34,10.796,6.477,3.069,1.878,6.627,2.063,6.551,0,1,1,0,0,0,0,0,0,0
North Complex,2020,2020-08-23 21:00:00,2020-08-23 14:00:00,2020-08-23 13:00:00,149,148.5,103.498,7.69786880198021,41.34,10.796,13.692,12.053,6.306,6.627,2.063,6.551,1,1,1,1,0,0,0,0,0,0
North Complex,2020,2020-08-23 22:00:00,2020-08-23 15:00:00,2020-08-23 14:00:00,150,149.5,109.465,8.14167624890108,42.199,14.048,32.624,30.931,25.229,13.965,7.078,6.551,1,1,1,1,1,1,0,5.967,1.393,0.553
North Complex,2020,2020-08-23 23:00:00,2020-08-23 16:00:00,2020-08-23 15:00:00,151,150.5,120.618,8.97120272041247,44.163,9.529,34.269,32.721,27.33,17.416,14.844,8.03,1,1,1,1,1,1,1,11.153,2.099,0.794
North Complex,2020,2020-08-24 00:00:00,2020-08-23 17:00:00,2020-08-23 16:00:00,152,151.5,125.24,9.31497312759669,44.704,12.226,37.226,35.49,31.621,18.894,13.485,2.093,0,1,1,1,1,1,1,4.622,1.801,0.485
North Complex,2020,2020-08-24 01:00:00,2020-08-23 18:00:00,2020-08-23 17:00:00,153,152.5,125.24,9.31497312759669,44.704,12.226,30.596,28.862,21.924,9.049,5.071,2.093,0,1,1,1,1,1,0,0,0,0
North Complex,2020,2020-08-24 02:00:00,2020-08-23 19:00:00,2020-08-23 18:00:00,154,153.5,125.24,9.31497312759669,44.704,12.226,18.45,14.456,9.518,9.049,5.071,2.093,0,1,1,1,0,0,0,0,0,0
North Complex,2020,2020-08-24 03:00:00,2020-08-23 20:00:00,2020-08-23 19:00:00,155,154.5,125.24,9.31497312759669,44.704,12.226,13.73,11.517,6.853,1.675,5.071,2.093,0,1,1,1,1,0,0,0,0,0
North Complex,2020,2020-08-24 04:00:00,2020-08-23 21:00:00,2020-08-23 20:00:00,156,155.5,125.24,9.31497312759669,44.704,12.226,3.677,11.517,6.853,1.675,5.071,2.093,0,1,0,0,0,0,0,0,0,0
North Complex,2020,2020-08-24 05:00:00,2020-08-23 22:00:00,2020-08-23 21:00:00,157,156.5,125.24,9.31497312759669,44.704,12.226,3.677,11.517,6.853,1.675,5.071,2.093,0,0,0,0,0,0,0,0,0,0
North Complex,2020,2020-08-24 06:00:00,2020-08-23 23:00:00,2020-08-23 22:00:00,158,157.5,125.24,9.31497312759669,44.704,12.226,3.677,11.517,6.853,1.675,5.071,2.093,0,0,0,0,0,0,0,0,0,0
North Complex,2020,2020-08-24 07:00:00,2020-08-24 00:00:00,2020-08-23 23:00:00,159,158.5,125.24,9.31497312759669,44.704,12.226,3.677,11.517,6.853,1.675,5.071,2.093,0,0,0,0,0,0,0,0,0,0
North Complex,2020,2020-08-24 08:00:00,2020-08-24 01:00:00,2020-08-24 00:00:00,160,159.5,125.24,9.31497312759669,44.704,12.226,3.677,11.517,6.853,1.675,5.071,2.093,0,0,0,0,0,0,0,0,0,0
North Complex,2020,2020-08-24 09:00:00,2020-08-24 02:00:00,2020-08-24 01:00:00,161,160.5,125.24,9.31497312759669,44.704,12.226,3.677,11.517,6.853,1.675,5.071,2.093,0,0,0,0,0,0,0,0,0,0
North Complex,2020,2020-08-24 10:00:00,2020-08-24 03:00:00,2020-08-24 02:00:00,162,161.5,125.24,9.31497312759669,44.704,12.226,3.677,11.517,6.853,1.675,5.071,2.093,0,0,0,0,0,0,0,0,0,0
North Complex,2020,2020-08-24 11:00:00,2020-08-24 04:00:00,2020-08-24 03:00:00,163,162.5,125.24,9.31497312759669,44.704,12.226,5.202,3.212,6.853,1.675,5.071,2.093,0,1,1,0,0,0,0,0,0,0
North Complex,2020,2020-08-24 12:00:00,2020-08-24 05:00:00,2020-08-24 04:00:00,164,163.5,125.24,9.31497312759669,44.704,12.226,4.002,3.069,6.853,1.675,5.071,2.093,0,1,1,0,0,0,0,0,0,0
North Complex,2020,2020-08-24 13:00:00,2020-08-24 06:00:00,2020-08-24 05:00:00,165,164.5,125.24,9.31497312759669,44.704,12.226,4.002,3.069,6.853,1.675,5.071,2.093,0,0,0,0,0,0,0,0,0,0
North Complex,2020,2020-08-24 14:00:00,2020-08-24 07:00:00,2020-08-24 06:00:00,166,165.5,125.24,9.31497312759669,44.704,12.226,9.263,8.359,3.996,1.675,5.071,2.093,0,1,1,1,0,0,0,0,0,0
North Complex,2020,2020-08-24 15:00:00,2020-08-24 08:00:00,2020-08-24 07:00:00,167,166.5,128.064,9.52501372255303,51.544,5.239,17.369,16.329,11.399,4.687,5.071,2.093,0,1,1,1,1,0,0,2.824,1.403,0.231
North Complex,2020,2020-08-24 16:00:00,2020-08-24 09:00:00,2020-08-24 08:00:00,168,167.5,128.064,9.52501372255303,51.544,5.239,8.69,7.283,11.399,4.687,5.071,2.093,0,1,1,0,0,0,0,0,0,0
North Complex,2020,2020-08-24 17:00:00,2020-08-24 10:00:00,2020-08-24 09:00:00,169,168.5,128.064,9.52501372255303,51.544,5.239,11.483,9.162,3.996,4.687,5.071,2.093,0,1,1,1,0,0,0,0,0,0
North Complex,2020,2020-08-24 18:00:00,2020-08-24 11:00:00,2020-08-24 10:00:00,170,169.5,128.064,9.52501372255303,51.544,5.239,2.22,0.803,3.996,4.687,5.071,2.093,1,1,1,0,0,0,0,0,0,0
North Complex,2020,2020-08-24 19:00:00,2020-08-24 12:00:00,2020-08-24 11:00:00,171,170.5,129.567,9.63680232532194,52.938,7.682,13.59,12.006,6.3,0.498,5.071,2.093,1,1,1,1,1,0,0,1.503,0.889,0.287
North Complex,2020,2020-08-24 20:00:00,2020-08-24 13:00:00,2020-08-24 12:00:00,172,171.5,131.473,9.77856485152123,54.156,12.226,13.455,12.521,9.452,6.804,3.22,2.093,0,1,1,1,1,1,0,1.906,0.85,0.248
North Complex,2020,2020-08-24 21:00:00,2020-08-24 14:00:00,2020-08-24 13:00:00,173,172.5,131.473,9.77856485152123,54.156,12.226,22.852,21.293,16.207,13.343,7.229,3.674,0,1,1,1,1,1,1,0,0,0
North Complex,2020,2020-08-24 22:00:00,2020-08-24 15:00:00,2020-08-24 14:00:00,174,173.5,131.473,9.77856485152123,54.156,12.226,22.852,20.99,15.369,4.214,0.637,3.674,1,1,1,1,1,1,0,0,0,0
North Complex,2020,2020-08-24 23:00:00,2020-08-24 16:00:00,2020-08-24 15:00:00,175,174.5,138.744,10.3193598819489,55.933,6.007,30.524,28.534,23.245,9.522,2.974,3.674,1,1,1,1,1,1,0,7.271,1.752,0.595
North Complex,2020,2020-08-25 00:00:00,2020-08-24 17:00:00,2020-08-24 16:00:00,176,175.5,140.289,10.4342723179289,56.467,5.154,31.059,29.069,23.779,10.055,5.867,3.385,1,1,1,1,1,1,1,1.545,0.583,0.257
North Complex,2020,2020-08-25 01:00:00,2020-08-24 18:00:00,2020-08-24 17:00:00,177,176.5,141.883,10.5528292259885,56.267,3.725,20.324,16.604,12.325,7.643,2.838,3.385,0,1,1,1,1,1,0,1.594,0.715,0.309
North Complex,2020,2020-08-25 02:00:00,2020-08-24 19:00:00,2020-08-24 18:00:00,178,177.5,141.883,10.5528292259885,56.267,3.725,11.499,10.713,8.235,7.643,2.838,3.385,0,1,1,1,0,0,0,0,0,0
North Complex,2020,2020-08-25 03:00:00,2020-08-24 20:00:00,2020-08-24 19:00:00,179,178.5,141.883,10.5528292259885,56.267,3.725,16.273,14.747,11.196,5.303,2.838,3.385,0,1,1,1,1,0,0,0,0,0
North Complex,2020,2020-08-25 04:00:00,2020-08-24 21:00:00,2020-08-24 20:00:00,180,179.5,141.883,10.5528292259885,56.267,3.725,15.268,11.745,4.594,1.019,2.838,3.385,0,1,1,1,1,0,0,0,0,0
North Complex,2020,2020-08-25 05:00:00,2020-08-24 22:00:00,2020-08-24 21:00:00,181,180.5,141.883,10.5528292259885,56.267,3.725,9.855,7.135,1.891,1.019,2.838,3.385,0,1,1,1,0,0,0,0,0,0
North Complex,2020,2020-08-25 06:00:00,2020-08-24 23:00:00,2020-08-24 22:00:00,182,181.5,141.883,10.5528292259885,56.267,3.725,9.855,7.135,1.891,1.019,2.838,3.385,0,0,0,0,0,0,0,0,0,0
North Complex,2020,2020-08-25 07:00:00,2020-08-25 00:00:00,2020-08-24 23:00:00,183,182.5,141.883,10.5528292259885,56.267,3.725,9.855,7.135,1.891,1.019,2.838,3.385,0,0,0,0,0,0,0,0,0,0
North Complex,2020,2020-08-25 08:00:00,2020-08-25 01:00:00,2020-08-25 00:00:00,184,183.5,141.883,10.5528292259885,56.267,3.725,9.703,5.448,0.657,1.019,2.838,3.385,0,1,1,1,0,0,0,0,0,0
North Complex,2020,2020-08-25 09:00:00,2020-08-25 02:00:00,2020-08-25 01:00:00,185,184.5,141.883,10.5528292259885,56.267,3.725,9.703,5.448,0.657,1.019,2.838,3.385,0,0,0,0,0,0,0,0,0,0
North Complex,2020,2020-08-25 10:00:00,2020-08-25 03:00:00,2020-08-25 02:00:00,186,185.5,141.883,10.5528292259885,56.267,3.725,7.074,6.185,3.576,1.019,2.838,3.385,0,1,1,1,0,0,0,0,0,0
North Complex,2020,2020-08-25 11:00:00,2020-08-25 04:00:00,2020-08-25 03:00:00,187,186.5,141.883,10.5528292259885,56.267,3.725,4.208,3.472,1.356,1.019,2.838,3.385,0,1,1,1,0,0,0,0,0,0
North Complex,2020,2020-08-25 12:00:00,2020-08-25 05:00:00,2020-08-25 04:00:00,188,187.5,141.883,10.5528292259885,56.267,3.725,10.446,8.358,3.488,1.019,2.838,3.385,0,1,1,1,0,0,0,0,0,0
North Complex,2020,2020-08-25 13:00:00,2020-08-25 06:00:00,2020-08-25 05:00:00,189,188.5,141.883,10.5528292259885,56.267,3.725,4.773,4.122,2.86,1.019,2.838,3.385,0,1,1,1,1,0,0,0,0,0
North Complex,2020,2020-08-25 14:00:00,2020-08-25 07:00:00,2020-08-25 06:00:00,190,189.5,141.883,10.5528292259885,56.267,3.725,9.535,7.035,2.86,1.019,2.838,3.385,0,1,1,1,1,0,0,0,0,0
North Complex,2020,2020-08-25 15:00:00,2020-08-25 08:00:00,2020-08-25 07:00:00,191,190.5,141.883,10.5528292259885,56.267,3.725,9.535,7.035,2.86,1.019,2.838,3.385,0,0,0,0,0,0,0,0,0,0
North Complex,2020,2020-08-25 16:00:00,2020-08-25 09:00:00,2020-08-25 08:00:00,192,191.5,141.883,10.5528292259885,56.267,3.725,4.24,0.973,2.86,1.019,2.838,3.385,0,1,1,0,0,0,0,0,0,0
North Complex,2020,2020-08-25 17:00:00,2020-08-25 10:00:00,2020-08-25 09:00:00,193,192.5,141.883,10.5528292259885,56.267,3.725,8.362,4.113,1.016,1.019,2.838,3.385,0,1,1,1,0,0,0,0,0,0
North Complex,2020,2020-08-25 18:00:00,2020-08-25 11:00:00,2020-08-25 10:00:00,194,193.5,141.883,10.5528292259885,56.267,3.725,4.53,3.938,2.426,1.019,2.838,3.385,0,1,1,1,0,0,0,0,0,0
North Complex,2020,2020-08-25 19:00:00,2020-08-25 12:00:00,2020-08-25 11:00:00,195,194.5,141.883,10.5528292259885,56.267,3.725,3.938,2.783,2.426,1.019,2.838,3.385,0,1,1,0,0,0,0,0,0,0
North Complex,2020,2020-08-25 20:00:00,2020-08-25 13:00:00,2020-08-25 12:00:00,196,195.5,141.883,10.5528292259885,56.267,3.725,4.676,4.015,2.682,0.48,2.838,3.385,1,1,1,1,1,0,0,0,0,0
North Complex,2020,2020-08-25 21:00:00,2020-08-25 14:00:00,2020-08-25 13:00:00,197,196.5,142.384,10.5900920935781,56.735,2.625,9.92,9.92,7.808,1.528,2.838,3.385,0,1,1,1,1,0,0,0.501,0.238,0.134
North Complex,2020,2020-08-25 22:00:00,2020-08-25 15:00:00,2020-08-25 14:00:00,198,197.5,142.384,10.5900920935781,56.735,2.625,21.292,20.439,16.19,8.488,2.777,3.385,1,1,1,1,1,1,0,0,0,0
North Complex,2020,2020-08-25 23:00:00,2020-08-25 16:00:00,2020-08-25 15:00:00,199,198.5,143.469,10.6707911181984,57.877,3.573,22.69,21.987,18.769,10.168,1.264,3.385,0,1,1,1,1,1,0,1.085,0.854,0.413
North Complex,2020,2020-08-26 00:00:00,2020-08-25 17:00:00,2020-08-25 16:00:00,200,199.5,143.469,10.6707911181984,57.877,3.573,22.69,21.987,17.974,6.323,1.264,3.385,0,1,1,1,1,0,0,0,0,0
North Complex,2020,2020-08-26 01:00:00,2020-08-25 18:00:00,2020-08-25 17:00:00,201,200.5,143.469,10.6707911181984,57.877,3.573,22.515,19.584,11.433,3.869,1.264,3.385,1,1,1,1,1,0,0,0,0,0
North Complex,2020,2020-08-26 02:00:00,2020-08-25 19:00:00,2020-08-25 18:00:00,202,201.5,144.06,10.7147479140976,58.232,7.62,22.698,19.46,10.663,3.869,1.264,3.385,0,1,1,1,0,0,0,0.591,0.383,0.165
North Complex,2020,2020-08-26 03:00:00,2020-08-25 20:00:00,2020-08-25 19:00:00,203,202.5,144.06,10.7147479140976,58.232,7.62,10.151,7.468,1.14,3.869,1.264,3.385,0,1,1,1,0,0,0,0,0,0
North Complex,2020,2020-08-26 04:00:00,2020-08-25 21:00:00,2020-08-25 20:00:00,204,203.5,144.06,10.7147479140976,58.232,7.62,4.226,3.243,1.14,3.869,1.264,3.385,0,1,1,1,0,0,0,0,0,0
North Complex,2020,2020-08-26 05:00:00,2020-08-25 22:00:00,2020-08-25 21:00:00,205,204.5,144.06,10.7147479140976,58.232,7.62,6.226,4.208,1.14,3.869,1.264,3.385,0,1,1,1,0,0,0,0,0,0
North Complex,2020,2020-08-26 06:00:00,2020-08-25 23:00:00,2020-08-25 22:00:00,206,205.5,144.06,10.7147479140976,58.232,7.62,4.226,3.243,1.194,3.869,1.264,3.385,0,1,1,1,0,0,0,0,0,0
North Complex,2020,2020-08-26 07:00:00,2020-08-26 00:00:00,2020-08-25 23:00:00,207,206.5,144.06,10.7147479140976,58.232,7.62,4.226,3.243,1.14,3.869,1.264,3.385,0,1,1,1,0,0,0,0,0,0
North Complex,2020,2020-08-26 08:00:00,2020-08-26 01:00:00,2020-08-26 00:00:00,208,207.5,144.06,10.7147479140976,58.232,7.62,4.226,3.243,1.14,3.869,1.264,3.385,0,0,0,0,0,0,0,0,0,0
North Complex,2020,2020-08-26 09:00:00,2020-08-26 02:00:00,2020-08-26 01:00:00,209,208.5,144.06,10.7147479140976,58.232,7.62,4.226,3.243,1.14,3.869,1.264,3.385,0,0,0,0,0,0,0,0,0,0
North Complex,2020,2020-08-26 10:00:00,2020-08-26 03:00:00,2020-08-26 02:00:00,210,209.5,144.06,10.7147479140976,58.232,7.62,2,0.964,1.14,3.869,1.264,3.385,0,1,1,0,0,0,0,0,0,0
North Complex,2020,2020-08-26 11:00:00,2020-08-26 04:00:00,2020-08-26 03:00:00,211,210.5,144.06,10.7147479140976,58.232,7.62,0.964,0.964,1.14,3.869,1.264,3.385,0,1,0,0,0,0,0,0,0,0
North Complex,2020,2020-08-26 12:00:00,2020-08-26 05:00:00,2020-08-26 04:00:00,212,211.5,144.06,10.7147479140976,58.232,7.62,0.964,0.964,1.14,3.869,1.264,3.385,0,0,0,0,0,0,0,0,0,0
North Complex,2020,2020-08-26 13:00:00,2020-08-26 06:00:00,2020-08-26 05:00:00,213,212.5,144.06,10.7147479140976,58.232,7.62,0.964,0.964,1.14,3.869,1.264,3.385,0,0,0,0,0,0,0,0,0,0
North Complex,2020,2020-08-26 14:00:00,2020-08-26 07:00:00,2020-08-26 06:00:00,214,213.5,144.06,10.7147479140976,58.232,7.62,0.964,0.964,1.14,3.869,1.264,3.385,0,0,0,0,0,0,0,0,0,0
North Complex,2020,2020-08-26 15:00:00,2020-08-26 08:00:00,2020-08-26 07:00:00,215,214.5,144.06,10.7147479140976,58.232,7.62,0.964,0.964,1.14,3.869,1.264,3.385,0,0,0,0,0,0,0,0,0,0
North Complex,2020,2020-08-26 16:00:00,2020-08-26 09:00:00,2020-08-26 08:00:00,216,215.5,144.06,10.7147479140976,58.232,7.62,0.964,0.964,1.14,3.869,1.264,3.385,0,0,0,0,0,0,0,0,0,0
North Complex,2020,2020-08-26 17:00:00,2020-08-26 10:00:00,2020-08-26 09:00:00,217,216.5,144.06,10.7147479140976,58.232,7.62,0.964,0.964,1.14,3.869,1.264,3.385,0,0,0,0,0,0,0,0,0,0
North Complex,2020,2020-08-26 18:00:00,2020-08-26 11:00:00,2020-08-26 10:00:00,218,217.5,144.06,10.7147479140976,58.232,7.62,0.964,0.964,1.14,3.869,1.264,3.385,0,0,0,0,0,0,0,0,0,0
North Complex,2020,2020-08-26 19:00:00,2020-08-26 12:00:00,2020-08-26 11:00:00,219,218.5,144.06,10.7147479140976,58.232,7.62,4.778,3.688,0.885,3.869,1.264,3.385,1,1,1,1,0,0,0,0,0,0
North Complex,2020,2020-08-26 20:00:00,2020-08-26 13:00:00,2020-08-26 12:00:00,220,219.5,145.082,10.7907611889012,58.934,5.803,11.735,9.775,5.258,2.037,1.264,3.385,0,1,1,1,1,0,0,1.022,0.594,0.134
North Complex,2020,2020-08-26 21:00:00,2020-08-26 14:00:00,2020-08-26 13:00:00,221,220.5,145.082,10.7907611889012,58.934,5.803,4.399,3.803,2.193,2.037,1.264,3.385,1,1,1,1,0,0,0,0,0,0
North Complex,2020,2020-08-26 22:00:00,2020-08-26 15:00:00,2020-08-26 14:00:00,222,221.5,147.447,10.966662749479,61.362,7.655,22.389,19.87,13.104,5.538,1.7,3.385,0,1,1,1,1,1,0,2.365,1.274,0.408
North Complex,2020,2020-08-26 23:00:00,2020-08-26 16:00:00,2020-08-26 15:00:00,223,222.5,147.447,10.966662749479,61.362,7.655,23.728,20.987,14.525,7.677,1.7,3.385,0,1,1,1,1,0,0,0,0,0
North Complex,2020,2020-08-27 00:00:00,2020-08-26 17:00:00,2020-08-26 16:00:00,224,223.5,147.447,10.966662749479,61.362,7.655,23.047,20.611,12.236,4.462,0.534,3.385,0,1,1,1,1,1,0,0,0,0
North Complex,2020,2020-08-27 01:00:00,2020-08-26 18:00:00,2020-08-26 17:00:00,225,224.5,147.447,10.966662749479,61.362,7.655,10.801,6.162,0.885,4.462,0.534,3.385,0,1,1,1,0,0,0,0,0,0
North Complex,2020,2020-08-27 02:00:00,2020-08-26 19:00:00,2020-08-26 18:00:00,226,225.5,147.447,10.966662749479,61.362,7.655,8.877,6.632,0.885,4.462,0.534,3.385,0,1,1,1,0,0,0,0,0,0
North Complex,2020,2020-08-27 03:00:00,2020-08-26 20:00:00,2020-08-26 19:00:00,227,226.5,147.447,10.966662749479,61.362,7.655,8.877,6.632,0.885,4.462,0.534,3.385,0,1,1,1,0,0,0,0,0,0
North Complex,2020,2020-08-27 04:00:00,2020-08-26 21:00:00,2020-08-26 20:00:00,228,227.5,147.447,10.966662749479,61.362,7.655,9.47,7.487,2.339,4.462,0.534,3.385,0,1,1,1,0,0,0,0,0,0
North Complex,2020,2020-08-27 05:00:00,2020-08-26 22:00:00,2020-08-26 21:00:00,229,228.5,147.447,10.966662749479,61.362,7.655,10.934,8.006,4.867,4.462,0.534,3.385,0,1,1,1,0,0,0,0,0,0
North Complex,2020,2020-08-27 06:00:00,2020-08-26 23:00:00,2020-08-26 22:00:00,230,229.5,147.447,10.966662749479,61.362,7.655,5.371,4.544,2.339,4.462,0.534,3.385,0,1,1,1,0,0,0,0,0,0
North Complex,2020,2020-08-27 07:00:00,2020-08-27 00:00:00,2020-08-26 23:00:00,231,230.5,147.447,10.966662749479,61.362,7.655,5.371,4.544,2.339,4.462,0.534,3.385,0,0,0,0,0,0,0,0,0,0
North Complex,2020,2020-08-27 08:00:00,2020-08-27 01:00:00,2020-08-27 00:00:00,232,231.5,147.447,10.966662749479,61.362,7.655,5.371,4.544,2.339,4.462,0.534,3.385,0,0,0,0,0,0,0,0,0,0
North Complex,2020,2020-08-27 09:00:00,2020-08-27 02:00:00,2020-08-27 01:00:00,233,232.5,147.447,10.966662749479,61.362,7.655,4.246,3.274,1.269,4.462,0.534,3.385,0,1,1,1,0,0,0,0,0,0
North Complex,2020,2020-08-27 10:00:00,2020-08-27 03:00:00,2020-08-27 02:00:00,234,233.5,147.447,10.966662749479,61.362,7.655,4.246,3.274,1.269,4.462,0.534,3.385,0,1,1,1,0,0,0,0,0,0
North Complex,2020,2020-08-27 11:00:00,2020-08-27 04:00:00,2020-08-27 03:00:00,235,234.5,147.447,10.966662749479,61.362,7.655,4.246,3.274,1.164,4.462,0.534,3.385,0,1,1,1,0,0,0,0,0,0
North Complex,2020,2020-08-27 12:00:00,2020-08-27 05:00:00,2020-08-27 04:00:00,236,235.5,147.447,10.966662749479,61.362,7.655,4.246,3.274,1.269,4.462,0.534,3.385,0,1,1,1,0,0,0,0,0,0
North Complex,2020,2020-08-27 13:00:00,2020-08-27 06:00:00,2020-08-27 05:00:00,237,236.5,147.447,10.966662749479,61.362,7.655,4.246,3.274,1.269,4.462,0.534,3.385,0,1,1,1,0,0,0,0,0,0
North Complex,2020,2020-08-27 14:00:00,2020-08-27 07:00:00,2020-08-27 06:00:00,238,237.5,147.447,10.966662749479,61.362,7.655,4.246,3.274,1.269,4.462,0.534,3.385,0,0,0,0,0,0,0,0,0,0
North Complex,2020,2020-08-27 15:00:00,2020-08-27 08:00:00,2020-08-27 07:00:00,239,238.5,147.447,10.966662749479,61.362,7.655,4.246,3.274,1.269,4.462,0.534,3.385,0,0,0,0,0,0,0,0,0,0
North Complex,2020,2020-08-27 16:00:00,2020-08-27 09:00:00,2020-08-27 08:00:00,240,239.5,147.447,10.966662749479,61.362,7.655,4.246,3.274,1.269,4.462,0.534,3.385,0,0,0,0,0,0,0,0,0,0
North Complex,2020,2020-08-27 17:00:00,2020-08-27 10:00:00,2020-08-27 09:00:00,241,240.5,147.447,10.966662749479,61.362,7.655,4.246,3.274,1.164,4.462,0.534,3.385,0,1,1,1,0,0,0,0,0,0
North Complex,2020,2020-08-27 18:00:00,2020-08-27 11:00:00,2020-08-27 10:00:00,242,241.5,147.447,10.966662749479,61.362,7.655,4.068,2.944,0.463,4.462,0.534,3.385,0,1,1,1,0,0,0,0,0,0
North Complex,2020,2020-08-27 19:00:00,2020-08-27 12:00:00,2020-08-27 11:00:00,243,242.5,147.447,10.966662749479,61.362,7.655,4.068,2.944,0.463,4.462,0.534,3.385,0,0,0,0,0,0,0,0,0,0
North Complex,2020,2020-08-27 20:00:00,2020-08-27 13:00:00,2020-08-27 12:00:00,244,243.5,147.447,10.966662749479,61.362,7.655,4.778,3.688,0.885,4.462,0.534,3.385,0,1,1,1,0,0,0,0,0,0
North Complex,2020,2020-08-27 21:00:00,2020-08-27 14:00:00,2020-08-27 13:00:00,245,244.5,147.447,10.966662749479,61.362,7.655,4.778,3.688,0.885,4.462,0.534,3.385,0,1,1,1,0,0,0,0,0,0
North Complex,2020,2020-08-27 22:00:00,2020-08-27 15:00:00,2020-08-27 14:00:00,246,245.5,147.447,10.966662749479,61.362,7.655,16.126,13.038,4.408,4.462,0.534,3.385,0,1,1,1,0,0,0,0,0,0
North Complex,2020,2020-08-27 23:00:00,2020-08-27 16:00:00,2020-08-27 15:00:00,247,246.5,147.447,10.966662749479,61.362,7.655,13.461,11.758,7.149,3.526,0.534,3.385,0,1,1,1,1,0,0,0,0,0
North Complex,2020,2020-08-28 00:00:00,2020-08-27 17:00:00,2020-08-27 16:00:00,248,247.5,147.447,10.966662749479,61.362,7.655,11.757,9.251,4.861,3.526,0.534,3.385,0,1,1,1,0,0,0,0,0,0
North Complex,2020,2020-08-28 01:00:00,2020-08-27 18:00:00,2020-08-27 17:00:00,249,248.5,147.447,10.966662749479,61.362,7.655,12.609,10.471,5.31,2.305,0.534,3.385,0,1,1,1,1,0,0,0,0,0
North Complex,2020,2020-08-28 02:00:00,2020-08-27 19:00:00,2020-08-27 18:00:00,250,249.5,147.447,10.966662749479,61.362,7.655,10.149,8.232,3.224,2.305,0.534,3.385,0,1,1,1,0,0,0,0,0,0
North Complex,2020,2020-08-28 03:00:00,2020-08-27 20:00:00,2020-08-27 19:00:00,251,250.5,147.447,10.966662749479,61.362,7.655,13.204,11.44,5.712,1.309,0.534,3.385,0,1,1,1,1,0,0,0,0,0
North Complex,2020,2020-08-28 04:00:00,2020-08-27 21:00:00,2020-08-27 20:00:00,252,251.5,147.447,10.966662749479,61.362,7.655,10.703,7.912,0.885,1.309,0.534,3.385,0,1,1,1,0,0,0,0,0,0
North Complex,2020,2020-08-28 05:00:00,2020-08-27 22:00:00,2020-08-27 21:00:00,253,252.5,147.447,10.966662749479,61.362,7.655,10.149,8.232,3.224,1.309,0.534,3.385,0,1,1,1,0,0,0,0,0,0
North Complex,2020,2020-08-28 06:00:00,2020-08-27 23:00:00,2020-08-27 22:00:00,254,253.5,147.447,10.966662749479,61.362,7.655,10.149,8.232,3.224,1.309,0.534,3.385,0,0,0,0,0,0,0,0,0,0
North Complex,2020,2020-08-28 07:00:00,2020-08-28 00:00:00,2020-08-27 23:00:00,255,254.5,147.447,10.966662749479,61.362,7.655,10.149,8.232,3.224,1.309,0.534,3.385,0,0,0,0,0,0,0,0,0,0
North Complex,2020,2020-08-28 08:00:00,2020-08-28 01:00:00,2020-08-28 00:00:00,256,255.5,147.447,10.966662749479,61.362,7.655,5.371,4.544,2.339,1.309,0.534,3.385,0,1,1,1,0,0,0,0,0,0
North Complex,2020,2020-08-28 09:00:00,2020-08-28 02:00:00,2020-08-28 01:00:00,257,256.5,147.447,10.966662749479,61.362,7.655,5.371,4.544,2.339,1.309,0.534,3.385,0,0,0,0,0,0,0,0,0,0
North Complex,2020,2020-08-28 10:00:00,2020-08-28 03:00:00,2020-08-28 02:00:00,258,257.5,147.447,10.966662749479,61.362,7.655,5.371,4.544,2.339,1.309,0.534,3.385,0,0,0,0,0,0,0,0,0,0
North Complex,2020,2020-08-28 11:00:00,2020-08-28 04:00:00,2020-08-28 03:00:00,259,258.5,147.447,10.966662749479,61.362,7.655,5.371,4.544,2.339,1.309,0.534,3.385,0,0,0,0,0,0,0,0,0,0
North Complex,2020,2020-08-28 12:00:00,2020-08-28 05:00:00,2020-08-28 04:00:00,260,259.5,147.447,10.966662749479,61.362,7.655,5.371,4.544,2.339,1.309,0.534,3.385,0,0,0,0,0,0,0,0,0,0
North Complex,2020,2020-08-28 13:00:00,2020-08-28 06:00:00,2020-08-28 05:00:00,261,260.5,147.447,10.966662749479,61.362,7.655,5.371,4.544,2.339,1.309,0.534,3.385,0,0,0,0,0,0,0,0,0,0
North Complex,2020,2020-08-28 14:00:00,2020-08-28 07:00:00,2020-08-28 06:00:00,262,261.5,147.447,10.966662749479,61.362,7.655,5.371,4.544,2.339,1.309,0.534,3.385,0,0,0,0,0,0,0,0,0,0
North Complex,2020,2020-08-28 15:00:00,2020-08-28 08:00:00,2020-08-28 07:00:00,263,262.5,147.447,10.966662749479,61.362,7.655,5.371,4.544,2.339,1.309,0.534,3.385,0,0,0,0,0,0,0,0,0,0
North Complex,2020,2020-08-28 16:00:00,2020-08-28 09:00:00,2020-08-28 08:00:00,264,263.5,147.447,10.966662749479,61.362,7.655,5.371,4.544,2.339,1.309,0.534,3.385,0,0,0,0,0,0,0,0,0,0
North Complex,2020,2020-08-28 17:00:00,2020-08-28 10:00:00,2020-08-28 09:00:00,265,264.5,147.447,10.966662749479,61.362,7.655,6.836,5.369,2.393,1.309,0.534,3.385,0,1,1,1,0,0,0,0,0,0
North Complex,2020,2020-08-28 18:00:00,2020-08-28 11:00:00,2020-08-28 10:00:00,266,265.5,147.447,10.966662749479,61.362,7.655,6.836,5.369,2.393,1.309,0.534,3.385,0,1,1,1,0,0,0,0,0,0
North Complex,2020,2020-08-28 19:00:00,2020-08-28 12:00:00,2020-08-28 11:00:00,267,266.5,147.447,10.966662749479,61.362,7.655,6.836,5.369,2.393,1.309,0.534,3.385,0,0,0,0,0,0,0,0,0,0
North Complex,2020,2020-08-28 20:00:00,2020-08-28 13:00:00,2020-08-28 12:00:00,268,267.5,147.447,10.966662749479,61.362,7.655,9.954,7.012,0.885,1.309,0.534,3.385,0,1,1,1,0,0,0,0,0,0
North Complex,2020,2020-08-28 21:00:00,2020-08-28 14:00:00,2020-08-28 13:00:00,269,268.5,147.447,10.966662749479,61.362,7.655,7.699,6.886,5.565,3.43,0.679,3.385,1,1,1,1,1,1,0,0,0,0
North Complex,2020,2020-08-28 22:00:00,2020-08-28 15:00:00,2020-08-28 14:00:00,270,269.5,151.705,11.2833599355003,63.121,5.474,16.939,14.099,7.757,3.43,0.679,3.385,0,1,1,1,0,0,0,4.258,1.65,0.556
North Complex,2020,2020-08-28 23:00:00,2020-08-28 16:00:00,2020-08-28 15:00:00,271,270.5,151.705,11.2833599355003,63.121,5.474,12.948,8.915,3.84,1.488,0.679,3.385,0,1,1,1,1,0,0,0,0,0
North Complex,2020,2020-08-29 00:00:00,2020-08-28 17:00:00,2020-08-28 16:00:00,272,271.5,151.705,11.2833599355003,63.121,5.473,21.084,18.012,9.999,3.561,0.679,3.385,1,1,1,1,1,0,0,0,0,0
North Complex,2020,2020-08-29 01:00:00,2020-08-28 18:00:00,2020-08-28 17:00:00,273,272.5,153.35,11.405710069602,64.15,1.863,20.889,15.001,6.79,3.062,0.679,3.385,1,1,1,1,1,0,0,1.645,0.879,0.301
North Complex,2020,2020-08-29 02:00:00,2020-08-28 19:00:00,2020-08-28 18:00:00,274,273.5,153.385,11.4083132639446,64.173,4.638,12.644,10.93,6.843,3.062,0.679,3.385,0,1,1,1,0,0,0,0.035,0.04,0.019
North Complex,2020,2020-08-29 03:00:00,2020-08-28 20:00:00,2020-08-28 19:00:00,275,274.5,153.385,11.4083132639446,64.173,4.638,17.485,12.953,8.605,3.681,0.679,3.385,0,1,1,1,1,0,0,0,0,0
North Complex,2020,2020-08-29 04:00:00,2020-08-28 21:00:00,2020-08-28 20:00:00,276,275.5,153.385,11.4083132639446,64.173,4.638,15.224,10.515,6.236,2.166,0.679,3.385,0,1,1,1,1,0,0,0,0,0
North Complex,2020,2020-08-29 05:00:00,2020-08-28 22:00:00,2020-08-28 21:00:00,277,276.5,153.385,11.4083132639446,64.173,4.638,10.145,6.304,4.502,2.166,0.679,3.385,0,1,1,1,1,0,0,0,0,0
North Complex,2020,2020-08-29 06:00:00,2020-08-28 23:00:00,2020-08-28 22:00:00,278,277.5,153.385,11.4083132639446,64.173,4.638,10.145,6.304,4.502,2.166,0.679,3.385,0,1,1,1,1,0,0,0,0,0
North Complex,2020,2020-08-29 07:00:00,2020-08-29 00:00:00,2020-08-28 23:00:00,279,278.5,153.385,11.4083132639446,64.173,4.638,10.145,6.304,4.502,2.166,0.679,3.385,0,1,1,1,1,0,0,0,0,0
North Complex,2020,2020-08-29 08:00:00,2020-08-29 01:00:00,2020-08-29 00:00:00,280,279.5,153.385,11.4083132639446,64.173,4.638,10.145,6.304,4.502,2.166,0.679,3.385,0,1,1,1,1,0,0,0,0,0
North Complex,2020,2020-08-29 09:00:00,2020-08-29 02:00:00,2020-08-29 01:00:00,281,280.5,153.385,11.4083132639446,64.173,4.638,10.145,6.304,4.502,2.166,0.679,3.385,0,1,1,1,1,0,0,0,0,0
North Complex,2020,2020-08-29 10:00:00,2020-08-29 03:00:00,2020-08-29 02:00:00,282,281.5,153.385,11.4083132639446,64.173,4.638,10.007,6.1,3.471,2.166,0.679,3.385,0,1,1,1,0,0,0,0,0,0
North Complex,2020,2020-08-29 11:00:00,2020-08-29 04:00:00,2020-08-29 03:00:00,283,282.5,153.385,11.4083132639446,64.173,4.638,10.145,6.304,4.502,2.166,0.679,3.385,0,1,1,1,1,0,0,0,0,0
North Complex,2020,2020-08-29 12:00:00,2020-08-29 05:00:00,2020-08-29 04:00:00,284,283.5,153.385,11.4083132639446,64.173,4.638,10.145,6.304,4.502,2.166,0.679,3.385,0,1,1,1,1,0,0,0,0,0
North Complex,2020,2020-08-29 13:00:00,2020-08-29 06:00:00,2020-08-29 05:00:00,285,284.5,153.385,11.4083132639446,64.173,4.638,10.145,6.304,4.502,2.166,0.679,3.385,0,1,1,1,1,0,0,0,0,0
North Complex,2020,2020-08-29 14:00:00,2020-08-29 07:00:00,2020-08-29 06:00:00,286,285.5,153.385,11.4083132639446,64.173,4.638,10.145,6.304,4.502,2.166,0.679,3.385,0,1,1,1,1,0,0,0,0,0
North Complex,2020,2020-08-29 15:00:00,2020-08-29 08:00:00,2020-08-29 07:00:00,287,286.5,153.385,11.4083132639446,64.173,4.638,6.202,4.55,4.502,2.166,0.679,3.385,0,1,1,0,0,0,0,0,0,0
North Complex,2020,2020-08-29 16:00:00,2020-08-29 09:00:00,2020-08-29 08:00:00,288,287.5,153.385,11.4083132639446,64.173,4.638,10.099,6.202,3.778,2.166,0.679,3.385,0,1,1,1,0,0,0,0,0,0
North Complex,2020,2020-08-29 17:00:00,2020-08-29 10:00:00,2020-08-29 09:00:00,289,288.5,153.385,11.4083132639446,64.173,4.638,10.007,6.1,3.471,2.166,0.679,3.385,0,1,1,1,0,0,0,0,0,0
North Complex,2020,2020-08-29 18:00:00,2020-08-29 11:00:00,2020-08-29 10:00:00,290,289.5,153.385,11.4083132639446,64.173,4.638,10.007,6.1,3.471,2.166,0.679,3.385,1,1,1,1,0,0,0,0,0,0
North Complex,2020,2020-08-29 19:00:00,2020-08-29 12:00:00,2020-08-29 11:00:00,291,290.5,154.765,11.5109534980238,65.206,5.546,5.628,4.67,2.444,2.166,0.679,3.385,0,1,1,1,0,0,0,1.38,0.967,0.298
North Complex,2020,2020-08-29 20:00:00,2020-08-29 13:00:00,2020-08-29 12:00:00,292,291.5,154.765,11.5109534980238,65.206,5.546,12.491,7.521,4.502,2.166,0.679,3.385,1,1,1,1,1,0,0,0,0,0
North Complex,2020,2020-08-29 21:00:00,2020-08-29 14:00:00,2020-08-29 13:00:00,293,292.5,157.097,11.6844006182215,69.155,6.817,18.652,12.808,6.757,2.637,0.679,3.385,1,1,1,1,1,0,0,2.332,1.384,0.42
North Complex,2020,2020-08-29 22:00:00,2020-08-29 15:00:00,2020-08-29 14:00:00,294,293.5,160.335,11.9252332834016,72.108,6.449,21.353,16.962,13.144,6.145,0.679,3.385,1,1,1,1,1,0,0,3.238,1.068,0.475
North Complex,2020,2020-08-29 23:00:00,2020-08-29 16:00:00,2020-08-29 15:00:00,295,294.5,162.52,12.0877469873604,74.203,5.59,26.026,20.734,15.401,5.976,3.914,3.385,0,1,1,1,1,1,0,2.185,1.499,0.339
North Complex,2020,2020-08-30 00:00:00,2020-08-29 17:00:00,2020-08-29 16:00:00,296,295.5,162.52,12.0877469873604,74.203,5.59,20.934,16.668,11.759,5.976,3.914,3.385,1,1,1,1,1,1,0,0,0,0
North Complex,2020,2020-08-30 01:00:00,2020-08-29 18:00:00,2020-08-29 17:00:00,297,296.5,163.946,12.1938085625756,75.29,5.621,30.746,25.42,17.752,8.673,3.279,3.385,0,1,1,1,1,1,0,1.426,0.857,0.255
North Complex,2020,2020-08-30 02:00:00,2020-08-29 19:00:00,2020-08-29 18:00:00,298,297.5,163.946,12.1938085625756,75.29,5.621,22.093,18.951,10.989,8.673,3.279,3.385,1,1,1,1,0,0,0,0,0,0
North Complex,2020,2020-08-30 03:00:00,2020-08-29 20:00:00,2020-08-29 19:00:00,299,298.5,164.912,12.265656726431,76.902,0.719,24.49,18.148,11.403,3.111,3.279,3.385,0,1,1,1,1,0,0,0.966,0.959,0.172
North Complex,2020,2020-08-30 04:00:00,2020-08-29 21:00:00,2020-08-29 20:00:00,300,299.5,164.912,12.265656726431,76.902,0.719,24.49,18.148,11.403,3.111,3.279,3.385,0,1,1,1,1,0,0,0,0,0
North Complex,2020,2020-08-30 05:00:00,2020-08-29 22:00:00,2020-08-29 21:00:00,301,300.5,164.912,12.265656726431,76.902,0.719,19.641,15.19,10.143,3.111,3.279,3.385,0,1,1,1,0,0,0,0,0,0
North Complex,2020,2020-08-30 06:00:00,2020-08-29 23:00:00,2020-08-29 22:00:00,302,301.5,164.912,12.265656726431,76.902,0.719,18.805,13.145,7.983,2.212,3.279,3.385,0,1,1,1,1,0,0,0,0,0
North Complex,2020,2020-08-30 07:00:00,2020-08-30 00:00:00,2020-08-29 23:00:00,303,302.5,164.912,12.265656726431,76.902,0.719,17.874,12.793,6.779,2.212,3.279,3.385,0,1,1,1,0,0,0,0,0,0
North Complex,2020,2020-08-30 08:00:00,2020-08-30 01:00:00,2020-08-30 00:00:00,304,303.5,164.912,12.265656726431,76.902,0.719,13.608,9.776,7.248,3.563,3.279,3.385,0,1,1,1,1,0,0,0,0,0
North Complex,2020,2020-08-30 09:00:00,2020-08-30 02:00:00,2020-08-30 01:00:00,305,304.5,164.912,12.265656726431,76.902,0.719,4.727,3.667,1.101,3.563,3.279,3.385,0,1,1,1,0,0,0,0,0,0
North Complex,2020,2020-08-30 10:00:00,2020-08-30 03:00:00,2020-08-30 02:00:00,306,305.5,164.912,12.265656726431,76.902,0.719,7.581,7.003,5.526,3.704,1.472,3.385,0,1,1,1,1,1,0,0,0,0
North Complex,2020,2020-08-30 11:00:00,2020-08-30 04:00:00,2020-08-30 03:00:00,307,306.5,164.912,12.265656726431,76.902,0.719,7.581,7.003,5.526,3.704,1.472,3.385,0,0,0,0,0,0,0,0,0,0
North Complex,2020,2020-08-30 12:00:00,2020-08-30 05:00:00,2020-08-30 04:00:00,308,307.5,164.912,12.265656726431,76.902,0.719,7.581,7.003,5.526,3.704,1.472,3.385,0,0,0,0,0,0,0,0,0,0
North Complex,2020,2020-08-30 13:00:00,2020-08-30 06:00:00,2020-08-30 05:00:00,309,308.5,164.912,12.265656726431,76.902,0.719,5.474,4.66,2.582,3.704,1.472,3.385,0,1,1,1,0,0,0,0,0,0
North Complex,2020,2020-08-30 14:00:00,2020-08-30 07:00:00,2020-08-30 06:00:00,310,309.5,164.912,12.265656726431,76.902,0.719,5.474,4.66,2.582,3.704,1.472,3.385,0,0,0,0,0,0,0,0,0,0
North Complex,2020,2020-08-30 15:00:00,2020-08-30 08:00:00,2020-08-30 07:00:00,311,310.5,164.912,12.265656726431,76.902,0.719,5.474,4.66,2.582,3.704,1.472,3.385,0,0,0,0,0,0,0,0,0,0
North Complex,2020,2020-08-30 16:00:00,2020-08-30 09:00:00,2020-08-30 08:00:00,312,311.5,164.912,12.265656726431,76.902,0.719,5.474,4.66,2.582,3.704,1.472,3.385,0,0,0,0,0,0,0,0,0,0
North Complex,2020,2020-08-30 17:00:00,2020-08-30 10:00:00,2020-08-30 09:00:00,313,312.5,164.912,12.265656726431,76.902,0.719,5.474,4.66,2.582,3.704,1.472,3.385,0,0,0,0,0,0,0,0,0,0
North Complex,2020,2020-08-30 18:00:00,2020-08-30 11:00:00,2020-08-30 10:00:00,314,313.5,164.912,12.265656726431,76.902,0.719,5.474,4.66,2.582,3.704,1.472,3.385,0,0,0,0,0,0,0,0,0,0
North Complex,2020,2020-08-30 19:00:00,2020-08-30 12:00:00,2020-08-30 11:00:00,315,314.5,164.912,12.265656726431,76.902,0.719,5.474,4.66,2.582,3.704,1.472,3.385,0,0,0,0,0,0,0,0,0,0
North Complex,2020,2020-08-30 20:00:00,2020-08-30 13:00:00,2020-08-30 12:00:00,316,315.5,164.912,12.265656726431,76.902,0.719,5.474,4.66,2.582,3.704,1.472,3.385,0,0,0,0,0,0,0,0,0,0
North Complex,2020,2020-08-30 21:00:00,2020-08-30 14:00:00,2020-08-30 13:00:00,317,316.5,164.912,12.265656726431,76.902,0.719,11.824,9.569,3.439,3.704,1.472,3.385,0,1,1,1,0,0,0,0,0,0
North Complex,2020,2020-08-30 22:00:00,2020-08-30 15:00:00,2020-08-30 14:00:00,318,317.5,164.912,12.265656726431,76.902,0.719,11.824,9.674,4.832,3.704,1.472,3.385,0,1,1,1,0,0,0,0,0,0
North Complex,2020,2020-08-30 23:00:00,2020-08-30 16:00:00,2020-08-30 15:00:00,319,318.5,164.912,12.265656726431,76.902,0.719,17.285,12.742,8.764,0.614,1.472,3.385,0,1,1,1,1,0,0,0,0,0
North Complex,2020,2020-08-31 00:00:00,2020-08-30 17:00:00,2020-08-30 16:00:00,320,319.5,164.912,12.265656726431,76.902,0.719,20.666,15.954,10.174,3.033,1.472,3.385,0,1,1,1,1,0,0,0,0,0
North Complex,2020,2020-08-31 01:00:00,2020-08-30 18:00:00,2020-08-30 17:00:00,321,320.5,164.912,12.265656726431,76.902,0.719,22.073,18.874,12.142,3.321,1.472,3.385,1,1,1,1,1,0,0,0,0,0
North Complex,2020,2020-08-31 02:00:00,2020-08-30 19:00:00,2020-08-30 18:00:00,322,321.5,164.931,12.2670698890742,76.928,1.4,13.579,10.239,7.826,4.624,1.367,3.385,0,1,1,1,1,1,0,0.019,0.05,0.026
North Complex,2020,2020-08-31 03:00:00,2020-08-30 20:00:00,2020-08-30 19:00:00,323,322.5,164.931,12.2670698890742,76.928,1.4,10.518,6.35,3.34,4.624,1.367,3.385,1,1,1,1,0,0,0,0,0,0
North Complex,2020,2020-08-31 04:00:00,2020-08-30 21:00:00,2020-08-30 20:00:00,324,323.5,164.944,12.26803678983,76.929,5.049,13.558,9.725,7.206,3.018,1.367,3.385,0,1,1,1,1,0,0,0.013,0.02,0.009
North Complex,2020,2020-08-31 05:00:00,2020-08-30 22:00:00,2020-08-30 21:00:00,325,324.5,164.944,12.26803678983,76.929,5.049,13.558,9.725,7.051,3.018,1.367,3.385,1,1,1,1,0,0,0,0,0,0
North Complex,2020,2020-08-31 06:00:00,2020-08-30 23:00:00,2020-08-30 22:00:00,326,325.5,168.334,12.5201747561551,78.754,0.875,13.992,10.237,7.875,1.678,1.367,3.385,1,1,1,1,1,0,0,3.39,1.676,0.671
North Complex,2020,2020-08-31 07:00:00,2020-08-31 00:00:00,2020-08-30 23:00:00,327,326.5,168.35,12.5213647878545,78.761,7.472,13.992,10.237,7.875,1.678,1.367,3.385,0,0,0,0,0,0,0,0.016,0.041,0.018
North Complex,2020,2020-08-31 08:00:00,2020-08-31 01:00:00,2020-08-31 00:00:00,328,327.5,168.35,12.5213647878545,78.761,7.472,13.992,10.237,7.875,1.678,1.367,3.385,0,0,0,0,0,0,0,0,0,0
North Complex,2020,2020-08-31 09:00:00,2020-08-31 02:00:00,2020-08-31 01:00:00,329,328.5,168.35,12.5213647878545,78.761,7.472,13.992,10.237,7.875,1.678,1.367,3.385,0,0,0,0,0,0,0,0,0,0
North Complex,2020,2020-08-31 10:00:00,2020-08-31 03:00:00,2020-08-31 02:00:00,330,329.5,168.35,12.5213647878545,78.761,7.472,13.992,10.237,7.875,1.678,1.367,3.385,0,0,0,0,0,0,0,0,0,0
North Complex,2020,2020-08-31 11:00:00,2020-08-31 04:00:00,2020-08-31 03:00:00,331,330.5,168.35,12.5213647878545,78.761,7.472,13.992,10.237,7.875,1.678,1.367,3.385,0,0,0,0,0,0,0,0,0,0
North Complex,2020,2020-08-31 12:00:00,2020-08-31 05:00:00,2020-08-31 04:00:00,332,331.5,168.35,12.5213647878545,78.761,7.472,13.992,10.237,7.875,1.678,1.367,3.385,0,0,0,0,0,0,0,0,0,0
North Complex,2020,2020-08-31 13:00:00,2020-08-31 06:00:00,2020-08-31 05:00:00,333,332.5,168.35,12.5213647878545,78.761,7.472,13.992,10.237,7.875,1.678,1.367,3.385,0,0,0,0,0,0,0,0,0,0
North Complex,2020,2020-08-31 14:00:00,2020-08-31 07:00:00,2020-08-31 06:00:00,334,333.5,168.35,12.5213647878545,78.761,7.472,13.992,10.237,7.875,1.678,1.367,3.385,0,0,0,0,0,0,0,0,0,0
North Complex,2020,2020-08-31 15:00:00,2020-08-31 08:00:00,2020-08-31 07:00:00,335,334.5,168.35,12.5213647878545,78.761,7.472,13.992,10.237,7.875,1.678,1.367,3.385,0,0,0,0,0,0,0,0,0,0
North Complex,2020,2020-08-31 16:00:00,2020-08-31 09:00:00,2020-08-31 08:00:00,336,335.5,168.35,12.5213647878545,78.761,7.472,13.992,10.237,7.875,1.678,1.367,3.385,0,0,0,0,0,0,0,0,0,0
North Complex,2020,2020-08-31 17:00:00,2020-08-31 10:00:00,2020-08-31 09:00:00,337,336.5,168.35,12.5213647878545,78.761,7.472,13.992,10.237,7.875,1.678,1.367,3.385,0,0,0,0,0,0,0,0,0,0
North Complex,2020,2020-08-31 18:00:00,2020-08-31 11:00:00,2020-08-31 10:00:00,338,337.5,168.35,12.5213647878545,78.761,7.472,10.799,7.601,3.964,2.141,1.367,3.385,0,1,1,1,1,0,0,0,0,0
North Complex,2020,2020-08-31 19:00:00,2020-08-31 12:00:00,2020-08-31 11:00:00,339,338.5,168.35,12.5213647878545,78.761,7.472,10.799,7.601,3.964,2.141,1.367,3.385,0,1,1,1,1,0,0,0,0,0
North Complex,2020,2020-08-31 20:00:00,2020-08-31 13:00:00,2020-08-31 12:00:00,340,339.5,168.35,12.5213647878545,78.761,7.472,7.096,3.879,0.901,2.141,1.367,3.385,0,1,1,1,0,0,0,0,0,0
North Complex,2020,2020-08-31 21:00:00,2020-08-31 14:00:00,2020-08-31 13:00:00,341,340.5,168.35,12.5213647878545,78.761,7.472,8.078,4.862,1.861,2.141,1.367,3.385,0,1,1,1,0,0,0,0,0,0
North Complex,2020,2020-08-31 22:00:00,2020-08-31 15:00:00,2020-08-31 14:00:00,342,341.5,168.35,12.5213647878545,78.761,7.472,9.747,7.036,3.779,1.861,1.367,3.385,0,1,1,1,1,0,0,0,0,0
North Complex,2020,2020-08-31 23:00:00,2020-08-31 16:00:00,2020-08-31 15:00:00,343,342.5,168.35,12.5213647878545,78.761,7.472,13.909,9.414,5.658,3.036,1.367,3.385,0,1,1,1,1,0,0,0,0,0
North Complex,2020,2020-09-01 00:00:00,2020-08-31 17:00:00,2020-08-31 16:00:00,344,343.5,168.35,12.5213647878545,78.761,7.472,22.576,18.113,9.118,1.581,1.367,3.385,0,1,1,1,1,0,0,0,0,0
North Complex,2020,2020-09-01 01:00:00,2020-08-31 18:00:00,2020-08-31 17:00:00,345,344.5,168.35,12.5213647878545,78.761,7.472,17.537,12.158,4.585,1.861,1.367,3.385,0,1,1,1,1,0,0,0,0,0
North Complex,2020,2020-09-01 02:00:00,2020-08-31 19:00:00,2020-08-31 18:00:00,346,345.5,168.35,12.5213647878545,78.761,7.472,16.581,10.913,4.405,1.328,1.367,3.385,0,1,1,1,1,0,0,0,0,0
North Complex,2020,2020-09-01 03:00:00,2020-08-31 20:00:00,2020-08-31 19:00:00,347,346.5,168.35,12.5213647878545,78.761,7.472,12.815,7.696,3.964,2.141,1.367,3.385,0,1,1,1,1,0,0,0,0,0
North Complex,2020,2020-09-01 04:00:00,2020-08-31 21:00:00,2020-08-31 20:00:00,348,347.5,168.35,12.5213647878545,78.761,7.472,12.815,7.696,3.964,2.141,1.367,3.385,0,1,1,1,1,0,0,0,0,0
North Complex,2020,2020-09-01 05:00:00,2020-08-31 22:00:00,2020-08-31 21:00:00,349,348.5,168.35,12.5213647878545,78.761,7.472,10.799,7.601,3.964,2.141,1.367,3.385,0,1,1,1,1,0,0,0,0,0
North Complex,2020,2020-09-01 06:00:00,2020-08-31 23:00:00,2020-08-31 22:00:00,350,349.5,168.35,12.5213647878545,78.761,7.472,10.799,7.601,3.964,2.141,1.367,3.385,0,1,1,1,1,0,0,0,0,0
North Complex,2020,2020-09-01 07:00:00,2020-09-01 00:00:00,2020-08-31 23:00:00,351,350.5,168.35,12.5213647878545,78.761,7.472,8.078,4.862,1.861,2.141,1.367,3.385,0,1,1,1,0,0,0,0,0,0
North Complex,2020,2020-09-01 08:00:00,2020-09-01 01:00:00,2020-09-01 00:00:00,352,351.5,168.35,12.5213647878545,78.761,7.472,8.078,4.862,1.861,2.141,1.367,3.385,0,1,1,1,0,0,0,0,0,0
North Complex,2020,2020-09-01 09:00:00,2020-09-01 02:00:00,2020-09-01 01:00:00,353,352.5,168.35,12.5213647878545,78.761,7.472,13.938,10.497,5.665,3.569,1.321,3.385,1,1,1,1,1,1,0,0,0,0
North Complex,2020,2020-09-01 10:00:00,2020-09-01 03:00:00,2020-09-01 02:00:00,354,353.5,169.577,12.6126253438076,78.865,2.495,10.023,7.905,3.746,3.569,1.321,3.385,1,1,1,1,0,0,0,1.227,0.401,0.164
North Complex,2020,2020-09-01 11:00:00,2020-09-01 04:00:00,2020-09-01 03:00:00,355,354.5,169.625,12.616195438906,78.84,15.727,14.685,13.311,8.89,3.569,1.321,3.385,0,1,1,1,0,0,0,0.048,0.044,0.019
North Complex,2020,2020-09-01 12:00:00,2020-09-01 05:00:00,2020-09-01 04:00:00,356,355.5,169.625,12.616195438906,78.84,15.727,14.685,13.311,6.799,3.569,1.321,3.385,0,1,1,1,0,0,0,0,0,0
North Complex,2020,2020-09-01 13:00:00,2020-09-01 06:00:00,2020-09-01 05:00:00,357,356.5,169.625,12.616195438906,78.84,15.727,14.685,13.311,6.799,3.569,1.321,3.385,0,1,1,1,0,0,0,0,0,0
North Complex,2020,2020-09-01 14:00:00,2020-09-01 07:00:00,2020-09-01 06:00:00,358,357.5,169.625,12.616195438906,78.84,15.723,7.49,4.634,1.746,3.569,1.321,3.385,0,1,1,1,0,0,0,0,0,0
North Complex,2020,2020-09-01 15:00:00,2020-09-01 08:00:00,2020-09-01 07:00:00,359,358.5,169.625,12.616195438906,78.84,15.727,14.608,12.681,4.836,3.569,1.321,3.385,0,1,1,1,0,0,0,0,0,0
North Complex,2020,2020-09-01 16:00:00,2020-09-01 09:00:00,2020-09-01 08:00:00,360,359.5,169.625,12.616195438906,78.84,15.723,23.117,20.615,13.189,3.569,1.321,3.385,0,1,1,1,0,0,0,0,0,0
North Complex,2020,2020-09-01 17:00:00,2020-09-01 10:00:00,2020-09-01 09:00:00,361,360.5,169.625,12.616195438906,78.84,15.727,18.314,14.682,7.467,3.569,1.321,3.385,0,1,1,1,0,0,0,0,0,0
North Complex,2020,2020-09-01 18:00:00,2020-09-01 11:00:00,2020-09-01 10:00:00,362,361.5,169.625,12.616195438906,78.84,15.727,15.922,11.939,6.03,3.569,1.321,3.385,0,1,1,1,0,0,0,0,0,0
North Complex,2020,2020-09-01 19:00:00,2020-09-01 12:00:00,2020-09-01 11:00:00,363,362.5,169.625,12.616195438906,78.84,15.723,15.922,11.939,6.03,3.569,1.321,3.385,1,1,1,1,0,0,0,0,0,0
North Complex,2020,2020-09-01 20:00:00,2020-09-01 13:00:00,2020-09-01 12:00:00,364,363.5,176.489,13.1267190379784,80.469,8.135,42.441,35.082,26.261,12.651,6.244,2.003,1,1,1,1,1,1,1,6.864,1.217,0.437
North Complex,2020,2020-09-01 21:00:00,2020-09-01 14:00:00,2020-09-01 13:00:00,365,364.5,181.148,13.4732413934676,80.502,0.754,39.445,35.678,30.562,16.041,6.506,2.907,0,1,1,1,1,1,1,4.659,1.784,0.573
North Complex,2020,2020-09-01 22:00:00,2020-09-01 15:00:00,2020-09-01 14:00:00,366,365.5,181.148,13.4732413934676,80.502,0.754,39.445,35.678,32.569,21.17,9.68,3.274,0,1,1,1,1,1,1,0,0,0
North Complex,2020,2020-09-01 23:00:00,2020-09-01 16:00:00,2020-09-01 15:00:00,367,366.5,181.148,13.4732413934676,80.502,0.754,34.233,32.053,26.909,17.214,4.319,3.274,1,1,1,1,1,1,0,0,0,0
North Complex,2020,2020-09-02 00:00:00,2020-09-01 17:00:00,2020-09-01 16:00:00,368,367.5,181.163,13.4743570481859,80.495,9.078,32.607,30.359,25.175,15.763,2.065,3.274,0,1,1,1,1,1,0,0.015,0.036,0.02
North Complex,2020,2020-09-02 01:00:00,2020-09-01 18:00:00,2020-09-01 17:00:00,369,368.5,181.163,13.4743570481859,80.495,9.078,23.871,18.876,11.661,5.418,2.065,3.274,0,1,1,1,1,0,0,0,0,0
North Complex,2020,2020-09-02 02:00:00,2020-09-01 19:00:00,2020-09-01 18:00:00,370,369.5,181.163,13.4743570481859,80.495,9.078,22.514,17.544,10.734,1.663,2.065,3.274,0,1,1,1,1,0,0,0,0,0
North Complex,2020,2020-09-02 03:00:00,2020-09-01 20:00:00,2020-09-01 19:00:00,371,370.5,181.163,13.4743570481859,80.495,9.078,22.441,18.223,12.437,6.228,2.065,3.274,0,1,1,1,1,0,0,0,0,0
North Complex,2020,2020-09-02 04:00:00,2020-09-01 21:00:00,2020-09-01 20:00:00,372,371.5,181.163,13.4743570481859,80.495,9.078,17.508,12.679,4.402,6.228,2.065,3.274,0,1,1,1,0,0,0,0,0,0
North Complex,2020,2020-09-02 05:00:00,2020-09-01 22:00:00,2020-09-01 21:00:00,373,372.5,181.163,13.4743570481859,80.495,9.078,23.057,18.451,11.213,4.275,2.065,3.274,0,1,1,1,1,0,0,0,0,0
North Complex,2020,2020-09-02 06:00:00,2020-09-01 23:00:00,2020-09-01 22:00:00,374,373.5,181.163,13.4743570481859,80.495,9.078,27.21,22.521,15.453,7.191,1.4,3.274,0,1,1,1,1,1,0,0,0,0
North Complex,2020,2020-09-02 07:00:00,2020-09-02 00:00:00,2020-09-01 23:00:00,375,374.5,181.163,13.4743570481859,80.495,9.078,24.67,20.239,14.219,8.549,1.4,3.274,0,1,1,1,1,1,0,0,0,0
North Complex,2020,2020-09-02 08:00:00,2020-09-02 01:00:00,2020-09-02 00:00:00,376,375.5,181.163,13.4743570481859,80.495,9.078,23.925,19.555,13.311,7.389,1.4,3.274,0,1,1,1,1,1,0,0,0,0
North Complex,2020,2020-09-02 09:00:00,2020-09-02 02:00:00,2020-09-02 01:00:00,377,376.5,181.163,13.4743570481859,80.495,9.078,16.109,14.192,9.661,4.275,1.4,3.274,1,1,1,1,1,0,0,0,0,0
North Complex,2020,2020-09-02 10:00:00,2020-09-02 03:00:00,2020-09-02 02:00:00,378,377.5,187.449,13.9418907521149,81.03,3.625,28.266,23.429,16.182,7.748,1.97,3.274,0,1,1,1,1,1,0,6.286,2.145,0.692
North Complex,2020,2020-09-02 11:00:00,2020-09-02 04:00:00,2020-09-02 03:00:00,379,378.5,187.449,13.9418907521149,81.03,3.625,25.107,20.841,14.526,6.36,1.97,3.274,0,1,1,1,1,0,0,0,0,0
North Complex,2020,2020-09-02 12:00:00,2020-09-02 05:00:00,2020-09-02 04:00:00,380,379.5,187.449,13.9418907521149,81.03,3.625,20.201,15.584,7.649,2.044,1.97,3.274,0,1,1,1,1,0,0,0,0,0
North Complex,2020,2020-09-02 13:00:00,2020-09-02 06:00:00,2020-09-02 05:00:00,381,380.5,187.449,13.9418907521149,81.03,3.625,19.744,15.253,7.539,1.993,1.97,3.274,0,1,1,1,1,0,0,0,0,0
North Complex,2020,2020-09-02 14:00:00,2020-09-02 07:00:00,2020-09-02 06:00:00,382,381.5,187.449,13.9418907521149,81.03,3.625,16.914,12.695,6.845,2.444,1.97,3.274,0,1,1,1,1,0,0,0,0,0
North Complex,2020,2020-09-02 15:00:00,2020-09-02 08:00:00,2020-09-02 07:00:00,383,382.5,187.449,13.9418907521149,81.03,3.625,15.285,12.23,7.607,3.817,1.97,3.274,0,1,1,1,1,0,0,0,0,0
North Complex,2020,2020-09-02 16:00:00,2020-09-02 09:00:00,2020-09-02 08:00:00,384,383.5,187.449,13.9418907521149,81.03,3.625,20.797,16.116,6.812,1.904,1.97,3.274,1,1,1,1,1,0,0,0,0,0
North Complex,2020,2020-09-02 17:00:00,2020-09-02 10:00:00,2020-09-02 09:00:00,385,384.5,188.09,13.9895663970749,81.125,0.026,22.954,18.799,10.249,2.205,1.97,3.274,1,1,1,1,1,0,0,0.641,0.311,0.177
North Complex,2020,2020-09-02 18:00:00,2020-09-02 11:00:00,2020-09-02 10:00:00,386,385.5,188.091,13.9896407740561,81.123,6.497,25.633,20.517,13.698,5.318,2.929,3.274,0,1,1,1,1,1,0,0.001,0.006,0.038
North Complex,2020,2020-09-02 19:00:00,2020-09-02 12:00:00,2020-09-02 11:00:00,387,386.5,188.091,13.9896407740561,81.123,6.497,31.052,25.776,16.463,8.75,3.654,3.274,0,1,1,1,1,1,0,0,0,0
North Complex,2020,2020-09-02 20:00:00,2020-09-02 13:00:00,2020-09-02 12:00:00,388,387.5,188.091,13.9896407740561,81.123,6.497,26.897,21.781,15.459,7.248,3.267,3.274,1,1,1,1,1,1,0,0,0,0
North Complex,2020,2020-09-02 21:00:00,2020-09-02 14:00:00,2020-09-02 13:00:00,389,388.5,188.475,14.0182015348434,81.422,5.994,30.931,25.532,17.859,7.664,3.491,3.274,1,1,1,1,1,1,0,0.384,0.23,0.059
North Complex,2020,2020-09-02 22:00:00,2020-09-02 15:00:00,2020-09-02 14:00:00,390,389.5,192.269,14.3003878015801,81.168,0.591,35.71,32.462,25.463,10.569,5.514,3.274,1,1,1,1,1,1,0,3.794,1.138,0.633
North Complex,2020,2020-09-02 23:00:00,2020-09-02 16:00:00,2020-09-02 15:00:00,391,390.5,192.277,14.3009828174298,81.164,6.306,29.191,25.547,15.515,9.432,3.163,3.274,0,1,1,1,1,1,0,0.008,0.023,0.014
North Complex,2020,2020-09-03 00:00:00,2020-09-02 17:00:00,2020-09-02 16:00:00,392,391.5,192.277,14.3009828174298,81.164,6.306,23.152,17.177,7.889,5.514,2.792,3.274,0,1,1,1,1,1,0,0,0,0
North Complex,2020,2020-09-03 01:00:00,2020-09-02 18:00:00,2020-09-02 17:00:00,393,392.5,192.277,14.3009828174298,81.164,6.306,22.735,16.689,7.889,5.514,2.792,3.274,1,1,1,1,1,1,0,0,0,0
North Complex,2020,2020-09-03 02:00:00,2020-09-02 19:00:00,2020-09-02 18:00:00,394,393.5,194.829,14.4907928734952,82.231,4.382,17.713,12.785,7.852,4.807,2.752,3.274,1,1,1,1,1,1,0,2.552,1.075,0.405
North Complex,2020,2020-09-03 03:00:00,2020-09-02 20:00:00,2020-09-02 19:00:00,395,394.5,196.436,14.6103166823106,83.251,0.573,18.841,14.136,9.435,6.046,0.029,3.274,0,1,1,1,1,1,0,1.607,0.914,0.367
North Complex,2020,2020-09-03 04:00:00,2020-09-02 21:00:00,2020-09-02 20:00:00,396,395.5,196.436,14.6103166823106,83.251,0.573,12.142,11.299,9.435,6.046,0.029,3.274,1,1,1,1,1,1,0,0,0,0
North Complex,2020,2020-09-03 05:00:00,2020-09-02 22:00:00,2020-09-02 21:00:00,397,396.5,196.443,14.6108373211791,83.252,5.027,12.143,11.299,9.061,2.53,0.029,3.274,0,1,1,1,1,0,0,0.007,0.017,0.012
North Complex,2020,2020-09-03 06:00:00,2020-09-02 23:00:00,2020-09-02 22:00:00,398,397.5,196.443,14.6108373211791,83.252,5.027,12.143,11.299,9.061,2.53,0.029,3.274,0,1,1,1,1,0,0,0,0,0
North Complex,2020,2020-09-03 07:00:00,2020-09-03 00:00:00,2020-09-02 23:00:00,399,398.5,196.443,14.6108373211791,83.252,5.027,7.616,6.574,4.181,2.061,0.029,3.274,0,1,1,1,1,0,0,0,0,0
North Complex,2020,2020-09-03 08:00:00,2020-09-03 01:00:00,2020-09-03 00:00:00,400,399.5,196.443,14.6108373211791,83.252,5.027,7.616,6.574,4.181,2.061,0.029,3.274,0,1,1,1,1,0,0,0,0,0
North Complex,2020,2020-09-03 09:00:00,2020-09-03 02:00:00,2020-09-03 01:00:00,401,400.5,196.443,14.6108373211791,83.252,5.027,7.133,4.718,1.49,2.061,0.029,3.274,0,1,1,1,0,0,0,0,0,0
North Complex,2020,2020-09-03 10:00:00,2020-09-03 03:00:00,2020-09-03 02:00:00,402,401.5,196.443,14.6108373211791,83.252,5.027,11.68,10.69,8.16,2.061,0.029,3.274,0,1,1,1,0,0,0,0,0,0
North Complex,2020,2020-09-03 11:00:00,2020-09-03 04:00:00,2020-09-03 03:00:00,403,402.5,196.443,14.6108373211791,83.252,5.027,7.616,6.574,4.181,2.061,0.029,3.274,0,1,1,1,1,0,0,0,0,0
North Complex,2020,2020-09-03 12:00:00,2020-09-03 05:00:00,2020-09-03 04:00:00,404,403.5,196.443,14.6108373211791,83.252,5.027,7.616,6.574,4.181,2.061,0.029,3.274,0,1,1,1,1,0,0,0,0,0
North Complex,2020,2020-09-03 13:00:00,2020-09-03 06:00:00,2020-09-03 05:00:00,405,404.5,196.443,14.6108373211791,83.252,5.027,7.616,6.574,4.181,2.061,0.029,3.274,0,1,1,1,1,0,0,0,0,0
North Complex,2020,2020-09-03 14:00:00,2020-09-03 07:00:00,2020-09-03 06:00:00,406,405.5,196.443,14.6108373211791,83.252,5.027,10.989,9.606,4.285,2.231,0.029,3.274,0,1,1,1,1,0,0,0,0,0
North Complex,2020,2020-09-03 15:00:00,2020-09-03 08:00:00,2020-09-03 07:00:00,407,406.5,196.443,14.6108373211791,83.252,5.027,11.958,10.968,7.916,1.887,0.029,3.274,0,1,1,1,1,0,0,0,0,0
North Complex,2020,2020-09-03 16:00:00,2020-09-03 09:00:00,2020-09-03 08:00:00,408,407.5,196.443,14.6108373211791,83.252,5.027,7.447,5.754,3.572,0.986,0.029,3.274,0,1,1,1,1,0,0,0,0,0
North Complex,2020,2020-09-03 17:00:00,2020-09-03 10:00:00,2020-09-03 09:00:00,409,408.5,196.443,14.6108373211791,83.252,5.027,11.974,11.142,8.281,1.597,0.029,3.274,0,1,1,1,1,0,0,0,0,0
North Complex,2020,2020-09-03 18:00:00,2020-09-03 11:00:00,2020-09-03 10:00:00,410,409.5,196.443,14.6108373211791,83.252,5.027,18.672,13.979,8.281,1.597,0.029,3.274,0,1,1,1,1,0,0,0,0,0
North Complex,2020,2020-09-03 19:00:00,2020-09-03 12:00:00,2020-09-03 11:00:00,411,410.5,196.443,14.6108373211791,83.252,5.027,18.595,13.748,8.672,2.33,0.029,3.274,0,1,1,1,1,0,0,0,0,0
North Complex,2020,2020-09-03 20:00:00,2020-09-03 13:00:00,2020-09-03 12:00:00,412,411.5,196.443,14.6108373211791,83.252,5.027,31.475,29.953,26.249,14.462,4.74,3.274,0,1,1,1,1,1,0,0,0,0
North Complex,2020,2020-09-03 21:00:00,2020-09-03 14:00:00,2020-09-03 13:00:00,413,412.5,196.443,14.6108373211791,83.252,5.027,21.236,17.624,10.265,5.66,1.732,3.274,0,1,1,1,1,1,0,0,0,0
North Complex,2020,2020-09-03 22:00:00,2020-09-03 15:00:00,2020-09-03 14:00:00,414,413.5,196.443,14.6108373211791,83.252,5.027,18.216,13.056,5.982,2.024,1.732,3.274,1,1,1,1,1,0,0,0,0,0
North Complex,2020,2020-09-03 23:00:00,2020-09-03 16:00:00,2020-09-03 15:00:00,415,414.5,196.949,14.6484720736749,83.978,9.697,25.612,23.163,16.553,10.679,5.226,3.274,0,1,1,1,1,1,0,0.506,0.498,0.101
North Complex,2020,2020-09-04 00:00:00,2020-09-03 17:00:00,2020-09-03 16:00:00,416,415.5,196.949,14.6484720736749,83.978,9.697,25.612,21.362,14.042,8.955,3.504,3.274,0,1,1,1,1,1,0,0,0,0
North Complex,2020,2020-09-04 01:00:00,2020-09-03 18:00:00,2020-09-03 17:00:00,417,416.5,196.949,14.6484720736749,83.978,9.697,23.354,19.635,12.78,4.245,3.504,3.274,0,1,1,1,1,0,0,0,0,0
North Complex,2020,2020-09-04 02:00:00,2020-09-03 19:00:00,2020-09-03 18:00:00,418,417.5,196.949,14.6484720736749,83.978,9.697,21.42,16.328,8.435,1.477,3.504,3.274,0,1,1,1,1,0,0,0,0,0
North Complex,2020,2020-09-04 03:00:00,2020-09-03 20:00:00,2020-09-03 19:00:00,419,418.5,196.949,14.6484720736749,83.978,9.697,20.097,14.863,6.832,1.477,3.504,3.274,0,1,1,1,0,0,0,0,0,0
North Complex,2020,2020-09-04 04:00:00,2020-09-03 21:00:00,2020-09-03 20:00:00,420,419.5,196.949,14.6484720736749,83.978,9.697,11.53,6.848,1.571,1.477,3.504,3.274,0,1,1,1,0,0,0,0,0,0
North Complex,2020,2020-09-04 05:00:00,2020-09-03 22:00:00,2020-09-03 21:00:00,421,420.5,196.949,14.6484720736749,83.978,9.697,11.53,6.848,1.571,1.477,3.504,3.274,0,1,1,1,0,0,0,0,0,0
North Complex,2020,2020-09-04 06:00:00,2020-09-03 23:00:00,2020-09-03 22:00:00,422,421.5,196.949,14.6484720736749,83.978,9.697,21.787,17.205,9.114,1.477,3.504,3.274,0,1,1,1,0,0,0,0,0,0
North Complex,2020,2020-09-04 07:00:00,2020-09-04 00:00:00,2020-09-03 23:00:00,423,422.5,196.949,14.6484720736749,83.978,9.697,19.557,14.519,7.388,1.477,3.504,3.274,0,1,1,1,0,0,0,0,0,0
North Complex,2020,2020-09-04 08:00:00,2020-09-04 01:00:00,2020-09-04 00:00:00,424,423.5,196.949,14.6484720736749,83.978,9.697,13.147,8.718,3.177,1.477,3.504,3.274,0,1,1,1,0,0,0,0,0,0
North Complex,2020,2020-09-04 09:00:00,2020-09-04 02:00:00,2020-09-04 01:00:00,425,424.5,196.949,14.6484720736749,83.978,9.697,15.522,9.166,3.507,1.477,3.504,3.274,0,1,1,1,0,0,0,0,0,0
North Complex,2020,2020-09-04 10:00:00,2020-09-04 03:00:00,2020-09-04 02:00:00,426,425.5,196.949,14.6484720736749,83.978,9.697,3.69,2.656,3.507,1.477,3.504,3.274,0,1,1,0,0,0,0,0,0,0
North Complex,2020,2020-09-04 11:00:00,2020-09-04 04:00:00,2020-09-04 03:00:00,427,426.5,196.949,14.6484720736749,83.978,9.697,7.828,4.623,1.445,1.477,3.504,3.274,0,1,1,1,0,0,0,0,0,0
North Complex,2020,2020-09-04 12:00:00,2020-09-04 05:00:00,2020-09-04 04:00:00,428,427.5,196.949,14.6484720736749,83.978,9.697,7.828,4.623,1.445,1.477,3.504,3.274,0,1,1,1,0,0,0,0,0,0
North Complex,2020,2020-09-04 13:00:00,2020-09-04 06:00:00,2020-09-04 05:00:00,429,428.5,196.949,14.6484720736749,83.978,9.697,7.828,4.623,1.445,1.477,3.504,3.274,0,1,1,1,0,0,0,0,0,0
North Complex,2020,2020-09-04 14:00:00,2020-09-04 07:00:00,2020-09-04 06:00:00,430,429.5,196.949,14.6484720736749,83.978,9.697,7.828,4.623,1.445,1.477,3.504,3.274,0,0,0,0,0,0,0,0,0,0
North Complex,2020,2020-09-04 15:00:00,2020-09-04 08:00:00,2020-09-04 07:00:00,431,430.5,196.949,14.6484720736749,83.978,9.697,7.828,4.623,1.445,1.477,3.504,3.274,0,0,0,0,0,0,0,0,0,0
North Complex,2020,2020-09-04 16:00:00,2020-09-04 09:00:00,2020-09-04 08:00:00,432,431.5,196.949,14.6484720736749,83.978,9.697,7.828,4.623,1.445,1.477,3.504,3.274,0,0,0,0,0,0,0,0,0,0
North Complex,2020,2020-09-04 17:00:00,2020-09-04 10:00:00,2020-09-04 09:00:00,433,432.5,196.949,14.6484720736749,83.978,9.697,7.828,4.623,1.445,1.477,3.504,3.274,0,0,0,0,0,0,0,0,0,0
North Complex,2020,2020-09-04 18:00:00,2020-09-04 11:00:00,2020-09-04 10:00:00,434,433.5,196.949,14.6484720736749,83.978,9.697,7.828,4.623,1.445,1.477,3.504,3.274,0,0,0,0,0,0,0,0,0,0
North Complex,2020,2020-09-04 19:00:00,2020-09-04 12:00:00,2020-09-04 11:00:00,435,434.5,196.949,14.6484720736749,83.978,9.697,11.084,8.091,3.615,1.477,3.504,3.274,0,1,1,1,0,0,0,0,0,0
North Complex,2020,2020-09-04 20:00:00,2020-09-04 13:00:00,2020-09-04 12:00:00,436,435.5,196.949,14.6484720736749,83.978,9.697,8.787,6.8,2.903,1.477,3.504,3.274,0,1,1,1,0,0,0,0,0,0
North Complex,2020,2020-09-04 21:00:00,2020-09-04 14:00:00,2020-09-04 13:00:00,437,436.5,196.949,14.6484720736749,83.978,9.697,22.275,18.821,10.051,4.04,1.75,3.274,0,1,1,1,1,1,0,0,0,0
North Complex,2020,2020-09-04 22:00:00,2020-09-04 15:00:00,2020-09-04 14:00:00,438,437.5,196.949,14.6484720736749,83.978,9.697,26.67,23.625,16.194,7.773,3.214,1.182,0,1,1,1,1,1,1,0,0,0
North Complex,2020,2020-09-04 23:00:00,2020-09-04 16:00:00,2020-09-04 15:00:00,439,438.5,196.949,14.6484720736749,83.978,9.697,22.275,18.821,10.051,3.236,0.922,1.182,0,1,1,1,1,1,0,0,0,0
North Complex,2020,2020-09-05 00:00:00,2020-09-04 17:00:00,2020-09-04 16:00:00,440,439.5,196.949,14.6484720736749,83.978,9.697,16.31,15.458,13.302,9.343,4.394,1.182,0,1,1,1,1,1,0,0,0,0
North Complex,2020,2020-09-05 01:00:00,2020-09-04 18:00:00,2020-09-04 17:00:00,441,440.5,196.949,14.6484720736749,83.978,9.697,16.31,15.228,12.609,2.38,4.394,1.182,0,1,1,1,1,0,0,0,0,0
North Complex,2020,2020-09-05 02:00:00,2020-09-04 19:00:00,2020-09-04 18:00:00,442,441.5,196.949,14.6484720736749,83.978,9.697,15.401,14.399,10.545,2.38,4.394,1.182,0,1,1,1,0,0,0,0,0,0
North Complex,2020,2020-09-05 03:00:00,2020-09-04 20:00:00,2020-09-04 19:00:00,443,442.5,196.949,14.6484720736749,83.978,9.697,13.07,11.305,7.038,2.703,4.394,1.182,0,1,1,1,1,0,0,0,0,0
North Complex,2020,2020-09-05 04:00:00,2020-09-04 21:00:00,2020-09-04 20:00:00,444,443.5,196.949,14.6484720736749,83.978,9.697,9.023,6.64,2.371,0.164,4.394,1.182,0,1,1,1,1,0,0,0,0,0
North Complex,2020,2020-09-05 05:00:00,2020-09-04 22:00:00,2020-09-04 21:00:00,445,444.5,196.949,14.6484720736749,83.978,9.697,9.023,6.64,2.371,0.164,4.394,1.182,0,1,1,1,1,0,0,0,0,0
North Complex,2020,2020-09-05 06:00:00,2020-09-04 23:00:00,2020-09-04 22:00:00,446,445.5,196.949,14.6484720736749,83.978,9.697,3.618,2.309,2.371,0.164,4.394,1.182,0,1,1,0,0,0,0,0,0,0
North Complex,2020,2020-09-05 07:00:00,2020-09-05 00:00:00,2020-09-04 23:00:00,447,446.5,196.949,14.6484720736749,83.978,9.697,3.618,2.309,2.371,0.164,4.394,1.182,0,1,1,0,0,0,0,0,0,0
North Complex,2020,2020-09-05 08:00:00,2020-09-05 01:00:00,2020-09-05 00:00:00,448,447.5,196.949,14.6484720736749,83.978,9.697,8.165,5.888,0.589,0.164,4.394,1.182,0,1,1,1,0,0,0,0,0,0
North Complex,2020,2020-09-05 09:00:00,2020-09-05 02:00:00,2020-09-05 01:00:00,449,448.5,196.949,14.6484720736749,83.978,9.697,8.944,6.768,2.945,0.164,4.394,1.182,1,1,1,1,0,0,0,0,0,0
North Complex,2020,2020-09-05 10:00:00,2020-09-05 03:00:00,2020-09-05 02:00:00,450,449.5,202.53,15.063570005846,88.604,28.479,16.523,13.349,8.399,4.331,0.639,1.182,0,1,1,1,1,1,0,5.581,1.261,0.576
North Complex,2020,2020-09-05 11:00:00,2020-09-05 04:00:00,2020-09-05 03:00:00,451,450.5,202.53,15.063570005846,88.604,28.479,14.05,10.053,6.345,2.401,0.639,1.182,0,1,1,1,1,0,0,0,0,0
North Complex,2020,2020-09-05 12:00:00,2020-09-05 05:00:00,2020-09-05 04:00:00,452,451.5,202.53,15.063570005846,88.604,28.479,14.05,10.053,6.345,2.401,0.639,1.182,0,1,1,1,1,0,0,0,0,0
North Complex,2020,2020-09-05 13:00:00,2020-09-05 06:00:00,2020-09-05 05:00:00,453,452.5,202.53,15.063570005846,88.604,28.479,14.562,12.521,9.006,4.706,0.639,1.182,0,1,1,1,1,0,0,0,0,0
North Complex,2020,2020-09-05 14:00:00,2020-09-05 07:00:00,2020-09-05 06:00:00,454,453.5,202.53,15.063570005846,88.604,28.479,18.874,16.139,10.699,4.706,0.639,1.182,0,1,1,1,1,0,0,0,0,0
North Complex,2020,2020-09-05 15:00:00,2020-09-05 08:00:00,2020-09-05 07:00:00,455,454.5,202.53,15.063570005846,88.604,28.479,8.205,5.926,2.756,4.706,0.639,1.182,0,1,1,1,0,0,0,0,0,0
North Complex,2020,2020-09-05 16:00:00,2020-09-05 09:00:00,2020-09-05 08:00:00,456,455.5,202.53,15.063570005846,88.604,28.479,16.554,14.647,10.202,3.074,0.639,1.182,0,1,1,1,1,0,0,0,0,0
North Complex,2020,2020-09-05 17:00:00,2020-09-05 10:00:00,2020-09-05 09:00:00,457,456.5,202.53,15.063570005846,88.604,28.479,13.32,11.128,7.504,3.074,0.639,1.182,0,1,1,1,0,0,0,0,0,0
North Complex,2020,2020-09-05 18:00:00,2020-09-05 11:00:00,2020-09-05 10:00:00,458,457.5,202.53,15.063570005846,88.604,28.479,10.943,8.598,5.192,0.882,0.639,1.182,0,1,1,1,1,0,0,0,0,0
North Complex,2020,2020-09-05 19:00:00,2020-09-05 12:00:00,2020-09-05 11:00:00,459,458.5,202.53,15.063570005846,88.604,28.479,14.733,12.834,8.615,3.084,0.639,1.182,0,1,1,1,1,0,0,0,0,0
North Complex,2020,2020-09-05 20:00:00,2020-09-05 13:00:00,2020-09-05 12:00:00,460,459.5,202.53,15.063570005846,88.604,28.479,18.907,17.354,13.944,9.402,2.749,1.182,0,1,1,1,1,1,0,0,0,0
North Complex,2020,2020-09-05 21:00:00,2020-09-05 14:00:00,2020-09-05 13:00:00,461,460.5,202.53,15.063570005846,88.604,28.479,28.79,26.758,22.191,16.583,6.551,1.705,1,1,1,1,1,1,1,0,0,0
North Complex,2020,2020-09-05 22:00:00,2020-09-05 15:00:00,2020-09-05 14:00:00,462,461.5,221.721,16.4909386523784,88.075,9.022,30.217,28.112,24.261,19.297,11.73,7.052,1,1,1,1,1,1,1,19.191,2.675,0.674
North Complex,2020,2020-09-05 23:00:00,2020-09-05 16:00:00,2020-09-05 15:00:00,463,462.5,224.285,16.6816412322183,87.93,1.148,29.718,27.956,24.334,20.099,15.407,6.98,0,1,1,1,1,1,1,2.564,0.804,0.284
North Complex,2020,2020-09-06 00:00:00,2020-09-05 17:00:00,2020-09-05 16:00:00,464,463.5,224.285,16.6816412322183,87.93,1.148,27.839,25.827,21.634,15.888,10.266,2.959,0,1,1,1,1,1,1,0,0,0
North Complex,2020,2020-09-06 01:00:00,2020-09-05 18:00:00,2020-09-05 17:00:00,465,464.5,224.285,16.6816412322183,87.93,1.149,22.045,20.582,17.456,13.267,7.189,2.959,0,1,1,1,1,1,0,0,0,0
North Complex,2020,2020-09-06 02:00:00,2020-09-05 19:00:00,2020-09-05 18:00:00,466,465.5,224.285,16.6816412322183,87.93,1.149,21.543,20.042,15.824,13.267,7.189,2.959,0,1,1,1,0,0,0,0,0,0
North Complex,2020,2020-09-06 03:00:00,2020-09-05 20:00:00,2020-09-05 19:00:00,467,466.5,224.285,16.6816412322183,87.93,1.148,16.286,14.688,10.824,4.206,1.161,2.959,0,1,1,1,1,1,0,0,0,0
North Complex,2020,2020-09-06 04:00:00,2020-09-05 21:00:00,2020-09-05 20:00:00,468,467.5,224.285,16.6816412322183,87.93,1.148,7.898,5.455,1.976,4.206,1.161,2.959,1,1,1,1,0,0,0,0,0,0
North Complex,2020,2020-09-06 05:00:00,2020-09-05 22:00:00,2020-09-05 21:00:00,469,468.5,224.304,16.6830543948614,87.93,8.633,7.898,5.455,1.976,4.206,1.161,2.959,0,1,1,1,0,0,0,0.019,0.031,0.017
North Complex,2020,2020-09-06 06:00:00,2020-09-05 23:00:00,2020-09-05 22:00:00,470,469.5,224.304,16.6830543948614,87.93,8.633,12.008,6.985,1.976,4.206,1.161,2.959,0,1,1,1,0,0,0,0,0,0
North Complex,2020,2020-09-06 07:00:00,2020-09-06 00:00:00,2020-09-05 23:00:00,471,470.5,224.304,16.6830543948614,87.93,8.633,12.008,6.985,1.976,4.206,1.161,2.959,0,0,0,0,0,0,0,0,0,0
North Complex,2020,2020-09-06 08:00:00,2020-09-06 01:00:00,2020-09-06 00:00:00,472,471.5,224.304,16.6830543948614,87.93,8.633,12.008,6.985,1.976,4.206,1.161,2.959,0,0,0,0,0,0,0,0,0,0
North Complex,2020,2020-09-06 09:00:00,2020-09-06 02:00:00,2020-09-06 01:00:00,473,472.5,224.304,16.6830543948614,87.93,8.633,12.008,6.985,1.976,4.206,1.161,2.959,0,0,0,0,0,0,0,0,0,0
North Complex,2020,2020-09-06 10:00:00,2020-09-06 03:00:00,2020-09-06 02:00:00,474,473.5,224.304,16.6830543948614,87.93,8.633,12.008,6.985,1.976,4.206,1.161,2.959,0,0,0,0,0,0,0,0,0,0
North Complex,2020,2020-09-06 11:00:00,2020-09-06 04:00:00,2020-09-06 03:00:00,475,474.5,224.304,16.6830543948614,87.93,8.633,12.008,6.985,1.976,4.206,1.161,2.959,0,0,0,0,0,0,0,0,0,0
North Complex,2020,2020-09-06 12:00:00,2020-09-06 05:00:00,2020-09-06 04:00:00,476,475.5,224.304,16.6830543948614,87.93,8.633,12.008,6.985,1.976,4.206,1.161,2.959,0,0,0,0,0,0,0,0,0,0
North Complex,2020,2020-09-06 13:00:00,2020-09-06 06:00:00,2020-09-06 05:00:00,477,476.5,224.304,16.6830543948614,87.93,8.633,12.008,6.985,1.976,4.206,1.161,2.959,0,0,0,0,0,0,0,0,0,0
North Complex,2020,2020-09-06 14:00:00,2020-09-06 07:00:00,2020-09-06 06:00:00,478,477.5,224.304,16.6830543948614,87.93,8.633,12.008,6.985,1.976,4.206,1.161,2.959,0,0,0,0,0,0,0,0,0,0
North Complex,2020,2020-09-06 15:00:00,2020-09-06 08:00:00,2020-09-06 07:00:00,479,478.5,224.304,16.6830543948614,87.93,8.633,9.546,7.053,3.609,1.271,1.161,2.959,0,1,1,1,1,0,0,0,0,0
North Complex,2020,2020-09-06 16:00:00,2020-09-06 09:00:00,2020-09-06 08:00:00,480,479.5,224.304,16.6830543948614,87.93,8.633,9.546,7.053,3.609,1.271,1.161,2.959,0,1,1,1,1,0,0,0,0,0
North Complex,2020,2020-09-06 17:00:00,2020-09-06 10:00:00,2020-09-06 09:00:00,481,480.5,224.304,16.6830543948614,87.93,8.633,7.898,5.455,1.976,1.271,1.161,2.959,0,1,1,1,0,0,0,0,0,0
North Complex,2020,2020-09-06 18:00:00,2020-09-06 11:00:00,2020-09-06 10:00:00,482,481.5,224.304,16.6830543948614,87.93,8.633,7.898,5.455,1.976,1.271,1.161,2.959,0,1,1,1,0,0,0,0,0,0
North Complex,2020,2020-09-06 19:00:00,2020-09-06 12:00:00,2020-09-06 11:00:00,483,482.5,224.304,16.6830543948614,87.93,8.633,7.898,5.455,1.976,1.271,1.161,2.959,0,1,1,1,0,0,0,0,0,0
North Complex,2020,2020-09-06 20:00:00,2020-09-06 13:00:00,2020-09-06 12:00:00,484,483.5,224.304,16.6830543948614,87.93,8.633,9.546,7.053,3.609,1.271,1.161,2.959,0,1,1,1,1,0,0,0,0,0
North Complex,2020,2020-09-06 21:00:00,2020-09-06 14:00:00,2020-09-06 13:00:00,485,484.5,224.304,16.6830543948614,87.93,8.633,4.575,3.473,0.687,1.271,1.161,2.959,0,1,1,1,0,0,0,0,0,0
North Complex,2020,2020-09-06 22:00:00,2020-09-06 15:00:00,2020-09-06 14:00:00,486,485.5,224.304,16.6830543948614,87.93,8.633,4.575,3.473,0.687,1.271,1.161,2.959,0,0,0,0,0,0,0,0,0,0
North Complex,2020,2020-09-06 23:00:00,2020-09-06 16:00:00,2020-09-06 15:00:00,487,486.5,224.304,16.6830543948614,87.93,8.633,6.765,5.774,3.807,1.271,1.161,2.959,0,1,1,1,0,0,0,0,0,0
North Complex,2020,2020-09-07 00:00:00,2020-09-06 17:00:00,2020-09-06 16:00:00,488,487.5,224.304,16.6830543948614,87.93,8.633,11.609,9.894,5.515,1.271,1.161,2.959,0,1,1,1,0,0,0,0,0,0
North Complex,2020,2020-09-07 01:00:00,2020-09-06 18:00:00,2020-09-06 17:00:00,489,488.5,224.304,16.6830543948614,87.93,8.633,9.811,8.216,3.906,1.271,1.161,2.959,0,1,1,1,0,0,0,0,0,0
North Complex,2020,2020-09-07 02:00:00,2020-09-06 19:00:00,2020-09-06 18:00:00,490,489.5,224.304,16.6830543948614,87.93,8.633,4.498,3.706,1.224,1.271,1.161,2.959,0,1,1,1,0,0,0,0,0,0
North Complex,2020,2020-09-07 03:00:00,2020-09-06 20:00:00,2020-09-06 19:00:00,491,490.5,224.304,16.6830543948614,87.93,8.633,4.498,3.706,1.224,1.271,1.161,2.959,0,1,1,1,0,0,0,0,0,0
North Complex,2020,2020-09-07 04:00:00,2020-09-06 21:00:00,2020-09-06 20:00:00,492,491.5,224.304,16.6830543948614,87.93,8.633,6.944,6.074,4.165,1.324,1.161,2.959,0,1,1,1,1,0,0,0,0,0
North Complex,2020,2020-09-07 05:00:00,2020-09-06 22:00:00,2020-09-06 21:00:00,493,492.5,224.304,16.6830543948614,87.93,8.633,9.045,7.77,5.587,3.232,1.161,2.959,0,1,1,1,1,0,0,0,0,0
North Complex,2020,2020-09-07 06:00:00,2020-09-06 23:00:00,2020-09-06 22:00:00,494,493.5,224.304,16.6830543948614,87.93,8.633,6.599,5.482,3.721,1.483,1.161,2.959,0,1,1,1,1,0,0,0,0,0
North Complex,2020,2020-09-07 07:00:00,2020-09-07 00:00:00,2020-09-06 23:00:00,495,494.5,224.304,16.6830543948614,87.93,8.633,6.599,5.482,3.721,1.483,1.161,2.959,0,1,1,1,1,0,0,0,0,0
North Complex,2020,2020-09-07 08:00:00,2020-09-07 01:00:00,2020-09-07 00:00:00,496,495.5,224.304,16.6830543948614,87.93,8.633,4.498,3.706,1.224,1.483,1.161,2.959,0,1,1,1,0,0,0,0,0,0
North Complex,2020,2020-09-07 09:00:00,2020-09-07 02:00:00,2020-09-07 01:00:00,497,496.5,224.304,16.6830543948614,87.93,8.633,6.599,5.482,3.721,1.483,1.161,2.959,0,1,1,1,1,0,0,0,0,0
North Complex,2020,2020-09-07 10:00:00,2020-09-07 03:00:00,2020-09-07 02:00:00,498,497.5,224.304,16.6830543948614,87.93,8.633,4.498,3.706,1.224,1.483,1.161,2.959,0,1,1,1,0,0,0,0,0,0
North Complex,2020,2020-09-07 11:00:00,2020-09-07 04:00:00,2020-09-07 03:00:00,499,498.5,224.304,16.6830543948614,87.93,8.633,4.498,3.706,1.224,1.483,1.161,2.959,0,1,1,1,0,0,0,0,0,0
North Complex,2020,2020-09-07 12:00:00,2020-09-07 05:00:00,2020-09-07 04:00:00,500,499.5,224.304,16.6830543948614,87.93,8.633,6.599,5.482,3.721,1.483,1.161,2.959,0,1,1,1,1,0,0,0,0,0
North Complex,2020,2020-09-07 13:00:00,2020-09-07 06:00:00,2020-09-07 05:00:00,501,500.5,224.304,16.6830543948614,87.93,8.633,4.498,3.706,1.224,1.483,1.161,2.959,0,1,1,1,0,0,0,0,0,0
North Complex,2020,2020-09-07 14:00:00,2020-09-07 07:00:00,2020-09-07 06:00:00,502,501.5,224.304,16.6830543948614,87.93,8.633,4.498,3.706,1.224,1.483,1.161,2.959,0,1,1,1,0,0,0,0,0,0
North Complex,2020,2020-09-07 15:00:00,2020-09-07 08:00:00,2020-09-07 07:00:00,503,502.5,224.304,16.6830543948614,87.93,8.633,4.498,3.706,1.224,1.483,1.161,2.959,0,1,1,1,0,0,0,0,0,0
North Complex,2020,2020-09-07 16:00:00,2020-09-07 09:00:00,2020-09-07 08:00:00,504,503.5,224.304,16.6830543948614,87.93,8.633,4.26,3.313,1.224,1.483,1.161,2.959,0,1,1,0,0,0,0,0,0,0
North Complex,2020,2020-09-07 17:00:00,2020-09-07 10:00:00,2020-09-07 09:00:00,505,504.5,224.304,16.6830543948614,87.93,8.633,4.498,3.706,1.224,1.483,1.161,2.959,0,1,1,1,0,0,0,0,0,0
North Complex,2020,2020-09-07 18:00:00,2020-09-07 11:00:00,2020-09-07 10:00:00,506,505.5,224.304,16.6830543948614,87.93,8.633,4.498,3.706,1.224,1.483,1.161,2.959,0,1,1,1,0,0,0,0,0,0
North Complex,2020,2020-09-07 19:00:00,2020-09-07 12:00:00,2020-09-07 11:00:00,507,506.5,224.304,16.6830543948614,87.93,8.633,4.26,3.313,1.224,1.483,1.161,2.959,0,1,1,0,0,0,0,0,0,0
North Complex,2020,2020-09-07 20:00:00,2020-09-07 13:00:00,2020-09-07 12:00:00,508,507.5,224.304,16.6830543948614,87.93,8.633,4.26,3.313,1.224,1.483,1.161,2.959,0,0,0,0,0,0,0,0,0,0
North Complex,2020,2020-09-07 21:00:00,2020-09-07 14:00:00,2020-09-07 13:00:00,509,508.5,224.304,16.6830543948614,87.93,8.633,4.498,3.706,1.224,1.483,1.161,2.959,0,1,1,1,0,0,0,0,0,0
North Complex,2020,2020-09-07 22:00:00,2020-09-07 15:00:00,2020-09-07 14:00:00,510,509.5,224.304,16.6830543948614,87.93,8.633,7.142,6.546,4.444,2.462,1.161,2.959,0,1,1,1,1,0,0,0,0,0
North Complex,2020,2020-09-07 23:00:00,2020-09-07 16:00:00,2020-09-07 15:00:00,511,510.5,224.304,16.6830543948614,87.93,8.633,6.599,5.482,3.721,1.483,1.161,2.959,0,1,1,1,1,0,0,0,0,0
North Complex,2020,2020-09-08 00:00:00,2020-09-07 17:00:00,2020-09-07 16:00:00,512,511.5,224.304,16.6830543948614,87.93,8.633,6.307,5.375,3.407,1.483,1.161,2.959,0,1,1,1,0,0,0,0,0,0
North Complex,2020,2020-09-08 01:00:00,2020-09-07 18:00:00,2020-09-07 17:00:00,513,512.5,224.304,16.6830543948614,87.93,8.633,4.498,3.706,1.224,1.483,1.161,2.959,0,1,1,1,0,0,0,0,0,0
North Complex,2020,2020-09-08 02:00:00,2020-09-07 19:00:00,2020-09-07 18:00:00,514,513.5,224.304,16.6830543948614,87.93,8.633,4.498,3.706,1.224,1.483,1.161,2.959,0,1,1,1,0,0,0,0,0,0
North Complex,2020,2020-09-08 03:00:00,2020-09-07 20:00:00,2020-09-07 19:00:00,515,514.5,224.304,16.6830543948614,87.93,8.633,4.498,3.706,1.224,1.483,1.161,2.959,0,0,0,0,0,0,0,0,0,0
North Complex,2020,2020-09-08 04:00:00,2020-09-07 21:00:00,2020-09-07 20:00:00,516,515.5,224.304,16.6830543948614,87.93,8.633,4.498,3.706,1.224,1.483,1.161,2.959,0,0,0,0,0,0,0,0,0,0
North Complex,2020,2020-09-08 05:00:00,2020-09-07 22:00:00,2020-09-07 21:00:00,517,516.5,224.304,16.6830543948614,87.93,8.633,4.498,3.706,1.224,1.483,1.161,2.959,0,0,0,0,0,0,0,0,0,0
North Complex,2020,2020-09-08 06:00:00,2020-09-07 23:00:00,2020-09-07 22:00:00,518,517.5,224.304,16.6830543948614,87.93,8.633,4.498,3.706,1.224,1.483,1.161,2.959,0,0,0,0,0,0,0,0,0,0
North Complex,2020,2020-09-08 07:00:00,2020-09-08 00:00:00,2020-09-07 23:00:00,519,518.5,224.304,16.6830543948614,87.93,8.633,4.498,3.706,1.224,1.483,1.161,2.959,0,0,0,0,0,0,0,0,0,0
North Complex,2020,2020-09-08 08:00:00,2020-09-08 01:00:00,2020-09-08 00:00:00,520,519.5,224.304,16.6830543948614,87.93,8.633,4.498,3.706,1.224,1.483,1.161,2.959,0,0,0,0,0,0,0,0,0,0
North Complex,2020,2020-09-08 09:00:00,2020-09-08 02:00:00,2020-09-08 01:00:00,521,520.5,224.304,16.6830543948614,87.93,8.633,11.749,9.81,6.129,2.212,1.161,2.959,0,1,1,1,1,0,0,0,0,0
North Complex,2020,2020-09-08 10:00:00,2020-09-08 03:00:00,2020-09-08 02:00:00,522,521.5,224.304,16.6830543948614,87.93,8.633,11.094,7.298,1.976,2.212,1.161,2.959,0,1,1,1,0,0,0,0,0,0
North Complex,2020,2020-09-08 11:00:00,2020-09-08 04:00:00,2020-09-08 03:00:00,523,522.5,224.304,16.6830543948614,87.93,8.633,12.935,9.897,2.084,2.212,1.161,2.959,0,1,1,1,0,0,0,0,0,0
North Complex,2020,2020-09-08 12:00:00,2020-09-08 05:00:00,2020-09-08 04:00:00,524,523.5,224.304,16.6830543948614,87.93,8.633,8.296,5.26,2.691,2.212,1.161,2.959,0,1,1,1,0,0,0,0,0,0
North Complex,2020,2020-09-08 13:00:00,2020-09-08 06:00:00,2020-09-08 05:00:00,525,524.5,224.304,16.6830543948614,87.93,8.633,14.218,11.97,6.359,2.212,1.161,2.959,0,1,1,1,0,0,0,0,0,0
North Complex,2020,2020-09-08 14:00:00,2020-09-08 07:00:00,2020-09-08 06:00:00,526,525.5,224.304,16.6830543948614,87.93,8.633,8.296,5.26,2.691,2.212,1.161,2.959,0,1,1,1,0,0,0,0,0,0
North Complex,2020,2020-09-08 15:00:00,2020-09-08 08:00:00,2020-09-08 07:00:00,527,526.5,224.304,16.6830543948614,87.93,8.633,8.296,5.26,2.691,2.212,1.161,2.959,0,1,1,1,0,0,0,0,0,0
North Complex,2020,2020-09-08 16:00:00,2020-09-08 09:00:00,2020-09-08 08:00:00,528,527.5,224.304,16.6830543948614,87.93,8.633,8.296,5.26,2.691,2.212,1.161,2.959,0,1,1,1,0,0,0,0,0,0
North Complex,2020,2020-09-08 17:00:00,2020-09-08 10:00:00,2020-09-08 09:00:00,529,528.5,224.304,16.6830543948614,87.93,8.633,12.092,8.948,5.951,2.278,1.161,2.959,1,1,1,1,1,0,0,0,0,0
North Complex,2020,2020-09-08 18:00:00,2020-09-08 11:00:00,2020-09-08 10:00:00,530,529.5,235.867,17.5430754286717,88.339,14.137,25.347,23.245,19.666,11.729,6.897,3.56,1,1,1,1,1,1,1,11.563,2.625,1.339
North Complex,2020,2020-09-08 19:00:00,2020-09-08 12:00:00,2020-09-08 11:00:00,531,530.5,241.991,17.9985600616436,89.875,17.865,38.125,34.011,27.144,17.017,11.785,4.089,1,1,1,1,1,1,1,6.124,1.641,0.433
North Complex,2020,2020-09-08 20:00:00,2020-09-08 13:00:00,2020-09-08 12:00:00,532,531.5,260.475,19.3733441824557,95.56,20.107,54.991,50.797,38.565,25.86,20.558,7.872,1,1,1,1,1,1,1,18.484,4.859,1.035
North Complex,2020,2020-09-08 21:00:00,2020-09-08 14:00:00,2020-09-08 13:00:00,533,532.5,274.898,20.4460833825461,97.479,26.204,50.709,46.61,39.742,29.375,25.184,15.37,1,1,1,1,1,1,1,14.423,2.267,0.717
North Complex,2020,2020-09-08 22:00:00,2020-09-08 15:00:00,2020-09-08 14:00:00,534,533.5,310.615,23.1026060206679,100.656,28.805,55.723,51.548,47.634,41.64,29.064,14.682,1,1,1,1,1,1,1,35.717,5.669,1.363
North Complex,2020,2020-09-08 23:00:00,2020-09-08 16:00:00,2020-09-08 15:00:00,535,534.5,333.261,24.7869471373044,102.115,16.599,53.537,51.088,46.885,42.321,31.133,14.355,1,1,1,1,1,1,1,22.646,2.011,0.786
North Complex,2020,2020-09-09 00:00:00,2020-09-08 17:00:00,2020-09-08 16:00:00,536,535.5,350.391,26.0610248255488,105.206,19.312,55.723,52.981,48.373,44.859,33.809,15.468,1,1,1,1,1,1,1,17.13,2.674,1.032
North Complex,2020,2020-09-09 01:00:00,2020-09-08 18:00:00,2020-09-08 17:00:00,537,536.5,378.605,28.1594969736006,114.885,22.991,58.785,55.939,51.371,47.342,36.591,22.304,1,1,1,1,1,1,1,28.214,3.213,1.461
North Complex,2020,2020-09-09 02:00:00,2020-09-08 19:00:00,2020-09-08 18:00:00,538,537.5,421.525,31.3517570074273,121.164,36.469,58.703,56.391,54.19,45.154,39.028,18.121,1,1,1,1,1,1,1,42.92,3.449,1.867
North Complex,2020,2020-09-09 03:00:00,2020-09-08 20:00:00,2020-09-08 19:00:00,539,538.5,528.529,39.3103915055537,131.168,33.848,68.826,66.568,64.226,59.754,57.243,49.47,1,1,1,1,1,1,1,107.004,8.674,2.934
North Complex,2020,2020-09-09 04:00:00,2020-09-08 21:00:00,2020-09-08 20:00:00,540,539.5,597.022,44.4046940800386,139.754,21.576,77.293,75.153,72.811,68.339,63.13,55.495,1,1,1,1,1,1,1,68.493,4.25,2.024
North Complex,2020,2020-09-09 05:00:00,2020-09-08 22:00:00,2020-09-08 21:00:00,541,540.5,629.461,46.8174089737315,145.829,36.896,83.362,81.223,78.881,74.409,69.377,54.995,1,1,1,1,1,1,1,32.439,4.331,1.503
North Complex,2020,2020-09-09 06:00:00,2020-09-08 23:00:00,2020-09-08 22:00:00,542,541.5,685.449,50.9816273980998,150.957,39.269,90.165,88.142,81.371,69.1,57.944,36.23,1,1,1,1,1,1,1,55.988,4.762,1.517
North Complex,2020,2020-09-09 07:00:00,2020-09-09 00:00:00,2020-09-08 23:00:00,543,542.5,718.029,53.4048294461444,160.775,60.81,104.258,101.323,96.968,86.55,75.121,49.848,1,1,1,1,1,1,1,32.58,4.58,0.83
North Complex,2020,2020-09-09 08:00:00,2020-09-09 01:00:00,2020-09-09 00:00:00,544,543.5,846.41,62.9534206717431,178.094,63.063,118.58,114.211,109.969,104.171,97.58,86.264,1,1,1,1,1,1,1,128.381,9.94,2.111
North Complex,2020,2020-09-09 09:00:00,2020-09-09 02:00:00,2020-09-09 01:00:00,545,544.5,953.295,70.9032043091048,177.554,23.331,119.503,115.619,111.561,104.596,96.789,80.742,1,1,1,1,1,1,1,106.885,5.916,1.695
North Complex,2020,2020-09-09 10:00:00,2020-09-09 03:00:00,2020-09-09 02:00:00,546,545.5,960.002,71.4020507221261,177.884,14.25,119.833,115.949,111.786,98.784,76.311,51.899,1,1,1,1,1,1,1,6.707,1.995,0.287
North Complex,2020,2020-09-09 11:00:00,2020-09-09 04:00:00,2020-09-09 03:00:00,547,546.5,963.915,71.6930878496276,178.519,7.555,118.548,114.597,100.26,76.401,34.039,16.484,1,1,1,1,1,1,1,3.913,1.048,0.275
North Complex,2020,2020-09-09 12:00:00,2020-09-09 05:00:00,2020-09-09 04:00:00,548,547.5,964.083,71.705583182472,178.526,0.602,92.769,88.891,60.491,36.857,17.803,4.153,1,1,1,1,1,1,1,0.168,0.047,0.022
North Complex,2020,2020-09-09 13:00:00,2020-09-09 06:00:00,2020-09-09 05:00:00,549,548.5,964.09,71.7061038213405,178.53,15.407,90.581,83.458,65.01,17.857,4.08,4.153,1,1,1,1,1,1,0,0.007,0.029,0.012
North Complex,2020,2020-09-09 14:00:00,2020-09-09 07:00:00,2020-09-09 06:00:00,550,549.5,973.629,72.415585845168,181.444,34.88,82.956,76.417,59.906,34.263,2.937,4.153,1,1,1,1,1,1,0,9.539,2.262,0.619
North Complex,2020,2020-09-09 15:00:00,2020-09-09 08:00:00,2020-09-09 07:00:00,551,550.5,1025.848,76.29947742733,184.909,10.571,73.008,67.945,59.225,39.194,29.874,9.641,1,1,1,1,1,1,1,52.219,4.218,1.497
North Complex,2020,2020-09-09 16:00:00,2020-09-09 09:00:00,2020-09-09 08:00:00,552,551.5,1027.563,76.4270339501169,184.829,14.432,73.722,69.49,55.574,32.877,17.782,9.641,1,1,1,1,1,1,0,1.715,0.422,0.162
North Complex,2020,2020-09-09 17:00:00,2020-09-09 10:00:00,2020-09-09 09:00:00,553,552.5,1032.783,76.8152817920687,184.644,12.873,89.416,81.2,54.001,24.755,13.661,9.641,1,1,1,1,1,1,0,5.22,1.102,0.362
North Complex,2020,2020-09-09 18:00:00,2020-09-09 11:00:00,2020-09-09 10:00:00,554,553.5,1046.711,77.8512043864569,189.159,28.686,97.244,88.531,66.069,36.079,20.41,8.941,1,1,1,1,1,1,1,13.928,3.118,1.082
North Complex,2020,2020-09-09 19:00:00,2020-09-09 12:00:00,2020-09-09 11:00:00,555,554.5,1075.069,79.9603868198039,189.475,21.165,112.908,106.698,84.344,57.216,40.696,20.41,1,1,1,1,1,1,1,28.358,3.546,0.989
North Complex,2020,2020-09-09 20:00:00,2020-09-09 13:00:00,2020-09-09 12:00:00,556,555.5,1094.843,81.4311172463857,189.581,38.322,126.229,118.469,90.64,54.838,40.244,23.357,1,1,1,1,1,1,1,19.774,2.083,0.934
North Complex,2020,2020-09-09 21:00:00,2020-09-09 14:00:00,2020-09-09 13:00:00,557,556.5,1108.412,82.4403385045169,188.423,23.668,119.395,112.01,95.606,73.43,53.916,20.511,1,1,1,1,1,1,1,13.569,1.879,0.354
North Complex,2020,2020-09-09 22:00:00,2020-09-09 15:00:00,2020-09-09 14:00:00,558,557.5,1119.708,83.2805008843423,189.129,12.2,115.567,109.76,99.074,83.152,35.2,12.876,0,1,1,1,1,1,1,11.296,2.084,0.477
North Complex,2020,2020-09-09 23:00:00,2020-09-09 16:00:00,2020-09-09 15:00:00,559,558.5,1119.708,83.2805008843423,189.129,12.2,105.15,101.79,90.857,52.088,14.98,0.775,1,1,1,1,1,1,1,0,0,0
North Complex,2020,2020-09-10 00:00:00,2020-09-09 17:00:00,2020-09-09 16:00:00,560,559.5,1126.277,83.7690832739557,189.62,11.511,92.236,88.24,74.137,42.73,17.867,2.481,0,1,1,1,1,1,1,6.569,1.84,0.538
North Complex,2020,2020-09-10 01:00:00,2020-09-09 18:00:00,2020-09-09 17:00:00,561,560.5,1126.277,83.7690832739557,189.62,11.511,80.602,72.677,47.923,32.423,17.407,2.481,1,1,1,1,1,1,0,0,0,0
North Complex,2020,2020-09-10 02:00:00,2020-09-09 19:00:00,2020-09-09 18:00:00,562,561.5,1128.677,83.9475880288761,190.502,0.861,59.373,53.232,35.672,21.668,6.467,2.481,0,1,1,1,1,1,0,2.4,0.768,0.208
North Complex,2020,2020-09-10 03:00:00,2020-09-09 20:00:00,2020-09-09 19:00:00,563,562.5,1128.677,83.9475880288761,190.502,0.861,56.69,52.012,37.467,10.738,6.467,2.481,0,1,1,1,1,0,0,0,0,0
North Complex,2020,2020-09-10 04:00:00,2020-09-09 21:00:00,2020-09-09 20:00:00,564,563.5,1128.677,83.9475880288761,190.502,0.861,53.234,48.614,31.813,9.777,6.467,2.481,1,1,1,1,1,0,0,0,0,0
North Complex,2020,2020-09-10 05:00:00,2020-09-09 22:00:00,2020-09-09 21:00:00,565,564.5,1128.692,83.9487036835944,190.503,0.789,38.663,33.621,20.662,5.575,6.467,2.481,0,1,1,1,1,0,0,0.015,0.022,0.017
North Complex,2020,2020-09-10 06:00:00,2020-09-09 23:00:00,2020-09-09 22:00:00,566,565.5,1128.692,83.9487036835944,190.503,0.789,37.643,27.814,15.832,3.379,6.467,2.481,1,1,1,1,1,0,0,0,0,0
North Complex,2020,2020-09-10 07:00:00,2020-09-10 00:00:00,2020-09-09 23:00:00,567,566.5,1128.708,83.9498937152939,190.513,7.665,26.709,22.567,11.956,2.036,6.467,2.481,0,1,1,1,1,0,0,0.016,0.031,0.02
North Complex,2020,2020-09-10 08:00:00,2020-09-10 01:00:00,2020-09-10 00:00:00,568,567.5,1128.708,83.9498937152939,190.513,7.665,26.709,22.567,11.956,2.036,6.467,2.481,0,1,1,1,1,0,0,0,0,0
North Complex,2020,2020-09-10 09:00:00,2020-09-10 02:00:00,2020-09-10 01:00:00,569,568.5,1128.708,83.9498937152939,190.513,7.665,29.583,26.249,16.265,3.208,6.467,2.481,0,1,1,1,1,0,0,0,0,0
North Complex,2020,2020-09-10 10:00:00,2020-09-10 03:00:00,2020-09-10 02:00:00,570,569.5,1128.708,83.9498937152939,190.513,7.665,30.016,22.913,10.748,3.208,6.467,2.481,0,1,1,1,0,0,0,0,0,0
North Complex,2020,2020-09-10 11:00:00,2020-09-10 04:00:00,2020-09-10 03:00:00,571,570.5,1128.708,83.9498937152939,190.513,7.665,25.414,21.496,11.575,3.208,6.467,2.481,1,1,1,1,0,0,0,0,0,0
North Complex,2020,2020-09-10 12:00:00,2020-09-10 05:00:00,2020-09-10 04:00:00,572,571.5,1136.176,84.5053410110212,192.235,4.746,37.219,32.669,21.448,7.294,1.566,2.481,0,1,1,1,1,1,0,7.468,2.095,0.974
North Complex,2020,2020-09-10 13:00:00,2020-09-10 06:00:00,2020-09-10 05:00:00,573,572.5,1136.176,84.5053410110212,192.235,4.746,41.015,36.51,24.103,12.848,5.225,0.066,0,1,1,1,1,1,1,0,0,0
North Complex,2020,2020-09-10 14:00:00,2020-09-10 07:00:00,2020-09-10 06:00:00,574,573.5,1136.176,84.5053410110212,192.235,4.746,30.267,26.694,18.534,9.595,1.658,0.066,0,1,1,1,1,1,0,0,0,0
North Complex,2020,2020-09-10 15:00:00,2020-09-10 08:00:00,2020-09-10 07:00:00,575,574.5,1136.176,84.5053410110212,192.235,4.746,33.144,28.061,19.101,5.557,0.646,0.066,0,1,1,1,1,1,0,0,0,0
North Complex,2020,2020-09-10 16:00:00,2020-09-10 09:00:00,2020-09-10 08:00:00,576,575.5,1136.176,84.5053410110212,192.235,4.746,34.588,29.518,18.375,3.885,0.616,0.066,0,1,1,1,1,1,0,0,0,0
North Complex,2020,2020-09-10 17:00:00,2020-09-10 10:00:00,2020-09-10 09:00:00,577,576.5,1136.176,84.5053410110212,192.235,4.746,23.339,19.578,9.466,3.87,0.616,0.066,0,1,1,1,1,0,0,0,0,0
North Complex,2020,2020-09-10 18:00:00,2020-09-10 11:00:00,2020-09-10 10:00:00,578,577.5,1136.176,84.5053410110212,192.235,4.746,40.574,34.65,21.537,11.751,5.675,0.066,1,1,1,1,1,1,0,0,0,0
North Complex,2020,2020-09-10 19:00:00,2020-09-10 12:00:00,2020-09-10 11:00:00,579,578.5,1138.482,84.6768543297072,194.353,8.556,50.364,43.721,28.56,13.017,8.5,0.066,0,1,1,1,1,1,0,2.306,1.667,0.486
North Complex,2020,2020-09-10 20:00:00,2020-09-10 13:00:00,2020-09-10 12:00:00,580,579.5,1138.482,84.6768543297072,194.353,8.556,65.417,57.416,36.551,16.031,6.257,0.066,1,1,1,1,1,1,0,0,0,0
North Complex,2020,2020-09-10 21:00:00,2020-09-10 14:00:00,2020-09-10 13:00:00,581,580.5,1140.638,84.8372111012107,194.404,12.837,57.73,51.166,33.262,15.709,7.119,2.083,1,1,1,1,1,1,1,2.156,0.822,0.252
North Complex,2020,2020-09-10 22:00:00,2020-09-10 15:00:00,2020-09-10 14:00:00,582,581.5,1147.974,85.3828406354174,192.991,7.349,68.246,61.881,44.378,23.747,13.255,1.76,1,1,1,1,1,1,1,7.336,1.42,0.571
North Complex,2020,2020-09-10 23:00:00,2020-09-10 16:00:00,2020-09-10 15:00:00,583,582.5,1151.48,85.6436063315637,192.332,10.473,78.775,70.433,48.511,23.299,6.939,1.598,0,1,1,1,1,1,1,3.506,1.126,0.477
North Complex,2020,2020-09-11 00:00:00,2020-09-10 17:00:00,2020-09-10 16:00:00,584,583.5,1151.48,85.6436063315637,192.332,10.473,62.666,58.035,45.084,16.225,7.209,1.598,0,1,1,1,1,1,0,0,0,0
North Complex,2020,2020-09-11 01:00:00,2020-09-10 18:00:00,2020-09-10 17:00:00,585,584.5,1151.48,85.6436063315637,192.332,10.473,51.073,44.619,29.53,2.749,7.209,1.598,0,1,1,1,1,0,0,0,0,0
North Complex,2020,2020-09-11 02:00:00,2020-09-10 19:00:00,2020-09-10 18:00:00,586,585.5,1151.48,85.6436063315637,192.332,10.473,44.43,38.794,22.983,4.333,1.696,1.598,0,1,1,1,1,1,0,0,0,0
North Complex,2020,2020-09-11 03:00:00,2020-09-10 20:00:00,2020-09-10 19:00:00,587,586.5,1151.48,85.6436063315637,192.332,10.473,43.806,38.012,23.974,7.596,0.998,1.598,0,1,1,1,1,1,0,0,0,0
North Complex,2020,2020-09-11 04:00:00,2020-09-10 21:00:00,2020-09-10 20:00:00,588,587.5,1151.48,85.6436063315637,192.332,10.473,42.874,36.944,22.525,8.615,2.754,1.598,0,1,1,1,1,1,0,0,0,0
North Complex,2020,2020-09-11 05:00:00,2020-09-10 22:00:00,2020-09-10 21:00:00,589,588.5,1151.48,85.6436063315637,192.332,10.473,43.715,38.807,25.908,11.999,2.052,1.598,1,1,1,1,1,1,0,0,0,0
North Complex,2020,2020-09-11 06:00:00,2020-09-10 23:00:00,2020-09-10 22:00:00,590,589.5,1155.947,85.9758483066593,191.19,0.55,46.578,40.973,24.16,6.44,0.851,1.598,1,1,1,1,1,1,0,4.467,1.412,0.427
North Complex,2020,2020-09-11 07:00:00,2020-09-11 00:00:00,2020-09-10 23:00:00,591,590.5,1155.962,85.9769639613775,191.197,5.503,34.929,29.714,15.861,4.444,0.851,1.598,0,1,1,1,1,0,0,0.015,0.037,0.027
North Complex,2020,2020-09-11 08:00:00,2020-09-11 01:00:00,2020-09-11 00:00:00,592,591.5,1155.962,85.9769639613775,191.197,5.503,34.931,29.62,16.409,6.028,0.851,1.598,0,1,1,1,1,0,0,0,0,0
North Complex,2020,2020-09-11 09:00:00,2020-09-11 02:00:00,2020-09-11 01:00:00,593,592.5,1155.962,85.9769639613775,191.197,5.503,30.249,26.755,17.592,4.487,1.452,1.598,0,1,1,1,1,1,0,0,0,0
North Complex,2020,2020-09-11 10:00:00,2020-09-11 03:00:00,2020-09-11 02:00:00,594,593.5,1155.962,85.9769639613775,191.197,5.503,21.89,19.22,12.393,4.487,1.452,1.598,0,1,1,1,1,1,0,0,0,0
North Complex,2020,2020-09-11 11:00:00,2020-09-11 04:00:00,2020-09-11 03:00:00,595,594.5,1155.962,85.9769639613775,191.197,5.503,21.121,18.143,11.157,3.247,1.452,1.598,0,1,1,1,1,0,0,0,0,0
North Complex,2020,2020-09-11 12:00:00,2020-09-11 05:00:00,2020-09-11 04:00:00,596,595.5,1155.962,85.9769639613775,191.197,5.503,31.286,24.935,14.348,2.341,1.452,1.598,0,1,1,1,1,0,0,0,0,0
North Complex,2020,2020-09-11 13:00:00,2020-09-11 06:00:00,2020-09-11 05:00:00,597,596.5,1155.962,85.9769639613775,191.197,5.503,29.992,24.235,16.031,6.034,1.249,1.598,0,1,1,1,1,1,0,0,0,0
North Complex,2020,2020-09-11 14:00:00,2020-09-11 07:00:00,2020-09-11 06:00:00,598,597.5,1155.962,85.9769639613775,191.197,5.503,30.006,26.092,16.996,6.94,1.249,1.598,0,1,1,1,1,1,0,0,0,0
North Complex,2020,2020-09-11 15:00:00,2020-09-11 08:00:00,2020-09-11 07:00:00,599,598.5,1155.962,85.9769639613775,191.197,5.503,22.931,19.7,12.139,3.839,1.249,1.598,0,1,1,1,1,0,0,0,0,0
North Complex,2020,2020-09-11 16:00:00,2020-09-11 09:00:00,2020-09-11 08:00:00,600,599.5,1155.962,85.9769639613775,191.197,5.503,12.665,11.029,7.763,3.512,1.249,1.598,0,1,1,1,1,0,0,0,0,0
North Complex,2020,2020-09-11 17:00:00,2020-09-11 10:00:00,2020-09-11 09:00:00,601,600.5,1155.962,85.9769639613775,191.197,5.503,24.881,20.433,11.368,5.053,1.249,1.598,0,1,1,1,1,0,0,0,0,0
North Complex,2020,2020-09-11 18:00:00,2020-09-11 11:00:00,2020-09-11 10:00:00,602,601.5,1155.962,85.9769639613775,191.197,5.503,25.438,20.954,10.295,3.53,1.249,1.598,0,1,1,1,1,0,0,0,0,0
North Complex,2020,2020-09-11 19:00:00,2020-09-11 12:00:00,2020-09-11 11:00:00,603,602.5,1155.962,85.9769639613775,191.197,5.503,26.852,22.371,12.316,5.667,1.249,1.598,0,1,1,1,1,0,0,0,0,0
North Complex,2020,2020-09-11 20:00:00,2020-09-11 13:00:00,2020-09-11 12:00:00,604,603.5,1155.962,85.9769639613775,191.197,5.503,14.932,12.955,9.007,3.112,1.249,1.598,0,1,1,1,1,0,0,0,0,0
North Complex,2020,2020-09-11 21:00:00,2020-09-11 14:00:00,2020-09-11 13:00:00,605,604.5,1155.962,85.9769639613775,191.197,5.503,30.569,24.71,11.834,2.307,1.249,1.598,0,1,1,1,1,0,0,0,0,0
North Complex,2020,2020-09-11 22:00:00,2020-09-11 15:00:00,2020-09-11 14:00:00,606,605.5,1155.962,85.9769639613775,191.197,5.503,35.44,30.24,17.073,3.264,1.249,1.598,0,1,1,1,1,0,0,0,0,0
North Complex,2020,2020-09-11 23:00:00,2020-09-11 16:00:00,2020-09-11 15:00:00,607,606.5,1155.962,85.9769639613775,191.197,5.503,33.98,28.855,17.645,8.516,1.007,1.598,0,1,1,1,1,1,0,0,0,0
North Complex,2020,2020-09-12 00:00:00,2020-09-11 17:00:00,2020-09-11 16:00:00,608,607.5,1155.962,85.9769639613775,191.197,5.503,36.661,30.651,17.218,4.456,1.007,1.598,0,1,1,1,1,0,0,0,0,0
North Complex,2020,2020-09-12 01:00:00,2020-09-11 18:00:00,2020-09-11 17:00:00,609,608.5,1155.962,85.9769639613775,191.197,5.503,28.972,23.731,9.854,4.456,1.007,1.598,0,1,1,1,0,0,0,0,0,0
North Complex,2020,2020-09-12 02:00:00,2020-09-11 19:00:00,2020-09-11 18:00:00,610,609.5,1155.962,85.9769639613775,191.197,5.503,36.867,31.146,17.19,2.148,1.007,1.598,0,1,1,1,1,0,0,0,0,0
North Complex,2020,2020-09-12 03:00:00,2020-09-11 20:00:00,2020-09-11 19:00:00,611,610.5,1155.962,85.9769639613775,191.197,5.503,44.102,37.419,22.885,5.194,1.218,1.598,0,1,1,1,1,1,0,0,0,0
North Complex,2020,2020-09-12 04:00:00,2020-09-11 21:00:00,2020-09-11 20:00:00,612,611.5,1155.962,85.9769639613775,191.197,5.503,47.276,38.424,25.612,8.27,1.218,1.598,0,1,1,1,1,0,0,0,0,0
North Complex,2020,2020-09-12 05:00:00,2020-09-11 22:00:00,2020-09-11 21:00:00,613,612.5,1155.962,85.9769639613775,191.197,5.503,29.418,25.921,15.416,8.27,1.218,1.598,0,1,1,1,0,0,0,0,0,0
North Complex,2020,2020-09-12 06:00:00,2020-09-11 23:00:00,2020-09-11 22:00:00,614,613.5,1155.962,85.9769639613775,191.197,5.503,22.638,19.584,12.265,8.27,1.218,1.598,0,1,1,1,0,0,0,0,0,0
North Complex,2020,2020-09-12 07:00:00,2020-09-12 00:00:00,2020-09-11 23:00:00,615,614.5,1155.962,85.9769639613775,191.197,5.503,17.458,14.347,6.223,8.27,1.218,1.598,0,1,1,1,0,0,0,0,0,0
North Complex,2020,2020-09-12 08:00:00,2020-09-12 01:00:00,2020-09-12 00:00:00,616,615.5,1155.962,85.9769639613775,191.197,5.503,16.828,14.739,10.071,8.27,1.218,1.598,0,1,1,1,0,0,0,0,0,0
North Complex,2020,2020-09-12 09:00:00,2020-09-12 02:00:00,2020-09-12 01:00:00,617,616.5,1155.962,85.9769639613775,191.197,5.503,16.828,14.739,10.071,8.27,1.218,1.598,0,1,1,1,0,0,0,0,0,0
North Complex,2020,2020-09-12 10:00:00,2020-09-12 03:00:00,2020-09-12 02:00:00,618,617.5,1155.962,85.9769639613775,191.197,5.503,21.374,18.4,11.708,8.27,1.218,1.598,0,1,1,1,0,0,0,0,0,0
North Complex,2020,2020-09-12 11:00:00,2020-09-12 04:00:00,2020-09-12 03:00:00,619,618.5,1155.962,85.9769639613775,191.197,5.503,16.89,13.682,9.749,3.235,0.316,1.598,0,1,1,1,1,1,0,0,0,0
North Complex,2020,2020-09-12 12:00:00,2020-09-12 05:00:00,2020-09-12 04:00:00,620,619.5,1155.962,85.9769639613775,191.197,5.503,10.087,8.366,3.661,3.235,0.316,1.598,0,1,1,1,0,0,0,0,0,0
North Complex,2020,2020-09-12 13:00:00,2020-09-12 06:00:00,2020-09-12 05:00:00,621,620.5,1155.962,85.9769639613775,191.197,5.503,12.074,10.5,6.274,3.235,0.316,1.598,1,1,1,1,0,0,0,0,0,0
North Complex,2020,2020-09-12 14:00:00,2020-09-12 07:00:00,2020-09-12 06:00:00,622,621.5,1159.266,86.222705507318,191.468,5.825,15.129,13.313,8.66,3.235,0.316,1.598,0,1,1,1,0,0,0,3.304,1.34,0.6
North Complex,2020,2020-09-12 15:00:00,2020-09-12 08:00:00,2020-09-12 07:00:00,623,622.5,1159.266,86.222705507318,191.468,5.825,12.389,10.251,4.636,3.235,0.316,1.598,0,1,1,1,0,0,0,0,0,0
North Complex,2020,2020-09-12 16:00:00,2020-09-12 09:00:00,2020-09-12 08:00:00,624,623.5,1159.266,86.222705507318,191.468,5.825,4.705,2.861,4.636,3.235,0.316,1.598,0,1,1,0,0,0,0,0,0,0
North Complex,2020,2020-09-12 17:00:00,2020-09-12 10:00:00,2020-09-12 09:00:00,625,624.5,1159.266,86.222705507318,191.468,5.825,6.911,5.627,1.437,3.235,0.316,1.598,0,1,1,1,0,0,0,0,0,0
North Complex,2020,2020-09-12 18:00:00,2020-09-12 11:00:00,2020-09-12 10:00:00,626,625.5,1159.266,86.222705507318,191.468,5.825,16.121,14.152,8.119,3.235,0.316,1.598,0,1,1,1,0,0,0,0,0,0
North Complex,2020,2020-09-12 19:00:00,2020-09-12 12:00:00,2020-09-12 11:00:00,627,626.5,1159.266,86.222705507318,191.468,5.825,16.121,14.152,8.119,3.235,0.316,1.598,0,0,0,0,0,0,0,0,0,0
North Complex,2020,2020-09-12 20:00:00,2020-09-12 13:00:00,2020-09-12 12:00:00,628,627.5,1159.266,86.222705507318,191.468,5.825,17.771,15.223,7.577,3.235,0.316,1.598,0,1,1,1,0,0,0,0,0,0
North Complex,2020,2020-09-12 21:00:00,2020-09-12 14:00:00,2020-09-12 13:00:00,629,628.5,1159.266,86.222705507318,191.468,5.825,25.179,22.296,15.176,1.406,0.316,1.598,1,1,1,1,1,0,0,0,0,0
North Complex,2020,2020-09-12 22:00:00,2020-09-12 15:00:00,2020-09-12 14:00:00,630,629.5,1161.443,86.384624195427,191.184,1.01,28.38,24.068,11.945,4.875,0.316,1.598,0,1,1,1,1,0,0,2.177,0.77,0.374
North Complex,2020,2020-09-12 23:00:00,2020-09-12 16:00:00,2020-09-12 15:00:00,631,630.5,1161.443,86.384624195427,191.184,1.01,25.876,22.264,12.375,3.525,0.316,1.598,0,1,1,1,1,0,0,0,0,0
North Complex,2020,2020-09-13 00:00:00,2020-09-12 17:00:00,2020-09-12 16:00:00,632,631.5,1161.443,86.384624195427,191.184,1.01,22.176,18.803,9.247,0.785,0.316,1.598,1,1,1,1,1,0,0,0,0,0
North Complex,2020,2020-09-13 01:00:00,2020-09-12 18:00:00,2020-09-12 17:00:00,633,632.5,1161.472,86.3867811278823,191.184,7.749,14.818,12.387,5.665,0.785,0.316,1.598,0,1,1,1,0,0,0,0.029,0.045,0.029
North Complex,2020,2020-09-13 02:00:00,2020-09-12 19:00:00,2020-09-12 18:00:00,634,633.5,1161.472,86.3867811278823,191.184,7.749,22.13,18.767,9.226,0.785,0.316,1.598,0,1,1,1,0,0,0,0,0,0
North Complex,2020,2020-09-13 03:00:00,2020-09-12 20:00:00,2020-09-12 19:00:00,635,634.5,1161.472,86.3867811278823,191.184,7.749,23.166,19.363,10.522,1.748,0.316,1.598,0,1,1,1,1,0,0,0,0,0
North Complex,2020,2020-09-13 04:00:00,2020-09-12 21:00:00,2020-09-12 20:00:00,636,635.5,1161.472,86.3867811278823,191.184,7.749,20.71,16.412,7.283,1.748,0.316,1.598,0,1,1,1,1,0,0,0,0,0
North Complex,2020,2020-09-13 05:00:00,2020-09-12 22:00:00,2020-09-12 21:00:00,637,636.5,1161.472,86.3867811278823,191.184,7.749,11.859,8.323,1.183,1.748,0.316,1.598,0,1,1,1,0,0,0,0,0,0
North Complex,2020,2020-09-13 06:00:00,2020-09-12 23:00:00,2020-09-12 22:00:00,638,637.5,1161.472,86.3867811278823,191.184,7.749,7.681,5.35,1.183,1.748,0.316,1.598,0,1,1,0,0,0,0,0,0,0
North Complex,2020,2020-09-13 07:00:00,2020-09-13 00:00:00,2020-09-12 23:00:00,639,638.5,1161.472,86.3867811278823,191.184,7.749,12.278,10.12,3.324,1.748,0.316,1.598,0,1,1,1,0,0,0,0,0,0
North Complex,2020,2020-09-13 08:00:00,2020-09-13 01:00:00,2020-09-13 00:00:00,640,639.5,1161.472,86.3867811278823,191.184,7.749,16.098,13.37,6.879,1.748,0.316,1.598,0,1,1,1,0,0,0,0,0,0
North Complex,2020,2020-09-13 09:00:00,2020-09-13 02:00:00,2020-09-13 01:00:00,641,640.5,1161.472,86.3867811278823,191.184,7.749,16.491,14.017,7.592,1.805,0.316,1.598,0,1,1,1,1,0,0,0,0,0
North Complex,2020,2020-09-13 10:00:00,2020-09-13 03:00:00,2020-09-13 02:00:00,642,641.5,1161.472,86.3867811278823,191.184,7.749,13.807,10.235,5.222,1.805,0.316,1.598,0,1,1,1,0,0,0,0,0,0
North Complex,2020,2020-09-13 11:00:00,2020-09-13 04:00:00,2020-09-13 03:00:00,643,642.5,1161.472,86.3867811278823,191.184,7.749,13.064,9.261,4.82,1.805,0.316,1.598,0,1,1,1,0,0,0,0,0,0
North Complex,2020,2020-09-13 12:00:00,2020-09-13 05:00:00,2020-09-13 04:00:00,644,643.5,1161.472,86.3867811278823,191.184,7.749,10.453,7.58,2.672,1.805,0.316,1.598,0,1,1,1,0,0,0,0,0,0
North Complex,2020,2020-09-13 13:00:00,2020-09-13 06:00:00,2020-09-13 05:00:00,645,644.5,1161.472,86.3867811278823,191.184,7.749,17.723,12.566,4.722,1.805,0.316,1.598,0,1,1,1,0,0,0,0,0,0
North Complex,2020,2020-09-13 14:00:00,2020-09-13 07:00:00,2020-09-13 06:00:00,646,645.5,1161.472,86.3867811278823,191.184,7.749,17.92,12.083,7.85,1.805,0.316,1.598,0,1,1,1,0,0,0,0,0,0
North Complex,2020,2020-09-13 15:00:00,2020-09-13 08:00:00,2020-09-13 07:00:00,647,646.5,1161.472,86.3867811278823,191.184,7.749,11.248,8.306,4.597,1.805,0.316,1.598,0,1,1,1,0,0,0,0,0,0
North Complex,2020,2020-09-13 16:00:00,2020-09-13 09:00:00,2020-09-13 08:00:00,648,647.5,1161.472,86.3867811278823,191.184,7.749,7.321,4.637,0.07,1.805,0.316,1.598,0,1,1,1,0,0,0,0,0,0
North Complex,2020,2020-09-13 17:00:00,2020-09-13 10:00:00,2020-09-13 09:00:00,649,648.5,1161.472,86.3867811278823,191.184,7.749,10.608,9.108,5.684,1.618,0.316,1.598,0,1,1,1,1,0,0,0,0,0
North Complex,2020,2020-09-13 18:00:00,2020-09-13 11:00:00,2020-09-13 10:00:00,650,649.5,1161.472,86.3867811278823,191.184,7.749,18.281,15.138,12.134,7.868,2.415,1.598,1,1,1,1,1,1,0,0,0,0
North Complex,2020,2020-09-13 19:00:00,2020-09-13 12:00:00,2020-09-13 11:00:00,651,650.5,1166.031,86.7258657852499,191.637,2.062,25.871,23.684,18.518,11.551,5.766,0.906,1,1,1,1,1,1,1,4.559,1.672,0.588
North Complex,2020,2020-09-13 20:00:00,2020-09-13 13:00:00,2020-09-13 12:00:00,652,651.5,1166.074,86.7290639954422,191.664,2.043,29.35,27.254,22.365,14.41,6.409,0.739,1,1,1,1,1,1,1,0.043,0.037,0.021
North Complex,2020,2020-09-13 21:00:00,2020-09-13 14:00:00,2020-09-13 13:00:00,653,652.5,1166.109,86.7316671897848,191.664,8.247,29.798,26.408,18.312,10.406,5.802,1.432,1,1,1,1,1,1,1,0.035,0.019,0.017
North Complex,2020,2020-09-13 22:00:00,2020-09-13 15:00:00,2020-09-13 14:00:00,654,653.5,1171.81,87.155690359702,190.46,8.487,34.079,31.321,25.883,17.764,10.884,2.455,0,1,1,1,1,1,1,5.701,1.715,0.691
North Complex,2020,2020-09-13 23:00:00,2020-09-13 16:00:00,2020-09-13 15:00:00,655,654.5,1171.81,87.155690359702,190.46,8.487,28.637,26.414,20.31,9.437,3.217,0.471,1,1,1,1,1,1,1,0,0,0
North Complex,2020,2020-09-14 00:00:00,2020-09-13 17:00:00,2020-09-13 16:00:00,656,655.5,1176.023,87.4690405815685,190.358,7.065,20.737,17.691,10.503,5.469,0.538,0.471,1,1,1,1,1,1,0,4.213,1.591,0.496
North Complex,2020,2020-09-14 01:00:00,2020-09-13 18:00:00,2020-09-13 17:00:00,657,656.5,1179.256,87.7095013618425,189.176,19.211,22.745,19.335,11.131,5.469,0.538,0.471,0,1,1,1,0,0,0,3.233,0.996,0.458
North Complex,2020,2020-09-14 02:00:00,2020-09-13 19:00:00,2020-09-13 18:00:00,658,657.5,1179.256,87.7095013618425,189.176,19.211,13.372,11.233,5.266,5.469,0.538,0.471,0,1,1,1,0,0,0,0,0,0
North Complex,2020,2020-09-14 03:00:00,2020-09-13 20:00:00,2020-09-13 19:00:00,659,658.5,1179.256,87.7095013618425,189.176,19.211,18.219,11.867,5.557,2.387,0.538,0.471,0,1,1,1,1,0,0,0,0,0
North Complex,2020,2020-09-14 04:00:00,2020-09-13 21:00:00,2020-09-13 20:00:00,660,659.5,1179.256,87.7095013618425,189.176,19.211,14.226,10.884,5.557,2.387,0.538,0.471,0,1,1,1,1,0,0,0,0,0
North Complex,2020,2020-09-14 05:00:00,2020-09-13 22:00:00,2020-09-13 21:00:00,661,660.5,1179.256,87.7095013618425,189.176,19.211,14.48,11.083,6.328,2.387,0.538,0.471,0,1,1,1,1,0,0,0,0,0
North Complex,2020,2020-09-14 06:00:00,2020-09-13 23:00:00,2020-09-13 22:00:00,662,661.5,1179.256,87.7095013618425,189.176,19.211,17.604,13.662,6.327,2.853,0.538,0.471,0,1,1,1,1,0,0,0,0,0
North Complex,2020,2020-09-14 07:00:00,2020-09-14 00:00:00,2020-09-13 23:00:00,663,662.5,1179.256,87.7095013618425,189.176,19.211,14.226,10.884,5.557,2.387,0.538,0.471,0,1,1,1,1,0,0,0,0,0
North Complex,2020,2020-09-14 08:00:00,2020-09-14 01:00:00,2020-09-14 00:00:00,664,663.5,1179.256,87.7095013618425,189.176,19.211,14.226,10.884,5.557,2.387,0.538,0.471,0,1,1,1,1,0,0,0,0,0
North Complex,2020,2020-09-14 09:00:00,2020-09-14 02:00:00,2020-09-14 01:00:00,665,664.5,1179.256,87.7095013618425,189.176,19.211,15.896,11.906,4.476,2.387,0.538,0.471,0,1,1,1,0,0,0,0,0,0
North Complex,2020,2020-09-14 10:00:00,2020-09-14 03:00:00,2020-09-14 02:00:00,666,665.5,1179.256,87.7095013618425,189.176,19.211,10.217,6.586,1.695,2.387,0.538,0.471,0,1,1,1,0,0,0,0,0,0
North Complex,2020,2020-09-14 11:00:00,2020-09-14 04:00:00,2020-09-14 03:00:00,667,666.5,1179.256,87.7095013618425,189.176,19.211,10.217,6.586,1.695,2.387,0.538,0.471,0,1,1,1,0,0,0,0,0,0
North Complex,2020,2020-09-14 12:00:00,2020-09-14 05:00:00,2020-09-14 04:00:00,668,667.5,1179.256,87.7095013618425,189.176,19.211,12.993,9.21,4.475,2.387,0.538,0.471,0,1,1,1,1,0,0,0,0,0
North Complex,2020,2020-09-14 13:00:00,2020-09-14 06:00:00,2020-09-14 05:00:00,669,668.5,1179.256,87.7095013618425,189.176,19.211,16.703,11.799,4.629,2.465,0.538,0.471,0,1,1,1,1,0,0,0,0,0
North Complex,2020,2020-09-14 14:00:00,2020-09-14 07:00:00,2020-09-14 06:00:00,670,669.5,1179.256,87.7095013618425,189.176,19.211,10.217,6.586,1.695,2.465,0.538,0.471,0,1,1,1,0,0,0,0,0,0
North Complex,2020,2020-09-14 15:00:00,2020-09-14 08:00:00,2020-09-14 07:00:00,671,670.5,1179.256,87.7095013618425,189.176,19.211,10.217,6.586,1.695,2.465,0.538,0.471,0,1,1,1,0,0,0,0,0,0
North Complex,2020,2020-09-14 16:00:00,2020-09-14 09:00:00,2020-09-14 08:00:00,672,671.5,1179.256,87.7095013618425,189.176,19.211,9.135,4.646,1.695,2.465,0.538,0.471,0,1,1,1,0,0,0,0,0,0
North Complex,2020,2020-09-14 17:00:00,2020-09-14 10:00:00,2020-09-14 09:00:00,673,672.5,1179.256,87.7095013618425,189.176,19.211,11.45,8.259,2.778,2.465,0.538,0.471,0,1,1,1,0,0,0,0,0,0
North Complex,2020,2020-09-14 18:00:00,2020-09-14 11:00:00,2020-09-14 10:00:00,674,673.5,1179.256,87.7095013618425,189.176,19.211,17.544,11.135,6.187,2.465,0.538,0.471,0,1,1,1,0,0,0,0,0,0
North Complex,2020,2020-09-14 19:00:00,2020-09-14 12:00:00,2020-09-14 11:00:00,675,674.5,1179.256,87.7095013618425,189.176,19.211,20.114,16.149,9.448,2.465,0.538,0.471,0,1,1,1,0,0,0,0,0,0
North Complex,2020,2020-09-14 20:00:00,2020-09-14 13:00:00,2020-09-14 12:00:00,676,675.5,1179.256,87.7095013618425,189.176,19.211,24.011,20.845,17.521,13.318,7.863,1.467,1,1,1,1,1,1,1,0,0,0
North Complex,2020,2020-09-14 21:00:00,2020-09-14 14:00:00,2020-09-14 13:00:00,677,676.5,1186.921,88.2796009228696,188.39,18.773,29.489,27.451,22.836,16.823,12.255,7.727,1,1,1,1,1,1,1,7.665,1.255,0.399
North Complex,2020,2020-09-14 22:00:00,2020-09-14 15:00:00,2020-09-14 14:00:00,678,677.5,1192.602,88.7021365531624,188.958,4.296,34.12,30.045,22.488,17.436,11.539,6.829,1,1,1,1,1,1,1,5.681,1.115,0.303
North Complex,2020,2020-09-14 23:00:00,2020-09-14 16:00:00,2020-09-14 15:00:00,679,678.5,1193.438,88.7643157094597,188.915,1.515,38.764,35.969,26.817,19.663,13.326,7.166,1,1,1,1,1,1,1,0.836,0.343,0.195
North Complex,2020,2020-09-15 00:00:00,2020-09-14 17:00:00,2020-09-14 16:00:00,680,679.5,1193.477,88.7672164117272,188.917,5.131,37.524,33.946,25.805,19.982,13.518,3.247,1,1,1,1,1,1,1,0.039,0.047,0.026
North Complex,2020,2020-09-15 01:00:00,2020-09-14 18:00:00,2020-09-14 17:00:00,681,680.5,1194.991,88.8798231612895,190.071,8.528,26.458,24.922,21.101,15.438,8.928,3.247,1,1,1,1,1,1,0,1.514,1.003,0.295
North Complex,2020,2020-09-15 02:00:00,2020-09-14 19:00:00,2020-09-14 18:00:00,682,681.5,1202.377,89.429171544557,190.443,8.739,26.229,24.087,19.894,14.232,7.18,1.746,1,1,1,1,1,1,1,7.386,2.041,0.866
North Complex,2020,2020-09-15 03:00:00,2020-09-14 20:00:00,2020-09-14 19:00:00,683,682.5,1204.91,89.6175684379793,190.775,3.611,28.152,24.971,19.015,10.709,4.711,1.928,1,1,1,1,1,1,1,2.533,0.962,0.29
North Complex,2020,2020-09-15 04:00:00,2020-09-14 21:00:00,2020-09-14 20:00:00,684,683.5,1206.242,89.7166385769601,191.415,0.021,26.954,23.495,17.092,8.801,4.505,0.231,0,1,1,1,1,1,1,1.332,0.566,0.369
North Complex,2020,2020-09-15 05:00:00,2020-09-14 22:00:00,2020-09-14 21:00:00,685,684.5,1206.242,89.7166385769601,191.415,0.021,21.465,18.406,12.396,6.62,2.043,0.231,1,1,1,1,1,1,0,0,0,0
North Complex,2020,2020-09-15 06:00:00,2020-09-14 23:00:00,2020-09-14 22:00:00,686,685.5,1206.244,89.7167873309225,191.419,0.51,27.277,23.811,16.073,7.001,2.063,0.231,0,1,1,1,1,1,0,0.002,0.017,0.095
North Complex,2020,2020-09-15 07:00:00,2020-09-15 00:00:00,2020-09-14 23:00:00,687,686.5,1206.244,89.7167873309225,191.419,0.51,25.063,22.068,16.507,8.327,1.896,0.231,1,1,1,1,1,1,0,0,0,0
North Complex,2020,2020-09-15 08:00:00,2020-09-15 01:00:00,2020-09-15 00:00:00,688,687.5,1206.251,89.717307969791,191.426,2.928,25.07,22.074,16.513,8.333,2.76,0.384,0,1,1,1,1,1,1,0.007,0.027,0.014
North Complex,2020,2020-09-15 09:00:00,2020-09-15 02:00:00,2020-09-15 01:00:00,689,688.5,1206.251,89.717307969791,191.426,2.928,22.907,20.58,14.523,6.047,3.093,0.384,1,1,1,1,1,1,1,0,0,0
North Complex,2020,2020-09-15 10:00:00,2020-09-15 03:00:00,2020-09-15 02:00:00,690,689.5,1207.231,89.7901974113835,192.335,0.255,18.964,17.335,13.384,6.964,2.031,0.384,0,1,1,1,1,1,0,0.98,0.847,0.335
North Complex,2020,2020-09-15 11:00:00,2020-09-15 04:00:00,2020-09-15 03:00:00,691,690.5,1207.231,89.7901974113835,192.335,0.255,13.3,10.835,6.887,5.212,3.249,0.384,1,1,1,1,1,1,0,0,0,0
North Complex,2020,2020-09-15 12:00:00,2020-09-15 05:00:00,2020-09-15 04:00:00,692,691.5,1207.239,89.7907924272333,192.334,12.146,16.085,13.986,10.299,6.181,3.249,0.384,0,1,1,1,1,0,0,0.008,0.019,0.031
North Complex,2020,2020-09-15 13:00:00,2020-09-15 06:00:00,2020-09-15 05:00:00,693,692.5,1207.239,89.7907924272333,192.334,12.146,16.474,14.46,10.376,6.258,3.249,0.384,0,1,1,1,1,0,0,0,0,0
North Complex,2020,2020-09-15 14:00:00,2020-09-15 07:00:00,2020-09-15 06:00:00,694,693.5,1207.239,89.7907924272333,192.334,12.146,12.657,10.188,5.809,1.953,3.249,0.384,0,1,1,1,1,0,0,0,0,0
North Complex,2020,2020-09-15 15:00:00,2020-09-15 08:00:00,2020-09-15 07:00:00,695,694.5,1207.239,89.7907924272333,192.334,12.146,9.01,7.794,5.809,1.953,3.249,0.384,0,1,1,1,1,0,0,0,0,0
North Complex,2020,2020-09-15 16:00:00,2020-09-15 09:00:00,2020-09-15 08:00:00,696,695.5,1207.239,89.7907924272333,192.334,12.146,12.43,9.057,6.807,4.869,3.249,0.384,0,1,1,1,1,0,0,0,0,0
North Complex,2020,2020-09-15 17:00:00,2020-09-15 10:00:00,2020-09-15 09:00:00,697,696.5,1207.239,89.7907924272333,192.334,12.146,14.097,12.085,8.505,4.869,3.249,0.384,0,1,1,1,1,0,0,0,0,0
North Complex,2020,2020-09-15 18:00:00,2020-09-15 11:00:00,2020-09-15 10:00:00,698,697.5,1207.239,89.7907924272333,192.334,12.146,16.77,15.302,11.613,7.369,1.343,0.384,0,1,1,1,1,1,0,0,0,0
North Complex,2020,2020-09-15 19:00:00,2020-09-15 12:00:00,2020-09-15 11:00:00,699,698.5,1207.239,89.7907924272333,192.334,12.146,17.018,15.131,12.594,10.103,1.792,0.384,0,1,1,1,1,1,0,0,0,0
North Complex,2020,2020-09-15 20:00:00,2020-09-15 13:00:00,2020-09-15 12:00:00,700,699.5,1207.239,89.7907924272333,192.334,12.146,36.887,31.27,18.57,11.736,6.432,0.384,0,1,1,1,1,1,0,0,0,0
North Complex,2020,2020-09-15 21:00:00,2020-09-15 14:00:00,2020-09-15 13:00:00,701,700.5,1207.239,89.7907924272333,192.334,12.146,28.618,25.239,19.3,12.829,7.982,0.384,1,1,1,1,1,1,0,0,0,0
North Complex,2020,2020-09-15 22:00:00,2020-09-15 15:00:00,2020-09-15 14:00:00,702,701.5,1214.653,90.3422233659749,192.383,7.061,36.403,33.386,27.965,20.393,12.173,2.015,1,1,1,1,1,1,1,7.414,1.11,0.61
North Complex,2020,2020-09-15 23:00:00,2020-09-15 16:00:00,2020-09-15 15:00:00,703,702.5,1216.531,90.4819033367001,192.077,7.795,32.542,29.795,26.509,21.709,11.467,2.257,1,1,1,1,1,1,1,1.878,0.543,0.266
North Complex,2020,2020-09-16 00:00:00,2020-09-15 17:00:00,2020-09-15 16:00:00,704,703.5,1220.524,90.778890622699,193.263,5.807,40.302,35.51,26.926,21.043,15.569,2.885,1,1,1,1,1,1,1,3.993,1.295,0.512
North Complex,2020,2020-09-16 01:00:00,2020-09-15 18:00:00,2020-09-15 17:00:00,705,704.5,1223.222,90.979559718022,193.303,5.53,31.865,29.806,21.399,21.043,15.569,2.885,0,1,1,1,0,0,0,2.698,1.043,0.465
North Complex,2020,2020-09-16 02:00:00,2020-09-15 19:00:00,2020-09-15 18:00:00,706,705.5,1223.222,90.979559718022,193.303,5.53,33.749,29.564,18.182,7.121,15.569,2.885,1,1,1,1,1,0,0,0,0,0
North Complex,2020,2020-09-16 03:00:00,2020-09-15 20:00:00,2020-09-15 19:00:00,707,706.5,1224.983,91.1105375819448,193.691,12.87,21.194,18.648,13.035,5.53,0.586,2.885,0,1,1,1,1,1,0,1.761,0.792,0.318
North Complex,2020,2020-09-16 04:00:00,2020-09-15 21:00:00,2020-09-15 20:00:00,708,707.5,1224.983,91.1105375819448,193.691,12.87,20.231,17.845,8.629,1.804,0.586,2.885,0,1,1,1,1,0,0,0,0,0
North Complex,2020,2020-09-16 05:00:00,2020-09-15 22:00:00,2020-09-15 21:00:00,709,708.5,1224.983,91.1105375819448,193.691,12.87,16.09,12.684,6.564,2.014,0.586,2.885,0,1,1,1,1,0,0,0,0,0
North Complex,2020,2020-09-16 06:00:00,2020-09-15 23:00:00,2020-09-15 22:00:00,710,709.5,1224.983,91.1105375819448,193.691,12.87,18.767,16.269,9.369,2.625,0.463,2.885,0,1,1,1,1,1,0,0,0,0
North Complex,2020,2020-09-16 07:00:00,2020-09-16 00:00:00,2020-09-15 23:00:00,711,710.5,1224.983,91.1105375819448,193.691,12.87,21.015,17.856,9.066,2.863,0.618,2.885,0,1,1,1,1,1,0,0,0,0
North Complex,2020,2020-09-16 08:00:00,2020-09-16 01:00:00,2020-09-16 00:00:00,712,711.5,1224.983,91.1105375819448,193.691,12.87,12.11,10.572,7.001,2.835,0.618,2.885,0,1,1,1,1,0,0,0,0,0
North Complex,2020,2020-09-16 09:00:00,2020-09-16 02:00:00,2020-09-16 01:00:00,713,712.5,1224.983,91.1105375819448,193.691,12.87,12.11,10.572,7.001,2.835,0.618,2.885,0,1,1,1,1,0,0,0,0,0
North Complex,2020,2020-09-16 10:00:00,2020-09-16 03:00:00,2020-09-16 02:00:00,714,713.5,1224.983,91.1105375819448,193.691,12.87,15.974,13.98,7.542,3.168,0.618,2.885,0,1,1,1,1,0,0,0,0,0
North Complex,2020,2020-09-16 11:00:00,2020-09-16 04:00:00,2020-09-16 03:00:00,715,714.5,1224.983,91.1105375819448,193.691,12.87,12.11,10.814,7.917,4.249,0.463,2.885,0,1,1,1,1,1,0,0,0,0
North Complex,2020,2020-09-16 12:00:00,2020-09-16 05:00:00,2020-09-16 04:00:00,716,715.5,1224.983,91.1105375819448,193.691,12.87,12.11,10.814,7.917,4.147,0.463,2.885,0,1,1,1,1,1,0,0,0,0
North Complex,2020,2020-09-16 13:00:00,2020-09-16 06:00:00,2020-09-16 05:00:00,717,716.5,1224.983,91.1105375819448,193.691,12.87,9.242,7.73,3.373,0.695,0.463,2.885,0,1,1,1,1,0,0,0,0,0
North Complex,2020,2020-09-16 14:00:00,2020-09-16 07:00:00,2020-09-16 06:00:00,718,717.5,1224.983,91.1105375819448,193.691,12.87,10.341,8.754,4.407,2.625,0.463,2.885,0,1,1,1,1,1,0,0,0,0
North Complex,2020,2020-09-16 15:00:00,2020-09-16 08:00:00,2020-09-16 07:00:00,719,718.5,1224.983,91.1105375819448,193.691,12.87,8.526,7.488,4.894,2.471,0.463,2.885,0,1,1,1,1,0,0,0,0,0
North Complex,2020,2020-09-16 16:00:00,2020-09-16 09:00:00,2020-09-16 08:00:00,720,719.5,1224.983,91.1105375819448,193.691,12.87,12.11,10.572,7.001,2.835,0.463,2.885,0,1,1,1,1,0,0,0,0,0
North Complex,2020,2020-09-16 17:00:00,2020-09-16 10:00:00,2020-09-16 09:00:00,721,720.5,1224.983,91.1105375819448,193.691,12.87,20.479,17.666,11.051,7.164,3.629,2.007,0,1,1,1,1,1,1,0,0,0
North Complex,2020,2020-09-16 18:00:00,2020-09-16 11:00:00,2020-09-16 10:00:00,722,721.5,1224.983,91.1105375819448,193.691,12.87,13.808,12.27,8.468,4.326,3.629,2.007,0,1,1,1,1,0,0,0,0,0
North Complex,2020,2020-09-16 19:00:00,2020-09-16 12:00:00,2020-09-16 11:00:00,723,722.5,1224.983,91.1105375819448,193.691,12.87,12.005,10.535,6.956,3.27,1.601,2.007,0,1,1,1,1,1,0,0,0,0
North Complex,2020,2020-09-16 20:00:00,2020-09-16 13:00:00,2020-09-16 12:00:00,724,723.5,1224.983,91.1105375819448,193.691,12.87,12.005,10.535,6.956,3.27,1.601,2.007,0,1,1,1,1,1,0,0,0,0
North Complex,2020,2020-09-16 21:00:00,2020-09-16 14:00:00,2020-09-16 13:00:00,725,724.5,1224.983,91.1105375819448,193.691,12.87,22.218,17.799,10.773,6.968,5.111,1.235,1,1,1,1,1,1,1,0,0,0
North Complex,2020,2020-09-16 22:00:00,2020-09-16 15:00:00,2020-09-16 14:00:00,726,725.5,1236.994,92.0038795033403,193.98,7.005,35.196,31.489,22.747,12.383,7.411,5.081,0,1,1,1,1,1,1,12.011,2.235,0.933
North Complex,2020,2020-09-16 23:00:00,2020-09-16 16:00:00,2020-09-16 15:00:00,727,726.5,1236.995,92.0039538803215,193.98,7.005,45.027,40.698,31.159,17.345,7.411,5.429,0,1,1,1,1,1,1,0.001,0.001,0
North Complex,2020,2020-09-17 00:00:00,2020-09-16 17:00:00,2020-09-16 16:00:00,728,727.5,1236.995,92.0039538803215,193.98,7.005,43.552,40.039,32.1,22.824,13.97,5.429,0,1,1,1,1,1,1,0,0,0
North Complex,2020,2020-09-17 01:00:00,2020-09-16 18:00:00,2020-09-16 17:00:00,729,728.5,1236.995,92.0039538803215,193.98,7.005,34.653,31.095,21.125,8.42,5.926,5.429,0,1,1,1,1,1,0,0,0,0
North Complex,2020,2020-09-17 02:00:00,2020-09-16 19:00:00,2020-09-16 18:00:00,730,729.5,1236.995,92.0039538803215,193.98,7.005,33.635,27.262,18.375,5.351,2.152,5.429,0,1,1,1,1,1,0,0,0,0
North Complex,2020,2020-09-17 03:00:00,2020-09-16 20:00:00,2020-09-16 19:00:00,731,730.5,1236.995,92.0039538803215,193.98,7.005,25.142,20.095,13.678,4.148,2.059,5.429,0,1,1,1,1,1,0,0,0,0
North Complex,2020,2020-09-17 04:00:00,2020-09-16 21:00:00,2020-09-16 20:00:00,732,731.5,1236.995,92.0039538803215,193.98,7.005,21.818,17.331,8.691,2.598,2.059,5.429,0,1,1,1,1,0,0,0,0,0
North Complex,2020,2020-09-17 05:00:00,2020-09-16 22:00:00,2020-09-16 21:00:00,733,732.5,1236.995,92.0039538803215,193.98,7.005,27.369,23.643,13.89,7.056,1.235,5.429,0,1,1,1,1,1,0,0,0,0
North Complex,2020,2020-09-17 06:00:00,2020-09-16 23:00:00,2020-09-16 22:00:00,734,733.5,1236.995,92.0039538803215,193.98,7.005,23.966,18.203,11.022,3.938,1.235,5.429,0,1,1,1,1,0,0,0,0,0
North Complex,2020,2020-09-17 07:00:00,2020-09-17 00:00:00,2020-09-16 23:00:00,735,734.5,1236.995,92.0039538803215,193.98,7.005,15.056,11.081,5.613,1.699,1.235,5.429,0,1,1,1,1,0,0,0,0,0
North Complex,2020,2020-09-17 08:00:00,2020-09-17 01:00:00,2020-09-17 00:00:00,736,735.5,1236.995,92.0039538803215,193.98,7.005,15.857,12.025,5.845,1.699,1.235,5.429,0,1,1,1,0,0,0,0,0,0
North Complex,2020,2020-09-17 09:00:00,2020-09-17 02:00:00,2020-09-17 01:00:00,737,736.5,1236.995,92.0039538803215,193.98,7.005,22.514,18.734,9.95,1.926,1.235,5.429,0,1,1,1,1,0,0,0,0,0
North Complex,2020,2020-09-17 10:00:00,2020-09-17 03:00:00,2020-09-17 02:00:00,738,737.5,1236.995,92.0039538803215,193.98,7.005,20.775,16.051,5.845,1.926,1.235,5.429,0,1,1,1,0,0,0,0,0,0
North Complex,2020,2020-09-17 11:00:00,2020-09-17 04:00:00,2020-09-17 03:00:00,739,738.5,1236.995,92.0039538803215,193.98,7.005,15.766,11.034,4.687,1.926,1.235,5.429,0,1,1,1,0,0,0,0,0,0
North Complex,2020,2020-09-17 12:00:00,2020-09-17 05:00:00,2020-09-17 04:00:00,740,739.5,1236.995,92.0039538803215,193.98,7.005,16.89,12.442,7.08,3.011,1.235,5.429,0,1,1,1,1,0,0,0,0,0
North Complex,2020,2020-09-17 13:00:00,2020-09-17 06:00:00,2020-09-17 05:00:00,741,740.5,1236.995,92.0039538803215,193.98,7.005,14.048,10.613,5.845,3.011,1.235,5.429,0,1,1,1,0,0,0,0,0,0
North Complex,2020,2020-09-17 14:00:00,2020-09-17 07:00:00,2020-09-17 06:00:00,742,741.5,1236.995,92.0039538803215,193.98,7.005,16.179,11.849,6.926,0.618,1.235,5.429,0,1,1,1,1,0,0,0,0,0
North Complex,2020,2020-09-17 15:00:00,2020-09-17 08:00:00,2020-09-17 07:00:00,743,742.5,1236.995,92.0039538803215,193.98,7.005,12.041,8.357,3.606,0.618,1.235,5.429,0,1,1,1,0,0,0,0,0,0
North Complex,2020,2020-09-17 16:00:00,2020-09-17 09:00:00,2020-09-17 08:00:00,744,743.5,1236.995,92.0039538803215,193.98,7.005,7.125,4.942,3.629,1.699,1.235,5.429,0,1,1,1,1,0,0,0,0,0
North Complex,2020,2020-09-17 17:00:00,2020-09-17 10:00:00,2020-09-17 09:00:00,745,744.5,1236.995,92.0039538803215,193.98,7.005,13.495,9.768,3.606,1.699,1.235,5.429,0,1,1,1,0,0,0,0,0,0
North Complex,2020,2020-09-17 18:00:00,2020-09-17 11:00:00,2020-09-17 10:00:00,746,745.5,1236.995,92.0039538803215,193.98,7.005,14.965,11.905,6.478,3.011,1.235,5.429,0,1,1,1,1,0,0,0,0,0
North Complex,2020,2020-09-17 19:00:00,2020-09-17 12:00:00,2020-09-17 11:00:00,747,746.5,1236.995,92.0039538803215,193.98,7.005,16.551,15.21,10.941,3.7,1.691,5.429,1,1,1,1,1,1,0,0,0,0
North Complex,2020,2020-09-17 20:00:00,2020-09-17 13:00:00,2020-09-17 12:00:00,748,747.5,1238.486,92.1148499593158,193.924,8.501,18.492,15.302,11.705,7.16,3.679,1.464,1,1,1,1,1,1,1,1.491,0.429,0.213
North Complex,2020,2020-09-17 21:00:00,2020-09-17 14:00:00,2020-09-17 13:00:00,749,748.5,1241.586,92.345418601088,193.93,3.8,36.683,29.644,21.515,9.568,4.785,2.832,1,1,1,1,1,1,1,3.1,0.968,0.365
North Complex,2020,2020-09-17 22:00:00,2020-09-17 15:00:00,2020-09-17 14:00:00,750,749.5,1242.368,92.4035814003995,193.994,0.221,39.804,34.919,24.247,10.281,4.785,2.832,0,1,1,1,1,0,0,0.782,0.333,0.206
North Complex,2020,2020-09-17 23:00:00,2020-09-17 16:00:00,2020-09-17 15:00:00,751,750.5,1242.368,92.4035814003995,193.994,0.221,44.854,36.3,25.579,10.473,3.263,2.832,0,1,1,1,1,1,0,0,0,0
North Complex,2020,2020-09-18 00:00:00,2020-09-17 17:00:00,2020-09-17 16:00:00,752,751.5,1242.368,92.4035814003995,193.994,0.221,34.784,30.607,20.114,8.95,4.326,2.832,0,1,1,1,1,1,0,0,0,0
North Complex,2020,2020-09-18 01:00:00,2020-09-17 18:00:00,2020-09-17 17:00:00,753,752.5,1242.368,92.4035814003995,193.994,0.221,31.86,29.135,18.324,4.389,4.326,2.832,0,1,1,1,1,0,0,0,0,0
North Complex,2020,2020-09-18 02:00:00,2020-09-17 19:00:00,2020-09-17 18:00:00,754,753.5,1242.368,92.4035814003995,193.994,0.221,31.001,26.993,9.218,2.552,0.384,2.832,0,1,1,1,1,1,0,0,0,0
North Complex,2020,2020-09-18 03:00:00,2020-09-17 20:00:00,2020-09-17 19:00:00,755,754.5,1242.368,92.4035814003995,193.994,0.221,25.203,19.199,8.451,2.552,0.384,2.832,0,1,1,1,0,0,0,0,0,0
North Complex,2020,2020-09-18 04:00:00,2020-09-17 21:00:00,2020-09-17 20:00:00,756,755.5,1242.368,92.4035814003995,193.994,0.221,13.618,9.308,4.755,2.552,0.384,2.832,0,1,1,1,0,0,0,0,0,0
North Complex,2020,2020-09-18 05:00:00,2020-09-17 22:00:00,2020-09-17 21:00:00,757,756.5,1242.368,92.4035814003995,193.994,0.221,12.824,10.66,5.93,2.552,0.384,2.832,1,1,1,1,0,0,0,0,0,0
North Complex,2020,2020-09-18 06:00:00,2020-09-17 23:00:00,2020-09-17 22:00:00,758,757.5,1242.373,92.4039532853056,194,7.349,17.746,13.27,7.844,1.93,0.384,2.832,0,1,1,1,1,0,0,0.005,0.018,0.023
North Complex,2020,2020-09-18 07:00:00,2020-09-18 00:00:00,2020-09-17 23:00:00,759,758.5,1242.373,92.4039532853056,194,7.349,17.885,14.357,7.662,1.699,0.384,2.832,0,1,1,1,1,0,0,0,0,0
North Complex,2020,2020-09-18 08:00:00,2020-09-18 01:00:00,2020-09-18 00:00:00,760,759.5,1242.373,92.4039532853056,194,7.349,11.188,9.308,4.755,1.699,0.384,2.832,0,1,1,1,0,0,0,0,0,0
North Complex,2020,2020-09-18 09:00:00,2020-09-18 02:00:00,2020-09-18 01:00:00,761,760.5,1242.373,92.4039532853056,194,7.349,5.714,4.942,3.629,1.699,0.384,2.832,0,1,1,1,1,0,0,0,0,0
North Complex,2020,2020-09-18 10:00:00,2020-09-18 03:00:00,2020-09-18 02:00:00,762,761.5,1242.373,92.4039532853056,194,7.349,6.511,5.875,3.86,1.699,0.384,2.832,0,1,1,1,0,0,0,0,0,0
North Complex,2020,2020-09-18 11:00:00,2020-09-18 04:00:00,2020-09-18 03:00:00,763,762.5,1242.373,92.4039532853056,194,7.349,4.247,3.629,1.621,1.699,0.384,2.832,0,1,1,1,0,0,0,0,0,0
North Complex,2020,2020-09-18 12:00:00,2020-09-18 05:00:00,2020-09-18 04:00:00,764,763.5,1242.373,92.4039532853056,194,7.349,4.247,3.629,1.621,1.699,0.384,2.832,0,0,0,0,0,0,0,0,0,0
North Complex,2020,2020-09-18 13:00:00,2020-09-18 06:00:00,2020-09-18 05:00:00,765,764.5,1242.373,92.4039532853056,194,7.349,4.247,3.629,1.621,1.699,0.384,2.832,0,0,0,0,0,0,0,0,0,0
North Complex,2020,2020-09-18 14:00:00,2020-09-18 07:00:00,2020-09-18 06:00:00,766,765.5,1242.373,92.4039532853056,194,7.349,4.247,3.629,1.621,1.699,0.384,2.832,0,0,0,0,0,0,0,0,0,0
North Complex,2020,2020-09-18 15:00:00,2020-09-18 08:00:00,2020-09-18 07:00:00,767,766.5,1242.373,92.4039532853056,194,7.349,4.247,3.629,1.621,1.699,0.384,2.832,0,0,0,0,0,0,0,0,0,0
North Complex,2020,2020-09-18 16:00:00,2020-09-18 09:00:00,2020-09-18 08:00:00,768,767.5,1242.373,92.4039532853056,194,7.349,4.247,3.629,1.621,1.699,0.384,2.832,0,0,0,0,0,0,0,0,0,0
North Complex,2020,2020-09-18 17:00:00,2020-09-18 10:00:00,2020-09-18 09:00:00,769,768.5,1242.373,92.4039532853056,194,7.349,4.247,3.629,1.621,1.699,0.384,2.832,0,0,0,0,0,0,0,0,0,0
North Complex,2020,2020-09-18 18:00:00,2020-09-18 11:00:00,2020-09-18 10:00:00,770,769.5,1242.373,92.4039532853056,194,7.349,4.247,3.629,1.621,1.699,0.384,2.832,0,0,0,0,0,0,0,0,0,0
North Complex,2020,2020-09-18 19:00:00,2020-09-18 12:00:00,2020-09-18 11:00:00,771,770.5,1242.373,92.4039532853056,194,7.349,4.247,3.629,1.621,1.699,0.384,2.832,0,0,0,0,0,0,0,0,0,0
North Complex,2020,2020-09-18 20:00:00,2020-09-18 13:00:00,2020-09-18 12:00:00,772,771.5,1242.373,92.4039532853056,194,7.349,5.047,4.365,2.63,1.699,0.384,2.832,0,1,1,1,0,0,0,0,0,0
North Complex,2020,2020-09-18 21:00:00,2020-09-18 14:00:00,2020-09-18 13:00:00,773,772.5,1242.373,92.4039532853056,194,7.349,5.047,4.365,2.63,1.699,0.384,2.832,0,1,1,1,0,0,0,0,0,0
North Complex,2020,2020-09-18 22:00:00,2020-09-18 15:00:00,2020-09-18 14:00:00,774,773.5,1242.373,92.4039532853056,194,7.349,5.273,4.554,2.915,1.699,0.384,2.832,0,1,1,1,0,0,0,0,0,0
North Complex,2020,2020-09-18 23:00:00,2020-09-18 16:00:00,2020-09-18 15:00:00,775,774.5,1242.373,92.4039532853056,194,7.349,5.047,4.365,2.63,1.699,0.384,2.832,0,1,1,1,0,0,0,0,0,0
North Complex,2020,2020-09-19 00:00:00,2020-09-18 17:00:00,2020-09-18 16:00:00,776,775.5,1242.373,92.4039532853056,194,7.349,10.689,8.555,4.045,2.35,0.066,2.832,0,1,1,1,1,1,0,0,0,0
North Complex,2020,2020-09-19 01:00:00,2020-09-18 18:00:00,2020-09-18 17:00:00,777,776.5,1242.373,92.4039532853056,194,7.349,10.251,7.686,2.915,2.35,0.066,2.832,0,1,1,1,0,0,0,0,0,0
North Complex,2020,2020-09-19 02:00:00,2020-09-18 19:00:00,2020-09-18 18:00:00,778,777.5,1242.373,92.4039532853056,194,7.349,10.251,7.686,2.915,2.35,0.066,2.832,0,1,1,1,0,0,0,0,0,0
North Complex,2020,2020-09-19 03:00:00,2020-09-18 20:00:00,2020-09-18 19:00:00,779,778.5,1242.373,92.4039532853056,194,7.349,10.463,7.31,2.887,2.35,0.066,2.832,0,1,1,1,0,0,0,0,0,0
North Complex,2020,2020-09-19 04:00:00,2020-09-18 21:00:00,2020-09-18 20:00:00,780,779.5,1242.373,92.4039532853056,194,7.349,6.19,1.972,2.887,2.35,0.066,2.832,0,1,1,0,0,0,0,0,0,0
North Complex,2020,2020-09-19 05:00:00,2020-09-18 22:00:00,2020-09-18 21:00:00,781,780.5,1242.373,92.4039532853056,194,7.349,6.19,1.972,2.887,2.35,0.066,2.832,0,0,0,0,0,0,0,0,0,0
North Complex,2020,2020-09-19 06:00:00,2020-09-18 23:00:00,2020-09-18 22:00:00,782,781.5,1242.373,92.4039532853056,194,7.349,6.19,1.972,2.887,2.35,0.066,2.832,0,0,0,0,0,0,0,0,0,0
North Complex,2020,2020-09-19 07:00:00,2020-09-19 00:00:00,2020-09-18 23:00:00,783,782.5,1242.373,92.4039532853056,194,7.349,6.19,1.972,2.887,2.35,0.066,2.832,0,0,0,0,0,0,0,0,0,0
North Complex,2020,2020-09-19 08:00:00,2020-09-19 01:00:00,2020-09-19 00:00:00,784,783.5,1242.373,92.4039532853056,194,7.349,6.19,1.972,2.887,2.35,0.066,2.832,0,0,0,0,0,0,0,0,0,0
North Complex,2020,2020-09-19 09:00:00,2020-09-19 02:00:00,2020-09-19 01:00:00,785,784.5,1242.373,92.4039532853056,194,7.349,6.19,1.972,2.887,2.35,0.066,2.832,0,0,0,0,0,0,0,0,0,0
North Complex,2020,2020-09-19 10:00:00,2020-09-19 03:00:00,2020-09-19 02:00:00,786,785.5,1242.373,92.4039532853056,194,7.349,5.714,4.942,3.629,1.699,0.066,2.832,0,1,1,1,1,0,0,0,0,0
North Complex,2020,2020-09-19 11:00:00,2020-09-19 04:00:00,2020-09-19 03:00:00,787,786.5,1242.373,92.4039532853056,194,7.349,5.714,4.942,3.629,1.699,0.066,2.832,0,1,1,1,1,0,0,0,0,0
North Complex,2020,2020-09-19 12:00:00,2020-09-19 05:00:00,2020-09-19 04:00:00,788,787.5,1242.373,92.4039532853056,194,7.349,4.247,3.629,1.621,1.699,0.066,2.832,0,1,1,1,0,0,0,0,0,0
North Complex,2020,2020-09-19 13:00:00,2020-09-19 06:00:00,2020-09-19 05:00:00,789,788.5,1242.373,92.4039532853056,194,7.349,4.247,3.629,1.621,1.699,0.066,2.832,0,0,0,0,0,0,0,0,0,0
North Complex,2020,2020-09-19 14:00:00,2020-09-19 07:00:00,2020-09-19 06:00:00,790,789.5,1242.373,92.4039532853056,194,7.349,4.247,3.629,1.621,1.699,0.066,2.832,0,0,0,0,0,0,0,0,0,0
North Complex,2020,2020-09-19 15:00:00,2020-09-19 08:00:00,2020-09-19 07:00:00,791,790.5,1242.373,92.4039532853056,194,7.349,4.247,3.629,1.621,1.699,0.066,2.832,0,0,0,0,0,0,0,0,0,0
North Complex,2020,2020-09-19 16:00:00,2020-09-19 09:00:00,2020-09-19 08:00:00,792,791.5,1242.373,92.4039532853056,194,7.349,3.629,2.239,1.621,1.699,0.066,2.832,0,1,1,0,0,0,0,0,0,0
North Complex,2020,2020-09-19 17:00:00,2020-09-19 10:00:00,2020-09-19 09:00:00,793,792.5,1242.373,92.4039532853056,194,7.349,4.331,3.508,1.308,1.699,0.066,2.832,0,1,1,1,0,0,0,0,0,0
North Complex,2020,2020-09-19 18:00:00,2020-09-19 11:00:00,2020-09-19 10:00:00,794,793.5,1242.373,92.4039532853056,194,7.349,10.63,8.357,3.606,1.699,0.066,2.832,0,1,1,1,0,0,0,0,0,0
North Complex,2020,2020-09-19 19:00:00,2020-09-19 12:00:00,2020-09-19 11:00:00,795,794.5,1242.373,92.4039532853056,194,7.349,5.745,4.228,0.961,1.699,0.066,2.832,0,1,1,1,0,0,0,0,0,0
North Complex,2020,2020-09-19 20:00:00,2020-09-19 13:00:00,2020-09-19 12:00:00,796,795.5,1242.373,92.4039532853056,194,7.349,11.21,8.048,1.86,1.699,0.066,2.832,0,1,1,1,0,0,0,0,0,0
North Complex,2020,2020-09-19 21:00:00,2020-09-19 14:00:00,2020-09-19 13:00:00,797,796.5,1242.373,92.4039532853056,194,7.349,16.626,12.654,4.375,1.699,0.066,2.832,0,1,1,1,0,0,0,0,0,0
North Complex,2020,2020-09-19 22:00:00,2020-09-19 15:00:00,2020-09-19 14:00:00,798,797.5,1242.373,92.4039532853056,194,7.349,14.993,11.169,0.772,1.699,0.066,2.832,0,1,1,1,0,0,0,0,0,0
North Complex,2020,2020-09-19 23:00:00,2020-09-19 16:00:00,2020-09-19 15:00:00,799,798.5,1242.373,92.4039532853056,194,7.349,14.993,11.169,0.772,1.699,0.066,2.832,0,1,1,1,0,0,0,0,0,0
North Complex,2020,2020-09-20 00:00:00,2020-09-19 17:00:00,2020-09-19 16:00:00,800,799.5,1242.373,92.4039532853056,194,7.349,15.321,11.762,2.52,1.699,0.066,2.832,0,1,1,1,0,0,0,0,0,0
North Complex,2020,2020-09-20 01:00:00,2020-09-19 18:00:00,2020-09-19 17:00:00,801,800.5,1242.373,92.4039532853056,194,7.349,20.514,17.524,8.774,4.662,1.512,2.832,0,1,1,1,1,1,0,0,0,0
North Complex,2020,2020-09-20 02:00:00,2020-09-19 19:00:00,2020-09-19 18:00:00,802,801.5,1242.373,92.4039532853056,194,7.349,9.103,4.059,1.321,4.662,1.512,2.832,0,1,1,1,0,0,0,0,0,0
North Complex,2020,2020-09-20 03:00:00,2020-09-19 20:00:00,2020-09-19 19:00:00,803,802.5,1242.373,92.4039532853056,194,7.349,5.341,4.453,2.321,4.662,1.512,2.832,0,1,1,1,0,0,0,0,0,0
North Complex,2020,2020-09-20 04:00:00,2020-09-19 21:00:00,2020-09-19 20:00:00,804,803.5,1242.373,92.4039532853056,194,7.349,9.68,7.52,2.829,4.662,1.512,2.832,0,1,1,1,0,0,0,0,0,0
North Complex,2020,2020-09-20 05:00:00,2020-09-19 22:00:00,2020-09-19 21:00:00,805,804.5,1242.373,92.4039532853056,194,7.349,9.68,7.52,2.829,4.662,1.512,2.832,0,0,0,0,0,0,0,0,0,0
North Complex,2020,2020-09-20 06:00:00,2020-09-19 23:00:00,2020-09-19 22:00:00,806,805.5,1242.373,92.4039532853056,194,7.349,9.68,7.52,2.829,4.662,1.512,2.832,0,0,0,0,0,0,0,0,0,0
North Complex,2020,2020-09-20 07:00:00,2020-09-20 00:00:00,2020-09-19 23:00:00,807,806.5,1242.373,92.4039532853056,194,7.349,9.68,7.52,2.829,4.662,1.512,2.832,1,0,0,0,0,0,0,0,0,0
North Complex,2020,2020-09-20 08:00:00,2020-09-20 01:00:00,2020-09-20 00:00:00,808,807.5,1244.46,92.5591780451052,193.672,0.02,10.026,7.542,0.899,4.662,1.512,2.832,1,1,1,1,0,0,0,2.087,0.607,0.284
North Complex,2020,2020-09-20 09:00:00,2020-09-20 02:00:00,2020-09-20 01:00:00,809,808.5,1244.462,92.5593267990676,193.67,3.444,5.563,3.737,0.899,4.662,1.512,2.832,0,1,1,1,0,0,0,0.002,0.012,0.1
North Complex,2020,2020-09-20 10:00:00,2020-09-20 03:00:00,2020-09-20 02:00:00,810,809.5,1244.462,92.5593267990676,193.67,3.444,5.229,3.737,0.899,4.662,1.512,2.832,0,1,1,1,0,0,0,0,0,0
North Complex,2020,2020-09-20 11:00:00,2020-09-20 04:00:00,2020-09-20 03:00:00,811,810.5,1244.462,92.5593267990676,193.67,3.444,5.229,3.737,0.899,4.662,1.512,2.832,0,1,1,1,0,0,0,0,0,0
North Complex,2020,2020-09-20 12:00:00,2020-09-20 05:00:00,2020-09-20 04:00:00,812,811.5,1244.462,92.5593267990676,193.67,3.444,3.453,1.957,0.899,4.662,1.512,2.832,0,1,1,0,0,0,0,0,0,0
North Complex,2020,2020-09-20 13:00:00,2020-09-20 06:00:00,2020-09-20 05:00:00,813,812.5,1244.462,92.5593267990676,193.67,3.444,3.453,1.957,0.899,4.662,1.512,2.832,0,1,1,0,0,0,0,0,0,0
North Complex,2020,2020-09-20 14:00:00,2020-09-20 07:00:00,2020-09-20 06:00:00,814,813.5,1244.462,92.5593267990676,193.67,3.444,7.7,5.586,1.621,4.662,1.512,2.832,0,1,1,1,0,0,0,0,0,0
North Complex,2020,2020-09-20 15:00:00,2020-09-20 08:00:00,2020-09-20 07:00:00,815,814.5,1244.462,92.5593267990676,193.67,3.444,10.418,8.318,4.319,4.662,1.512,2.832,0,1,1,1,0,0,0,0,0,0
North Complex,2020,2020-09-20 16:00:00,2020-09-20 09:00:00,2020-09-20 08:00:00,816,815.5,1244.462,92.5593267990676,193.67,3.444,4.478,3.706,1.39,4.662,1.512,2.832,0,1,1,1,0,0,0,0,0,0
North Complex,2020,2020-09-20 17:00:00,2020-09-20 10:00:00,2020-09-20 09:00:00,817,816.5,1244.462,92.5593267990676,193.67,3.444,5.714,4.942,3.552,1.158,1.512,2.832,0,1,1,1,1,0,0,0,0,0
North Complex,2020,2020-09-20 18:00:00,2020-09-20 11:00:00,2020-09-20 10:00:00,818,817.5,1244.462,92.5593267990676,193.67,3.444,5.482,4.71,3.166,0.154,1.512,2.832,1,1,1,1,1,0,0,0,0,0
North Complex,2020,2020-09-20 19:00:00,2020-09-20 12:00:00,2020-09-20 11:00:00,819,818.5,1244.914,92.5929451945776,193.707,5.001,14.792,12.53,7.589,4.203,0.333,2.832,1,1,1,1,1,1,0,0.452,0.23,0.131
North Complex,2020,2020-09-20 20:00:00,2020-09-20 13:00:00,2020-09-20 12:00:00,820,819.5,1245.643,92.6471660138847,193.715,1.243,14.8,12.538,7.597,4.525,2.168,2.832,1,1,1,1,1,1,0,0.729,0.299,0.146
North Complex,2020,2020-09-20 21:00:00,2020-09-20 14:00:00,2020-09-20 13:00:00,821,820.5,1245.681,92.6499923391709,193.713,4.956,14.875,12.613,7.751,4.407,2.021,2.832,0,1,1,1,1,1,0,0.038,0.039,0.031
North Complex,2020,2020-09-20 22:00:00,2020-09-20 15:00:00,2020-09-20 14:00:00,822,821.5,1245.681,92.6499923391709,193.713,4.956,19.677,16.095,8.955,4.369,1.603,2.832,0,1,1,1,1,1,0,0,0,0
North Complex,2020,2020-09-20 23:00:00,2020-09-20 16:00:00,2020-09-20 15:00:00,823,822.5,1245.681,92.6499923391709,193.713,4.956,20.255,17.545,12.108,4.528,1.603,2.832,0,1,1,1,1,0,0,0,0,0
North Complex,2020,2020-09-21 00:00:00,2020-09-20 17:00:00,2020-09-20 16:00:00,824,823.5,1245.681,92.6499923391709,193.713,4.956,17.372,14.371,8.774,3.273,0.448,2.832,0,1,1,1,1,1,0,0,0,0
North Complex,2020,2020-09-21 01:00:00,2020-09-20 18:00:00,2020-09-20 17:00:00,825,824.5,1245.681,92.6499923391709,193.713,4.956,10.329,8.227,4.481,0.556,0.448,2.832,0,1,1,1,1,0,0,0,0,0
North Complex,2020,2020-09-21 02:00:00,2020-09-20 19:00:00,2020-09-20 18:00:00,826,825.5,1245.681,92.6499923391709,193.713,4.956,14.487,10.961,5.595,1.806,0.448,2.832,0,1,1,1,1,0,0,0,0,0
North Complex,2020,2020-09-21 03:00:00,2020-09-20 20:00:00,2020-09-20 19:00:00,827,826.5,1245.681,92.6499923391709,193.713,4.956,9.499,6.948,3.741,1.806,0.448,2.832,0,1,1,1,1,0,0,0,0,0
North Complex,2020,2020-09-21 04:00:00,2020-09-20 21:00:00,2020-09-20 20:00:00,828,827.5,1245.681,92.6499923391709,193.713,4.956,10.992,8.713,4.64,1.806,0.448,2.832,0,1,1,1,1,0,0,0,0,0
North Complex,2020,2020-09-21 05:00:00,2020-09-20 22:00:00,2020-09-20 21:00:00,829,828.5,1245.681,92.6499923391709,193.713,4.956,10.992,8.713,4.64,1.806,0.448,2.832,0,1,1,1,1,0,0,0,0,0
North Complex,2020,2020-09-21 06:00:00,2020-09-20 23:00:00,2020-09-20 22:00:00,830,829.5,1245.681,92.6499923391709,193.713,4.956,10.992,8.713,4.64,1.806,0.448,2.832,0,1,1,1,1,0,0,0,0,0
North Complex,2020,2020-09-21 07:00:00,2020-09-21 00:00:00,2020-09-20 23:00:00,831,830.5,1245.681,92.6499923391709,193.713,4.956,4.281,3.664,1.652,1.806,0.448,2.832,0,1,1,1,0,0,0,0,0,0
North Complex,2020,2020-09-21 08:00:00,2020-09-21 01:00:00,2020-09-21 00:00:00,832,831.5,1245.681,92.6499923391709,193.713,4.956,7.247,3.664,1.652,1.806,0.448,2.832,0,1,1,1,0,0,0,0,0,0
North Complex,2020,2020-09-21 09:00:00,2020-09-21 02:00:00,2020-09-21 01:00:00,833,832.5,1245.681,92.6499923391709,193.713,4.956,7.247,3.664,1.652,1.806,0.448,2.832,0,1,1,1,0,0,0,0,0,0
North Complex,2020,2020-09-21 10:00:00,2020-09-21 03:00:00,2020-09-21 02:00:00,834,833.5,1245.681,92.6499923391709,193.713,4.956,9.425,5.841,3.905,1.806,0.448,2.832,0,1,1,1,0,0,0,0,0,0
North Complex,2020,2020-09-21 11:00:00,2020-09-21 04:00:00,2020-09-21 03:00:00,835,834.5,1245.681,92.6499923391709,193.713,4.956,9.101,7.469,1.652,1.806,0.448,2.832,0,1,1,1,0,0,0,0,0,0
North Complex,2020,2020-09-21 12:00:00,2020-09-21 05:00:00,2020-09-21 04:00:00,836,835.5,1245.681,92.6499923391709,193.713,4.956,5.762,4.976,3.741,1.806,0.448,2.832,0,1,1,1,1,0,0,0,0,0
North Complex,2020,2020-09-21 13:00:00,2020-09-21 06:00:00,2020-09-21 05:00:00,837,836.5,1245.681,92.6499923391709,193.713,4.956,9.809,9.107,7.42,4.755,1.544,2.832,0,1,1,1,1,1,0,0,0,0
North Complex,2020,2020-09-21 14:00:00,2020-09-21 07:00:00,2020-09-21 06:00:00,838,837.5,1245.681,92.6499923391709,193.713,4.956,9.809,8.952,6.527,4.755,1.544,2.832,1,1,1,1,0,0,0,0,0,0
North Complex,2020,2020-09-21 15:00:00,2020-09-21 08:00:00,2020-09-21 07:00:00,839,838.5,1247.431,92.7801520563004,194.124,0.884,4.378,3.436,1.074,4.755,1.544,2.832,1,1,1,1,0,0,0,1.75,0.748,0.353
North Complex,2020,2020-09-21 16:00:00,2020-09-21 09:00:00,2020-09-21 08:00:00,840,839.5,1247.456,92.7820114808308,194.118,12.386,4.621,3.935,0.029,4.755,1.544,2.832,0,1,1,1,0,0,0,0.025,0.046,0.028
North Complex,2020,2020-09-21 17:00:00,2020-09-21 10:00:00,2020-09-21 09:00:00,841,840.5,1247.456,92.7820114808308,194.118,12.386,2.717,1.185,0.029,4.755,1.544,2.832,0,1,1,0,0,0,0,0,0,0
North Complex,2020,2020-09-21 18:00:00,2020-09-21 11:00:00,2020-09-21 10:00:00,842,841.5,1247.456,92.7820114808308,194.118,12.386,9.692,7.169,0.899,4.755,1.544,2.832,0,1,1,1,0,0,0,0,0,0
North Complex,2020,2020-09-21 19:00:00,2020-09-21 12:00:00,2020-09-21 11:00:00,843,842.5,1247.456,92.7820114808308,194.118,12.386,4.462,3.432,0.899,4.755,1.544,2.832,0,1,1,0,0,0,0,0,0,0
North Complex,2020,2020-09-21 20:00:00,2020-09-21 13:00:00,2020-09-21 12:00:00,844,843.5,1247.456,92.7820114808308,194.118,12.386,4.698,3.974,1.949,4.755,1.544,2.832,0,1,1,1,0,0,0,0,0,0
North Complex,2020,2020-09-21 21:00:00,2020-09-21 14:00:00,2020-09-21 13:00:00,845,844.5,1247.456,92.7820114808308,194.118,12.386,12.021,8.694,5.508,3.581,1.653,2.832,0,1,1,1,1,1,0,0,0,0
North Complex,2020,2020-09-21 22:00:00,2020-09-21 15:00:00,2020-09-21 14:00:00,846,845.5,1247.456,92.7820114808308,194.118,12.386,18.973,15.375,7.735,3.581,1.653,2.832,0,1,1,1,0,0,0,0,0,0
North Complex,2020,2020-09-21 23:00:00,2020-09-21 16:00:00,2020-09-21 15:00:00,847,846.5,1247.456,92.7820114808308,194.118,12.386,14.654,12.152,2.22,3.581,1.653,2.832,0,1,1,1,0,0,0,0,0,0
North Complex,2020,2020-09-22 00:00:00,2020-09-21 17:00:00,2020-09-21 16:00:00,848,847.5,1247.456,92.7820114808308,194.118,12.386,14.33,10.54,0.928,3.581,1.653,2.832,1,1,1,1,0,0,0,0,0,0
North Complex,2020,2020-09-22 01:00:00,2020-09-21 18:00:00,2020-09-21 17:00:00,849,848.5,1254.73,93.3230296422021,195.749,0.303,18.566,15.537,11.217,8.672,6.859,2.832,0,1,1,1,1,1,0,7.274,1.747,0.587
North Complex,2020,2020-09-22 02:00:00,2020-09-21 19:00:00,2020-09-21 18:00:00,850,849.5,1254.73,93.3230296422021,195.749,0.303,17,14.774,10.528,5.388,2.051,2.832,0,1,1,1,1,1,0,0,0,0
North Complex,2020,2020-09-22 03:00:00,2020-09-21 20:00:00,2020-09-21 19:00:00,851,850.5,1254.73,93.3230296422021,195.749,0.303,14.084,11.578,4.945,0.963,2.051,2.832,0,1,1,1,1,0,0,0,0,0
North Complex,2020,2020-09-22 04:00:00,2020-09-21 21:00:00,2020-09-21 20:00:00,852,851.5,1254.73,93.3230296422021,195.749,0.303,10.52,6.185,0.899,0.963,2.051,2.832,1,1,1,1,0,0,0,0,0,0
North Complex,2020,2020-09-22 05:00:00,2020-09-21 22:00:00,2020-09-21 21:00:00,853,852.5,1254.741,93.3238477889955,195.749,4.302,15.168,12.085,5.933,1.085,2.051,2.832,0,1,1,1,1,0,0,0.011,0.023,0.036
North Complex,2020,2020-09-22 06:00:00,2020-09-21 23:00:00,2020-09-21 22:00:00,854,853.5,1254.741,93.3238477889955,195.749,4.302,17.125,14.707,9.909,2.256,2.051,2.832,0,1,1,1,1,0,0,0,0,0
North Complex,2020,2020-09-22 07:00:00,2020-09-22 00:00:00,2020-09-21 23:00:00,855,854.5,1254.741,93.3238477889955,195.749,4.302,13.011,10.349,6.092,3.545,0.96,2.832,0,1,1,1,1,1,0,0,0,0
North Complex,2020,2020-09-22 08:00:00,2020-09-22 01:00:00,2020-09-22 00:00:00,856,855.5,1254.741,93.3238477889955,195.749,4.302,12.002,7.89,2.115,3.545,0.96,2.832,0,1,1,1,0,0,0,0,0,0
North Complex,2020,2020-09-22 09:00:00,2020-09-22 02:00:00,2020-09-22 01:00:00,857,856.5,1254.741,93.3238477889955,195.749,4.302,14.093,11.574,4.942,0.959,0.96,2.832,0,1,1,1,1,0,0,0,0,0
North Complex,2020,2020-09-22 10:00:00,2020-09-22 03:00:00,2020-09-22 02:00:00,858,857.5,1254.741,93.3238477889955,195.749,4.302,14.093,11.574,4.942,0.959,0.96,2.832,0,1,1,1,1,0,0,0,0,0
North Complex,2020,2020-09-22 11:00:00,2020-09-22 04:00:00,2020-09-22 03:00:00,859,858.5,1254.741,93.3238477889955,195.749,4.302,12.6,9.81,4.043,0.959,0.96,2.832,0,1,1,1,1,0,0,0,0,0
North Complex,2020,2020-09-22 12:00:00,2020-09-22 05:00:00,2020-09-22 04:00:00,860,859.5,1254.741,93.3238477889955,195.749,4.302,14.503,12.235,7.227,4.58,1.97,2.832,0,1,1,1,1,1,0,0,0,0
North Complex,2020,2020-09-22 13:00:00,2020-09-22 06:00:00,2020-09-22 05:00:00,861,860.5,1254.741,93.3238477889955,195.749,4.302,9.274,8.299,4.778,2.841,0.119,2.832,0,1,1,1,1,1,0,0,0,0
North Complex,2020,2020-09-22 14:00:00,2020-09-22 07:00:00,2020-09-22 06:00:00,862,861.5,1254.741,93.3238477889955,195.749,4.302,14.093,11.574,4.942,0.959,0.119,2.832,0,1,1,1,1,0,0,0,0,0
North Complex,2020,2020-09-22 15:00:00,2020-09-22 08:00:00,2020-09-22 07:00:00,863,862.5,1254.741,93.3238477889955,195.749,4.302,14.093,11.574,4.942,0.959,0.119,2.832,0,1,1,1,1,0,0,0,0,0
North Complex,2020,2020-09-22 16:00:00,2020-09-22 09:00:00,2020-09-22 08:00:00,864,863.5,1254.741,93.3238477889955,195.749,4.302,8.159,5.763,1.822,0.959,0.119,2.832,0,1,1,1,0,0,0,0,0,0
North Complex,2020,2020-09-22 17:00:00,2020-09-22 10:00:00,2020-09-22 09:00:00,865,864.5,1254.741,93.3238477889955,195.749,4.302,3.312,1.793,1.822,0.959,0.119,2.832,0,1,1,0,0,0,0,0,0,0
North Complex,2020,2020-09-22 18:00:00,2020-09-22 11:00:00,2020-09-22 10:00:00,866,865.5,1254.741,93.3238477889955,195.749,4.302,8.542,5.53,0.899,0.959,0.119,2.832,0,1,1,1,0,0,0,0,0,0
North Complex,2020,2020-09-22 19:00:00,2020-09-22 12:00:00,2020-09-22 11:00:00,867,866.5,1254.741,93.3238477889955,195.749,4.302,7.023,3.737,0.899,0.959,0.119,2.832,0,1,1,1,0,0,0,0,0,0
North Complex,2020,2020-09-22 20:00:00,2020-09-22 13:00:00,2020-09-22 12:00:00,868,867.5,1254.741,93.3238477889955,195.749,4.302,14.265,11.869,7.01,3.985,0.119,2.832,0,1,1,1,1,0,0,0,0,0
North Complex,2020,2020-09-22 21:00:00,2020-09-22 14:00:00,2020-09-22 13:00:00,869,868.5,1254.741,93.3238477889955,195.749,4.302,19.003,16.682,12.332,7.552,2.332,2.832,0,1,1,1,1,1,0,0,0,0
North Complex,2020,2020-09-22 22:00:00,2020-09-22 15:00:00,2020-09-22 14:00:00,870,869.5,1254.741,93.3238477889955,195.749,4.302,24.653,21.645,14.377,6.785,2.332,2.832,1,1,1,1,1,0,0,0,0,0
North Complex,2020,2020-09-22 23:00:00,2020-09-22 16:00:00,2020-09-22 15:00:00,871,870.5,1258.339,93.5914561674137,196.802,0.127,26.922,23.305,14.806,8.019,3.481,0.872,0,1,1,1,1,1,1,3.598,1.807,0.836
North Complex,2020,2020-09-23 00:00:00,2020-09-22 17:00:00,2020-09-22 16:00:00,872,871.5,1258.339,93.5914561674137,196.802,0.127,23.413,20.408,12.802,7.382,1.686,0.872,0,1,1,1,1,1,0,0,0,0
North Complex,2020,2020-09-23 01:00:00,2020-09-22 18:00:00,2020-09-22 17:00:00,873,872.5,1258.339,93.5914561674137,196.802,0.127,18.694,16.445,11.544,6.415,1.686,0.872,1,1,1,1,1,0,0,0,0,0
North Complex,2020,2020-09-23 02:00:00,2020-09-22 19:00:00,2020-09-22 18:00:00,874,873.5,1258.339,93.5914561674137,196.805,10.625,17.089,14.442,9.666,6.415,1.686,0.872,0,1,1,1,0,0,0,0,0,0
North Complex,2020,2020-09-23 03:00:00,2020-09-22 20:00:00,2020-09-22 19:00:00,875,874.5,1258.339,93.5914561674137,196.805,10.625,11.93,7,1.129,6.415,1.686,0.872,0,1,1,1,0,0,0,0,0,0
North Complex,2020,2020-09-23 04:00:00,2020-09-22 21:00:00,2020-09-22 20:00:00,876,875.5,1258.339,93.5914561674137,196.805,10.625,11.93,7,1.129,6.415,1.686,0.872,0,1,1,1,0,0,0,0,0,0
North Complex,2020,2020-09-23 05:00:00,2020-09-22 22:00:00,2020-09-22 21:00:00,877,876.5,1258.339,93.5914561674137,196.805,10.625,18.243,15.489,8.618,4.22,1.686,0.872,0,1,1,1,1,0,0,0,0,0
North Complex,2020,2020-09-23 06:00:00,2020-09-22 23:00:00,2020-09-22 22:00:00,878,877.5,1258.339,93.5914561674137,196.805,10.625,17.823,14.83,7.391,2.21,1.686,0.872,1,1,1,1,1,0,0,0,0,0
North Complex,2020,2020-09-23 07:00:00,2020-09-23 00:00:00,2020-09-22 23:00:00,879,878.5,1261.086,93.7957697348163,197.757,0.929,16.616,14.314,10.142,2.516,1.686,0.872,0,1,1,1,1,0,0,2.747,0.632,0.259
North Complex,2020,2020-09-23 08:00:00,2020-09-23 01:00:00,2020-09-23 00:00:00,880,879.5,1261.086,93.7957697348163,197.757,0.929,16.616,14.314,10.142,2.516,1.686,0.872,0,1,1,1,1,0,0,0,0,0
North Complex,2020,2020-09-23 09:00:00,2020-09-23 02:00:00,2020-09-23 01:00:00,881,880.5,1261.086,93.7957697348163,197.757,0.929,16.205,12.219,6.557,2.084,1.686,0.872,1,1,1,1,1,0,0,0,0,0
North Complex,2020,2020-09-23 10:00:00,2020-09-23 03:00:00,2020-09-23 02:00:00,882,881.5,1261.112,93.797703536328,197.76,3.862,17.157,10.931,4.119,2.077,1.686,0.872,0,1,1,1,1,0,0,0.026,0.041,0.028
North Complex,2020,2020-09-23 11:00:00,2020-09-23 04:00:00,2020-09-23 03:00:00,883,882.5,1261.112,93.797703536328,197.76,3.862,11.274,7.204,4.119,2.077,1.686,0.872,0,1,1,1,1,0,0,0,0,0
North Complex,2020,2020-09-23 12:00:00,2020-09-23 05:00:00,2020-09-23 04:00:00,884,883.5,1261.112,93.797703536328,197.76,3.862,18.099,12.73,4.848,2.077,1.686,0.872,0,1,1,1,1,0,0,0,0,0
North Complex,2020,2020-09-23 13:00:00,2020-09-23 06:00:00,2020-09-23 05:00:00,885,884.5,1261.112,93.797703536328,197.76,3.862,9.71,7.204,4.119,2.077,1.686,0.872,0,1,1,1,1,0,0,0,0,0
North Complex,2020,2020-09-23 14:00:00,2020-09-23 07:00:00,2020-09-23 06:00:00,886,885.5,1261.112,93.797703536328,197.76,3.862,9.71,7.204,4.119,2.077,1.686,0.872,0,1,1,1,1,0,0,0,0,0
North Complex,2020,2020-09-23 15:00:00,2020-09-23 08:00:00,2020-09-23 07:00:00,887,886.5,1261.112,93.797703536328,197.76,3.862,9.71,7.204,4.119,2.077,1.686,0.872,0,1,1,1,1,0,0,0,0,0
North Complex,2020,2020-09-23 16:00:00,2020-09-23 09:00:00,2020-09-23 08:00:00,888,887.5,1261.112,93.797703536328,197.76,3.862,9.07,6.587,3.65,1.024,1.686,0.872,0,1,1,1,1,0,0,0,0,0
North Complex,2020,2020-09-23 17:00:00,2020-09-23 10:00:00,2020-09-23 09:00:00,889,888.5,1261.112,93.797703536328,197.76,3.862,14.534,8.15,3.65,1.024,1.686,0.872,0,1,1,1,1,0,0,0,0,0
North Complex,2020,2020-09-23 18:00:00,2020-09-23 11:00:00,2020-09-23 10:00:00,890,889.5,1261.112,93.797703536328,197.76,3.862,4.173,2.84,3.65,1.024,1.686,0.872,0,1,1,0,0,0,0,0,0,0
North Complex,2020,2020-09-23 19:00:00,2020-09-23 12:00:00,2020-09-23 11:00:00,891,890.5,1261.112,93.797703536328,197.76,3.862,5.464,1.564,3.65,1.024,1.686,0.872,0,1,1,0,0,0,0,0,0,0
North Complex,2020,2020-09-23 20:00:00,2020-09-23 13:00:00,2020-09-23 12:00:00,892,891.5,1261.112,93.797703536328,197.76,3.862,12.805,8.053,4.198,1.609,1.686,0.872,1,1,1,1,1,0,0,0,0,0
North Complex,2020,2020-09-23 21:00:00,2020-09-23 14:00:00,2020-09-23 13:00:00,893,892.5,1263.107,93.9460856138555,198.674,12.363,20.445,17.747,11.875,7.803,1.686,0.872,0,1,1,1,1,0,0,1.995,1.032,0.517
North Complex,2020,2020-09-23 22:00:00,2020-09-23 15:00:00,2020-09-23 14:00:00,894,893.5,1263.107,93.9460856138555,198.674,12.363,29.98,25.383,16.386,8.208,3.078,0.391,0,1,1,1,1,1,1,0,0,0
North Complex,2020,2020-09-23 23:00:00,2020-09-23 16:00:00,2020-09-23 15:00:00,895,894.5,1263.107,93.9460856138555,198.674,12.363,40.035,36.358,24.51,12.433,5.851,0.752,1,1,1,1,1,1,1,0,0,0
North Complex,2020,2020-09-24 00:00:00,2020-09-23 17:00:00,2020-09-23 16:00:00,896,895.5,1265.81,94.1471265940847,199.474,13.765,33.901,28.818,18.777,8.774,0.863,0.752,1,1,1,1,1,1,0,2.703,0.779,0.219
North Complex,2020,2020-09-24 01:00:00,2020-09-23 18:00:00,2020-09-23 17:00:00,897,896.5,1271.361,94.5599932168193,197.777,6.405,26.978,21.924,13.671,6.259,0.863,0.752,1,1,1,1,1,0,0,5.551,1.264,0.403
North Complex,2020,2020-09-24 02:00:00,2020-09-23 19:00:00,2020-09-23 18:00:00,898,897.5,1274.158,94.7680256332828,196.529,1.348,24.468,20.262,11.071,4.468,2.124,0.752,1,1,1,1,1,1,0,2.797,1.06,0.437
North Complex,2020,2020-09-24 03:00:00,2020-09-23 20:00:00,2020-09-23 19:00:00,899,898.5,1274.192,94.7705544506442,196.52,11.041,20.919,16.869,10,3.741,0.512,0.752,0,1,1,1,1,1,0,0.034,0.042,0.025
North Complex,2020,2020-09-24 04:00:00,2020-09-23 21:00:00,2020-09-23 20:00:00,900,899.5,1274.192,94.7705544506442,196.52,11.041,17.061,11.505,6.787,2.248,0.512,0.752,0,1,1,1,1,0,0,0,0,0
North Complex,2020,2020-09-24 05:00:00,2020-09-23 22:00:00,2020-09-23 21:00:00,901,900.5,1274.192,94.7705544506442,196.52,11.041,24.002,19.297,10.765,3.022,0.435,0.752,0,1,1,1,1,1,0,0,0,0
North Complex,2020,2020-09-24 06:00:00,2020-09-23 23:00:00,2020-09-23 22:00:00,902,901.5,1274.192,94.7705544506442,196.52,11.041,18.625,11.505,6.787,2.248,0.435,0.752,0,1,1,1,1,0,0,0,0,0
North Complex,2020,2020-09-24 07:00:00,2020-09-24 00:00:00,2020-09-23 23:00:00,903,902.5,1274.192,94.7705544506442,196.52,11.041,6.709,5.78,4.158,2.248,0.435,0.752,0,1,1,1,1,0,0,0,0,0
North Complex,2020,2020-09-24 08:00:00,2020-09-24 01:00:00,2020-09-24 00:00:00,904,903.5,1274.192,94.7705544506442,196.52,11.041,6.709,5.78,4.158,2.248,0.435,0.752,0,1,1,1,1,0,0,0,0,0
North Complex,2020,2020-09-24 09:00:00,2020-09-24 02:00:00,2020-09-24 01:00:00,905,904.5,1274.192,94.7705544506442,196.52,11.041,7.55,6.894,5.509,3.612,1.27,0.752,0,1,1,1,1,1,0,0,0,0
North Complex,2020,2020-09-24 10:00:00,2020-09-24 03:00:00,2020-09-24 02:00:00,906,905.5,1274.192,94.7705544506442,196.52,11.041,7.29,6.569,4.966,2.891,0.512,0.752,0,1,1,1,1,1,0,0,0,0
North Complex,2020,2020-09-24 11:00:00,2020-09-24 04:00:00,2020-09-24 03:00:00,907,906.5,1274.192,94.7705544506442,196.52,11.041,6.709,5.78,4.158,2.248,0.512,0.752,0,1,1,1,1,0,0,0,0,0
North Complex,2020,2020-09-24 12:00:00,2020-09-24 05:00:00,2020-09-24 04:00:00,908,907.5,1274.192,94.7705544506442,196.52,11.041,4.49,3.738,1.561,2.248,0.512,0.752,0,1,1,1,0,0,0,0,0,0
North Complex,2020,2020-09-24 13:00:00,2020-09-24 06:00:00,2020-09-24 05:00:00,909,908.5,1274.192,94.7705544506442,196.52,11.041,4.49,3.738,1.561,2.248,0.512,0.752,0,1,1,1,0,0,0,0,0,0
North Complex,2020,2020-09-24 14:00:00,2020-09-24 07:00:00,2020-09-24 06:00:00,910,909.5,1274.192,94.7705544506442,196.52,11.041,4.49,3.738,1.561,2.248,0.512,0.752,0,1,1,1,0,0,0,0,0,0
North Complex,2020,2020-09-24 15:00:00,2020-09-24 08:00:00,2020-09-24 07:00:00,911,910.5,1274.192,94.7705544506442,196.52,11.041,4.49,3.738,1.561,2.248,0.512,0.752,0,0,0,0,0,0,0,0,0,0
North Complex,2020,2020-09-24 16:00:00,2020-09-24 09:00:00,2020-09-24 08:00:00,912,911.5,1274.192,94.7705544506442,196.52,11.041,4.49,3.738,1.561,2.248,0.512,0.752,0,0,0,0,0,0,0,0,0,0
North Complex,2020,2020-09-24 17:00:00,2020-09-24 10:00:00,2020-09-24 09:00:00,913,912.5,1274.192,94.7705544506442,196.52,11.041,4.49,3.738,1.561,2.248,0.512,0.752,0,0,0,0,0,0,0,0,0,0
North Complex,2020,2020-09-24 18:00:00,2020-09-24 11:00:00,2020-09-24 10:00:00,914,913.5,1274.192,94.7705544506442,196.52,11.041,4.49,3.738,1.561,2.248,0.512,0.752,0,0,0,0,0,0,0,0,0,0
North Complex,2020,2020-09-24 19:00:00,2020-09-24 12:00:00,2020-09-24 11:00:00,915,914.5,1274.192,94.7705544506442,196.52,11.041,4.49,3.738,1.561,2.248,0.512,0.752,0,0,0,0,0,0,0,0,0,0
North Complex,2020,2020-09-24 20:00:00,2020-09-24 13:00:00,2020-09-24 12:00:00,916,915.5,1274.192,94.7705544506442,196.52,11.041,4.49,3.738,1.561,2.248,0.512,0.752,0,0,0,0,0,0,0,0,0,0
North Complex,2020,2020-09-24 21:00:00,2020-09-24 14:00:00,2020-09-24 13:00:00,917,916.5,1274.192,94.7705544506442,196.52,11.041,4.49,3.738,1.561,2.248,0.512,0.752,0,0,0,0,0,0,0,0,0,0
North Complex,2020,2020-09-24 22:00:00,2020-09-24 15:00:00,2020-09-24 14:00:00,918,917.5,1274.192,94.7705544506442,196.52,11.041,4.49,3.738,1.561,2.248,0.512,0.752,0,0,0,0,0,0,0,0,0,0
North Complex,2020,2020-09-24 23:00:00,2020-09-24 16:00:00,2020-09-24 15:00:00,919,918.5,1274.192,94.7705544506442,196.52,11.041,4.49,3.738,1.561,2.248,0.512,0.752,0,0,0,0,0,0,0,0,0,0
North Complex,2020,2020-09-25 00:00:00,2020-09-24 17:00:00,2020-09-24 16:00:00,920,919.5,1274.192,94.7705544506442,196.52,11.041,4.49,3.738,1.561,2.248,0.512,0.752,0,0,0,0,0,0,0,0,0,0
North Complex,2020,2020-09-25 01:00:00,2020-09-24 18:00:00,2020-09-24 17:00:00,921,920.5,1274.192,94.7705544506442,196.52,11.041,4.49,3.738,1.561,2.248,0.512,0.752,0,0,0,0,0,0,0,0,0,0
North Complex,2020,2020-09-25 02:00:00,2020-09-24 19:00:00,2020-09-24 18:00:00,922,921.5,1274.192,94.7705544506442,196.52,11.041,4.49,3.738,1.561,2.248,0.512,0.752,0,0,0,0,0,0,0,0,0,0
North Complex,2020,2020-09-25 03:00:00,2020-09-24 20:00:00,2020-09-24 19:00:00,923,922.5,1274.192,94.7705544506442,196.52,11.041,4.49,3.738,1.561,2.248,0.512,0.752,0,0,0,0,0,0,0,0,0,0
North Complex,2020,2020-09-25 04:00:00,2020-09-24 21:00:00,2020-09-24 20:00:00,924,923.5,1274.192,94.7705544506442,196.52,11.041,4.49,3.738,1.561,2.248,0.512,0.752,0,0,0,0,0,0,0,0,0,0
North Complex,2020,2020-09-25 05:00:00,2020-09-24 22:00:00,2020-09-24 21:00:00,925,924.5,1274.192,94.7705544506442,196.52,11.041,4.49,3.738,1.561,2.248,0.512,0.752,0,0,0,0,0,0,0,0,0,0
North Complex,2020,2020-09-25 06:00:00,2020-09-24 23:00:00,2020-09-24 22:00:00,926,925.5,1274.192,94.7705544506442,196.52,11.041,4.49,3.738,1.561,2.248,0.512,0.752,0,0,0,0,0,0,0,0,0,0
North Complex,2020,2020-09-25 07:00:00,2020-09-25 00:00:00,2020-09-24 23:00:00,927,926.5,1274.192,94.7705544506442,196.52,11.041,4.49,3.738,1.561,2.248,0.512,0.752,0,0,0,0,0,0,0,0,0,0
North Complex,2020,2020-09-25 08:00:00,2020-09-25 01:00:00,2020-09-25 00:00:00,928,927.5,1274.192,94.7705544506442,196.52,11.041,4.49,3.738,1.561,2.248,0.512,0.752,0,0,0,0,0,0,0,0,0,0
North Complex,2020,2020-09-25 09:00:00,2020-09-25 02:00:00,2020-09-25 01:00:00,929,928.5,1274.192,94.7705544506442,196.52,11.041,4.49,3.738,1.561,2.248,0.512,0.752,0,0,0,0,0,0,0,0,0,0
North Complex,2020,2020-09-25 10:00:00,2020-09-25 03:00:00,2020-09-25 02:00:00,930,929.5,1274.192,94.7705544506442,196.52,11.041,4.49,3.738,1.561,2.248,0.512,0.752,0,0,0,0,0,0,0,0,0,0
North Complex,2020,2020-09-25 11:00:00,2020-09-25 04:00:00,2020-09-25 03:00:00,931,930.5,1274.192,94.7705544506442,196.52,11.041,4.49,3.738,1.561,2.248,0.512,0.752,0,0,0,0,0,0,0,0,0,0
North Complex,2020,2020-09-25 12:00:00,2020-09-25 05:00:00,2020-09-25 04:00:00,932,931.5,1274.192,94.7705544506442,196.52,11.041,4.49,3.738,1.561,2.248,0.512,0.752,0,0,0,0,0,0,0,0,0,0
North Complex,2020,2020-09-25 13:00:00,2020-09-25 06:00:00,2020-09-25 05:00:00,933,932.5,1274.192,94.7705544506442,196.52,11.041,4.49,3.738,1.561,2.248,0.512,0.752,0,0,0,0,0,0,0,0,0,0
North Complex,2020,2020-09-25 14:00:00,2020-09-25 07:00:00,2020-09-25 06:00:00,934,933.5,1274.192,94.7705544506442,196.52,11.041,4.49,3.738,1.561,2.248,0.512,0.752,0,0,0,0,0,0,0,0,0,0
North Complex,2020,2020-09-25 15:00:00,2020-09-25 08:00:00,2020-09-25 07:00:00,935,934.5,1274.192,94.7705544506442,196.52,11.041,4.49,3.738,1.561,2.248,0.512,0.752,0,0,0,0,0,0,0,0,0,0
North Complex,2020,2020-09-25 16:00:00,2020-09-25 09:00:00,2020-09-25 08:00:00,936,935.5,1274.192,94.7705544506442,196.52,11.041,4.49,3.738,1.561,2.248,0.512,0.752,0,0,0,0,0,0,0,0,0,0
North Complex,2020,2020-09-25 17:00:00,2020-09-25 10:00:00,2020-09-25 09:00:00,937,936.5,1274.192,94.7705544506442,196.52,11.041,4.49,3.738,1.561,2.248,0.512,0.752,0,0,0,0,0,0,0,0,0,0
North Complex,2020,2020-09-25 18:00:00,2020-09-25 11:00:00,2020-09-25 10:00:00,938,937.5,1274.192,94.7705544506442,196.52,11.041,4.49,3.738,1.561,2.248,0.512,0.752,0,0,0,0,0,0,0,0,0,0
North Complex,2020,2020-09-25 19:00:00,2020-09-25 12:00:00,2020-09-25 11:00:00,939,938.5,1274.192,94.7705544506442,196.52,11.041,4.49,3.738,1.561,2.248,0.512,0.752,0,0,0,0,0,0,0,0,0,0
North Complex,2020,2020-09-25 20:00:00,2020-09-25 13:00:00,2020-09-25 12:00:00,940,939.5,1274.192,94.7705544506442,196.52,11.041,4.49,3.738,1.561,2.248,0.512,0.752,0,0,0,0,0,0,0,0,0,0
North Complex,2020,2020-09-25 21:00:00,2020-09-25 14:00:00,2020-09-25 13:00:00,941,940.5,1274.192,94.7705544506442,196.52,11.041,4.49,3.738,1.561,2.248,0.512,0.752,0,0,0,0,0,0,0,0,0,0
North Complex,2020,2020-09-25 22:00:00,2020-09-25 15:00:00,2020-09-25 14:00:00,942,941.5,1274.192,94.7705544506442,196.52,11.041,4.49,3.738,1.561,2.248,0.512,0.752,0,0,0,0,0,0,0,0,0,0
North Complex,2020,2020-09-25 23:00:00,2020-09-25 16:00:00,2020-09-25 15:00:00,943,942.5,1274.192,94.7705544506442,196.52,11.041,4.49,3.738,1.561,2.248,0.512,0.752,0,0,0,0,0,0,0,0,0,0
North Complex,2020,2020-09-26 00:00:00,2020-09-25 17:00:00,2020-09-25 16:00:00,944,943.5,1274.192,94.7705544506442,196.52,11.041,5.464,1.564,1.561,2.248,0.512,0.752,0,1,1,0,0,0,0,0,0,0
North Complex,2020,2020-09-26 01:00:00,2020-09-25 18:00:00,2020-09-25 17:00:00,945,944.5,1274.192,94.7705544506442,196.52,11.041,5.464,1.564,1.561,2.248,0.512,0.752,0,1,1,0,0,0,0,0,0,0
North Complex,2020,2020-09-26 02:00:00,2020-09-25 19:00:00,2020-09-25 18:00:00,946,945.5,1274.192,94.7705544506442,196.52,11.041,5.464,1.564,1.561,2.248,0.512,0.752,0,0,0,0,0,0,0,0,0,0
North Complex,2020,2020-09-26 03:00:00,2020-09-25 20:00:00,2020-09-25 19:00:00,947,946.5,1274.192,94.7705544506442,196.52,11.041,5.464,1.564,1.561,2.248,0.512,0.752,0,0,0,0,0,0,0,0,0,0
North Complex,2020,2020-09-26 04:00:00,2020-09-25 21:00:00,2020-09-25 20:00:00,948,947.5,1274.192,94.7705544506442,196.52,11.041,5.464,1.564,1.561,2.248,0.512,0.752,0,0,0,0,0,0,0,0,0,0
North Complex,2020,2020-09-26 05:00:00,2020-09-25 22:00:00,2020-09-25 21:00:00,949,948.5,1274.192,94.7705544506442,196.52,11.041,5.464,1.564,1.561,2.248,0.512,0.752,0,0,0,0,0,0,0,0,0,0
North Complex,2020,2020-09-26 06:00:00,2020-09-25 23:00:00,2020-09-25 22:00:00,950,949.5,1274.192,94.7705544506442,196.52,11.041,5.464,1.564,1.561,2.248,0.512,0.752,0,0,0,0,0,0,0,0,0,0
North Complex,2020,2020-09-26 07:00:00,2020-09-26 00:00:00,2020-09-25 23:00:00,951,950.5,1274.192,94.7705544506442,196.52,11.041,5.464,1.564,1.561,2.248,0.512,0.752,0,0,0,0,0,0,0,0,0,0
North Complex,2020,2020-09-26 08:00:00,2020-09-26 01:00:00,2020-09-26 00:00:00,952,951.5,1274.192,94.7705544506442,196.52,11.041,5.464,1.564,1.561,2.248,0.512,0.752,0,0,0,0,0,0,0,0,0,0
North Complex,2020,2020-09-26 09:00:00,2020-09-26 02:00:00,2020-09-26 01:00:00,953,952.5,1274.192,94.7705544506442,196.52,11.041,5.464,1.564,1.561,2.248,0.512,0.752,0,0,0,0,0,0,0,0,0,0
North Complex,2020,2020-09-26 10:00:00,2020-09-26 03:00:00,2020-09-26 02:00:00,954,953.5,1274.192,94.7705544506442,196.52,11.041,5.464,1.564,1.561,2.248,0.512,0.752,0,0,0,0,0,0,0,0,0,0
North Complex,2020,2020-09-26 11:00:00,2020-09-26 04:00:00,2020-09-26 03:00:00,955,954.5,1274.192,94.7705544506442,196.52,11.041,5.464,1.564,1.561,2.248,0.512,0.752,0,0,0,0,0,0,0,0,0,0
North Complex,2020,2020-09-26 12:00:00,2020-09-26 05:00:00,2020-09-26 04:00:00,956,955.5,1274.192,94.7705544506442,196.52,11.041,5.464,1.564,1.561,2.248,0.512,0.752,0,0,0,0,0,0,0,0,0,0
North Complex,2020,2020-09-26 13:00:00,2020-09-26 06:00:00,2020-09-26 05:00:00,957,956.5,1274.192,94.7705544506442,196.52,11.041,5.464,1.564,1.561,2.248,0.512,0.752,0,0,0,0,0,0,0,0,0,0
North Complex,2020,2020-09-26 14:00:00,2020-09-26 07:00:00,2020-09-26 06:00:00,958,957.5,1274.192,94.7705544506442,196.52,11.041,5.464,1.564,1.561,2.248,0.512,0.752,0,0,0,0,0,0,0,0,0,0
North Complex,2020,2020-09-26 15:00:00,2020-09-26 08:00:00,2020-09-26 07:00:00,959,958.5,1274.193,94.7706288276254,196.52,11.041,5.464,1.564,1.561,2.248,0.512,0.752,0,0,0,0,0,0,0,0.001,0.001,0
North Complex,2020,2020-09-26 16:00:00,2020-09-26 09:00:00,2020-09-26 08:00:00,960,959.5,1274.193,94.7706288276254,196.52,11.041,5.464,1.564,1.561,2.248,0.512,0.752,0,0,0,0,0,0,0,0,0,0
North Complex,2020,2020-09-26 17:00:00,2020-09-26 10:00:00,2020-09-26 09:00:00,961,960.5,1274.193,94.7706288276254,196.52,11.041,5.464,1.564,1.561,2.248,0.512,0.752,0,0,0,0,0,0,0,0,0,0
North Complex,2020,2020-09-26 18:00:00,2020-09-26 11:00:00,2020-09-26 10:00:00,962,961.5,1274.193,94.7706288276254,196.52,11.041,5.464,1.564,1.561,2.248,0.512,0.752,0,0,0,0,0,0,0,0,0,0
North Complex,2020,2020-09-26 19:00:00,2020-09-26 12:00:00,2020-09-26 11:00:00,963,962.5,1274.193,94.7706288276254,196.52,11.041,5.464,1.564,1.561,2.248,0.512,0.752,0,0,0,0,0,0,0,0,0,0
North Complex,2020,2020-09-26 20:00:00,2020-09-26 13:00:00,2020-09-26 12:00:00,964,963.5,1274.193,94.7706288276254,196.52,11.041,5.464,1.564,1.561,2.248,0.512,0.752,0,0,0,0,0,0,0,0,0,0
North Complex,2020,2020-09-26 21:00:00,2020-09-26 14:00:00,2020-09-26 13:00:00,965,964.5,1274.193,94.7706288276254,196.52,11.041,5.464,1.564,1.561,2.248,0.512,0.752,0,0,0,0,0,0,0,0,0,0
North Complex,2020,2020-09-26 22:00:00,2020-09-26 15:00:00,2020-09-26 14:00:00,966,965.5,1274.193,94.7706288276254,196.52,11.041,5.464,1.564,1.561,2.248,0.512,0.752,0,0,0,0,0,0,0,0,0,0
North Complex,2020,2020-09-26 23:00:00,2020-09-26 16:00:00,2020-09-26 15:00:00,967,966.5,1274.193,94.7706288276254,196.52,11.041,5.464,1.564,1.561,2.248,0.512,0.752,0,0,0,0,0,0,0,0,0,0
North Complex,2020,2020-09-27 00:00:00,2020-09-26 17:00:00,2020-09-26 16:00:00,968,967.5,1274.193,94.7706288276254,196.52,11.041,5.464,1.564,1.561,2.248,0.512,0.752,0,0,0,0,0,0,0,0,0,0
North Complex,2020,2020-09-27 01:00:00,2020-09-26 18:00:00,2020-09-26 17:00:00,969,968.5,1274.193,94.7706288276254,196.52,11.041,5.464,1.564,1.561,2.248,0.512,0.752,0,0,0,0,0,0,0,0,0,0
North Complex,2020,2020-09-27 02:00:00,2020-09-26 19:00:00,2020-09-26 18:00:00,970,969.5,1274.193,94.7706288276254,196.52,11.041,5.464,1.564,1.561,2.248,0.512,0.752,0,0,0,0,0,0,0,0,0,0
North Complex,2020,2020-09-27 03:00:00,2020-09-26 20:00:00,2020-09-26 19:00:00,971,970.5,1274.193,94.7706288276254,196.52,11.041,5.464,1.564,1.561,2.248,0.512,0.752,0,0,0,0,0,0,0,0,0,0
North Complex,2020,2020-09-27 04:00:00,2020-09-26 21:00:00,2020-09-26 20:00:00,972,971.5,1274.193,94.7706288276254,196.52,11.041,5.464,1.564,1.561,2.248,0.512,0.752,0,0,0,0,0,0,0,0,0,0
North Complex,2020,2020-09-27 05:00:00,2020-09-26 22:00:00,2020-09-26 21:00:00,973,972.5,1274.193,94.7706288276254,196.52,11.041,5.464,1.564,1.561,2.248,0.512,0.752,0,0,0,0,0,0,0,0,0,0
North Complex,2020,2020-09-27 06:00:00,2020-09-26 23:00:00,2020-09-26 22:00:00,974,973.5,1274.193,94.7706288276254,196.52,11.041,5.464,1.564,1.561,2.248,0.512,0.752,0,0,0,0,0,0,0,0,0,0
North Complex,2020,2020-09-27 07:00:00,2020-09-27 00:00:00,2020-09-26 23:00:00,975,974.5,1274.193,94.7706288276254,196.52,11.041,5.464,1.564,1.561,2.248,0.512,0.752,0,0,0,0,0,0,0,0,0,0
North Complex,2020,2020-09-27 08:00:00,2020-09-27 01:00:00,2020-09-27 00:00:00,976,975.5,1274.193,94.7706288276254,196.52,11.041,5.464,1.564,1.561,2.248,0.512,0.752,0,0,0,0,0,0,0,0,0,0
North Complex,2020,2020-09-27 09:00:00,2020-09-27 02:00:00,2020-09-27 01:00:00,977,976.5,1274.193,94.7706288276254,196.52,11.041,1.66,1.564,1.561,2.248,0.512,0.752,0,1,0,0,0,0,0,0,0,0
North Complex,2020,2020-09-27 10:00:00,2020-09-27 03:00:00,2020-09-27 02:00:00,978,977.5,1274.193,94.7706288276254,196.52,11.041,1.66,1.564,1.561,2.248,0.512,0.752,0,0,0,0,0,0,0,0,0,0
North Complex,2020,2020-09-27 11:00:00,2020-09-27 04:00:00,2020-09-27 03:00:00,979,978.5,1274.193,94.7706288276254,196.52,11.041,1.66,1.564,1.561,2.248,0.512,0.752,0,0,0,0,0,0,0,0,0,0
North Complex,2020,2020-09-27 12:00:00,2020-09-27 05:00:00,2020-09-27 04:00:00,980,979.5,1274.193,94.7706288276254,196.52,11.041,1.66,1.564,1.561,2.248,0.512,0.752,0,0,0,0,0,0,0,0,0,0
North Complex,2020,2020-09-27 13:00:00,2020-09-27 06:00:00,2020-09-27 05:00:00,981,980.5,1274.193,94.7706288276254,196.52,11.041,1.66,1.564,1.561,2.248,0.512,0.752,0,0,0,0,0,0,0,0,0,0
North Complex,2020,2020-09-27 14:00:00,2020-09-27 07:00:00,2020-09-27 06:00:00,982,981.5,1274.193,94.7706288276254,196.52,11.041,1.66,1.564,1.561,2.248,0.512,0.752,0,0,0,0,0,0,0,0,0,0
North Complex,2020,2020-09-27 15:00:00,2020-09-27 08:00:00,2020-09-27 07:00:00,983,982.5,1274.193,94.7706288276254,196.52,11.041,0.843,1.564,1.561,2.248,0.512,0.752,0,1,0,0,0,0,0,0,0,0
North Complex,2020,2020-09-27 16:00:00,2020-09-27 09:00:00,2020-09-27 08:00:00,984,983.5,1274.193,94.7706288276254,196.52,11.041,0.843,1.564,1.561,2.248,0.512,0.752,0,0,0,0,0,0,0,0,0,0
North Complex,2020,2020-09-27 17:00:00,2020-09-27 10:00:00,2020-09-27 09:00:00,985,984.5,1274.193,94.7706288276254,196.52,11.041,0.843,1.564,1.561,2.248,0.512,0.752,0,0,0,0,0,0,0,0,0,0
North Complex,2020,2020-09-27 18:00:00,2020-09-27 11:00:00,2020-09-27 10:00:00,986,985.5,1274.193,94.7706288276254,196.52,11.041,1.427,1.564,1.561,2.248,0.512,0.752,0,1,0,0,0,0,0,0,0,0
North Complex,2020,2020-09-27 19:00:00,2020-09-27 12:00:00,2020-09-27 11:00:00,987,986.5,1274.193,94.7706288276254,196.52,11.041,1.427,1.564,1.561,2.248,0.512,0.752,0,1,0,0,0,0,0,0,0,0
North Complex,2020,2020-09-27 20:00:00,2020-09-27 13:00:00,2020-09-27 12:00:00,988,987.5,1274.193,94.7706288276254,196.52,11.041,3.451,1.519,1.561,2.248,0.512,0.752,0,1,1,0,0,0,0,0,0,0
North Complex,2020,2020-09-27 21:00:00,2020-09-27 14:00:00,2020-09-27 13:00:00,989,988.5,1274.193,94.7706288276254,196.52,11.041,4.242,3.183,1.561,2.248,0.512,0.752,0,1,1,0,0,0,0,0,0,0
North Complex,2020,2020-09-27 22:00:00,2020-09-27 15:00:00,2020-09-27 14:00:00,990,989.5,1274.193,94.7706288276254,196.52,11.041,16.571,13.541,8.889,2.248,0.512,0.752,1,1,1,1,0,0,0,0,0,0
North Complex,2020,2020-09-27 23:00:00,2020-09-27 16:00:00,2020-09-27 15:00:00,991,990.5,1281.747,95.3324725437374,194.769,6.799,17.76,13.481,9.707,3.285,0.549,0.752,1,1,1,1,1,1,0,7.554,1.8,0.684
North Complex,2020,2020-09-28 00:00:00,2020-09-27 17:00:00,2020-09-27 16:00:00,992,991.5,1283.214,95.4415835751825,194.659,4.79,19.844,15.648,12.082,7.129,1.581,0.752,1,1,1,1,1,1,0,1.467,0.604,0.216
North Complex,2020,2020-09-28 01:00:00,2020-09-27 18:00:00,2020-09-27 17:00:00,993,992.5,1285.415,95.6052873108408,194.374,8.565,19.605,18.787,15.855,11.586,5.458,3.75,1,1,1,1,1,1,1,2.201,0.869,0.459
North Complex,2020,2020-09-28 02:00:00,2020-09-27 19:00:00,2020-09-27 18:00:00,994,993.5,1291.994,96.0946134702663,195.453,8.652,20.637,19.397,15.852,11.667,6.431,4.435,1,1,1,1,1,1,1,6.579,1.777,0.768
North Complex,2020,2020-09-28 03:00:00,2020-09-27 20:00:00,2020-09-27 19:00:00,995,994.5,1293.915,96.2374916511839,194.998,8.565,20.833,19.054,14.491,9.189,7.055,5.397,1,1,1,1,1,1,1,1.921,0.522,0.222
North Complex,2020,2020-09-28 04:00:00,2020-09-27 21:00:00,2020-09-27 20:00:00,996,995.5,1299.091,96.6224669059622,195.029,7.673,21.852,20.822,17.363,13.247,8.244,6.556,0,1,1,1,1,1,1,5.176,1.768,0.604
North Complex,2020,2020-09-28 05:00:00,2020-09-27 22:00:00,2020-09-27 21:00:00,997,996.5,1299.091,96.6224669059622,195.029,7.673,19.477,18.129,14.96,10.17,3.924,0.98,0,1,1,1,1,1,1,0,0,0
North Complex,2020,2020-09-28 06:00:00,2020-09-27 23:00:00,2020-09-27 22:00:00,998,997.5,1299.091,96.6224669059622,195.029,7.673,18.213,16.62,12.642,5.073,3.924,0.98,0,1,1,1,1,0,0,0,0,0
North Complex,2020,2020-09-28 07:00:00,2020-09-28 00:00:00,2020-09-27 23:00:00,999,998.5,1299.091,96.6224669059622,195.028,7.673,15.652,13.586,8.739,3.537,3.924,0.98,0,1,1,1,1,0,0,0,0,0
North Complex,2020,2020-09-28 08:00:00,2020-09-28 01:00:00,2020-09-28 00:00:00,1000,999.5,1299.091,96.6224669059622,195.028,7.673,9.993,8.022,6.28,3.537,3.924,0.98,0,1,1,1,0,0,0,0,0,0
North Complex,2020,2020-09-28 09:00:00,2020-09-28 02:00:00,2020-09-28 01:00:00,1001,1000.5,1299.091,96.6224669059622,195.028,7.673,12.731,10.947,3.257,3.537,3.924,0.98,0,1,1,1,0,0,0,0,0,0
North Complex,2020,2020-09-28 10:00:00,2020-09-28 03:00:00,2020-09-28 02:00:00,1002,1001.5,1299.091,96.6224669059622,195.028,7.673,9.993,7.918,3.257,3.537,3.924,0.98,0,1,1,1,0,0,0,0,0,0
North Complex,2020,2020-09-28 11:00:00,2020-09-28 04:00:00,2020-09-28 03:00:00,1003,1002.5,1299.091,96.6224669059622,195.028,7.673,8.181,4.266,2.961,0.468,3.924,0.98,0,1,1,1,1,0,0,0,0,0
North Complex,2020,2020-09-28 12:00:00,2020-09-28 05:00:00,2020-09-28 04:00:00,1004,1003.5,1299.091,96.6224669059622,195.028,7.673,8.181,4.266,2.961,0.468,3.924,0.98,0,1,1,1,1,0,0,0,0,0
North Complex,2020,2020-09-28 13:00:00,2020-09-28 06:00:00,2020-09-28 05:00:00,1005,1004.5,1299.091,96.6224669059622,195.028,7.673,6.754,4.266,2.961,0.468,3.924,0.98,0,1,1,1,1,0,0,0,0,0
North Complex,2020,2020-09-28 14:00:00,2020-09-28 07:00:00,2020-09-28 06:00:00,1006,1005.5,1299.091,96.6224669059622,195.028,7.673,6.754,4.266,2.961,0.468,3.924,0.98,0,1,1,1,1,0,0,0,0,0
North Complex,2020,2020-09-28 15:00:00,2020-09-28 08:00:00,2020-09-28 07:00:00,1007,1006.5,1299.091,96.6224669059622,195.028,7.673,6.6,4.236,2.779,0.468,3.924,0.98,0,1,1,1,0,0,0,0,0,0
North Complex,2020,2020-09-28 16:00:00,2020-09-28 09:00:00,2020-09-28 08:00:00,1008,1007.5,1299.091,96.6224669059622,195.028,7.673,6.198,4.132,2.518,0.468,3.924,0.98,0,1,1,1,0,0,0,0,0,0
North Complex,2020,2020-09-28 17:00:00,2020-09-28 10:00:00,2020-09-28 09:00:00,1009,1008.5,1299.091,96.6224669059622,195.028,7.673,5.278,3.584,1.006,0.468,3.924,0.98,0,1,1,1,0,0,0,0,0,0
North Complex,2020,2020-09-28 18:00:00,2020-09-28 11:00:00,2020-09-28 10:00:00,1010,1009.5,1299.091,96.6224669059622,195.028,7.673,12.554,10.691,6.831,3.537,3.924,0.98,0,1,1,1,1,0,0,0,0,0
North Complex,2020,2020-09-28 19:00:00,2020-09-28 12:00:00,2020-09-28 11:00:00,1011,1010.5,1299.091,96.6224669059622,195.028,7.673,12.818,10.968,6.831,1.564,3.924,0.98,0,1,1,1,1,0,0,0,0,0
North Complex,2020,2020-09-28 20:00:00,2020-09-28 13:00:00,2020-09-28 12:00:00,1012,1011.5,1299.091,96.6224669059622,195.028,7.673,14.591,11.23,8.447,2.467,3.924,0.98,0,1,1,1,1,0,0,0,0,0
North Complex,2020,2020-09-28 21:00:00,2020-09-28 14:00:00,2020-09-28 13:00:00,1013,1012.5,1299.091,96.6224669059622,195.028,7.673,14.936,12.061,8.216,2.467,3.924,0.98,0,1,1,1,0,0,0,0,0,0
North Complex,2020,2020-09-28 22:00:00,2020-09-28 15:00:00,2020-09-28 14:00:00,1014,1013.5,1299.091,96.6224669059622,195.028,7.673,17.152,15.222,10.73,5.57,1.596,0.98,0,1,1,1,1,1,0,0,0,0
North Complex,2020,2020-09-28 23:00:00,2020-09-28 16:00:00,2020-09-28 15:00:00,1015,1014.5,1299.091,96.6224669059622,195.028,7.673,17.326,15.408,10.194,6.617,3.331,0.98,1,1,1,1,1,1,0,0,0,0
North Complex,2020,2020-09-29 00:00:00,2020-09-28 17:00:00,2020-09-28 16:00:00,1016,1015.5,1303.131,96.9229499100782,195.256,7.358,16.541,14.165,12.439,10.573,8.637,6.627,0,1,1,1,1,1,1,4.04,1.559,0.527
North Complex,2020,2020-09-29 01:00:00,2020-09-28 18:00:00,2020-09-28 17:00:00,1017,1016.5,1303.131,96.9229499100782,195.256,7.358,18.814,15.419,13.712,12.061,10.183,5.052,1,1,1,1,1,1,1,0,0,0
North Complex,2020,2020-09-29 02:00:00,2020-09-28 19:00:00,2020-09-28 18:00:00,1018,1017.5,1304.476,97.0229869498149,195.92,12.232,18.99,16.817,13.308,11.192,8.284,4.666,1,1,1,1,1,1,1,1.345,0.741,0.183
North Complex,2020,2020-09-29 03:00:00,2020-09-28 20:00:00,2020-09-28 19:00:00,1019,1018.5,1313.43,97.6889584396304,198.03,6.706,17.996,17.091,15.55,13.411,11.239,9.723,1,1,1,1,1,1,1,8.954,2.103,0.732
North Complex,2020,2020-09-29 04:00:00,2020-09-28 21:00:00,2020-09-28 20:00:00,1020,1019.5,1318.599,98.0734130555403,196.638,10.451,19.039,17.849,16.192,14.232,12.216,7.041,1,1,1,1,1,1,1,5.169,1.528,0.771
North Complex,2020,2020-09-29 05:00:00,2020-09-28 22:00:00,2020-09-28 21:00:00,1021,1020.5,1322.062,98.3309805414942,197.195,9.199,21.228,19.299,17.714,15.817,13.903,11.036,1,1,1,1,1,1,1,3.463,1.03,0.331
North Complex,2020,2020-09-29 06:00:00,2020-09-28 23:00:00,2020-09-28 22:00:00,1022,1021.5,1334.229,99.2359252719594,198.351,4.523,20.906,19.293,17.709,15.422,11.732,7.097,1,1,1,1,1,1,1,12.167,2.145,1.323
North Complex,2020,2020-09-29 07:00:00,2020-09-29 00:00:00,2020-09-28 23:00:00,1023,1022.5,1334.339,99.2441067398933,198.379,4.466,19.942,18.868,16.69,13.832,10.229,3.978,0,1,1,1,1,1,1,0.11,0.046,0.024
North Complex,2020,2020-09-29 08:00:00,2020-09-29 01:00:00,2020-09-29 00:00:00,1024,1023.5,1334.339,99.2441067398933,198.379,4.466,16.497,15.766,13.916,9.307,4.916,3.978,0,1,1,1,1,1,0,0,0,0
North Complex,2020,2020-09-29 09:00:00,2020-09-29 02:00:00,2020-09-29 01:00:00,1025,1024.5,1334.339,99.2441067398933,198.379,4.466,14.678,13.295,9.334,7.034,3.077,3.978,0,1,1,1,1,1,0,0,0,0
North Complex,2020,2020-09-29 10:00:00,2020-09-29 03:00:00,2020-09-29 02:00:00,1026,1025.5,1334.339,99.2441067398933,198.379,4.466,16.156,14.38,10.418,8.503,6.1,3.898,0,1,1,1,1,1,1,0,0,0
North Complex,2020,2020-09-29 11:00:00,2020-09-29 04:00:00,2020-09-29 03:00:00,1027,1026.5,1334.339,99.2441067398933,198.379,4.466,11.817,10.706,8.813,7.031,5.134,3.648,0,1,1,1,1,1,1,0,0,0
North Complex,2020,2020-09-29 12:00:00,2020-09-29 05:00:00,2020-09-29 04:00:00,1028,1027.5,1334.339,99.2441067398933,198.379,4.466,12.411,11.514,10.101,8.35,6.032,3.446,0,1,1,1,1,1,1,0,0,0
North Complex,2020,2020-09-29 13:00:00,2020-09-29 06:00:00,2020-09-29 05:00:00,1029,1028.5,1334.339,99.2441067398933,198.379,4.466,11.817,10.706,8.813,7.031,5.134,2.555,0,1,1,1,1,1,1,0,0,0
North Complex,2020,2020-09-29 14:00:00,2020-09-29 07:00:00,2020-09-29 06:00:00,1030,1029.5,1334.339,99.2441067398933,198.379,4.466,12.411,11.514,10.101,8.35,6.032,2.555,0,1,1,1,1,1,1,0,0,0
North Complex,2020,2020-09-29 15:00:00,2020-09-29 08:00:00,2020-09-29 07:00:00,1031,1030.5,1334.339,99.2441067398933,198.379,4.466,10.933,10.342,8.855,5.624,6.032,2.555,0,1,1,1,1,0,0,0,0,0
North Complex,2020,2020-09-29 16:00:00,2020-09-29 09:00:00,2020-09-29 08:00:00,1032,1031.5,1334.339,99.2441067398933,198.379,4.466,10.339,9.544,7.498,3.575,6.032,2.555,0,1,1,1,1,0,0,0,0,0
North Complex,2020,2020-09-29 17:00:00,2020-09-29 10:00:00,2020-09-29 09:00:00,1033,1032.5,1334.339,99.2441067398933,198.379,4.466,8.327,7.61,5.793,2.256,6.032,2.555,0,1,1,1,1,0,0,0,0,0
North Complex,2020,2020-09-29 18:00:00,2020-09-29 11:00:00,2020-09-29 10:00:00,1034,1033.5,1334.339,99.2441067398933,198.379,4.466,10.18,9.442,7.499,4.92,6.032,2.555,0,1,1,1,1,0,0,0,0,0
North Complex,2020,2020-09-29 19:00:00,2020-09-29 12:00:00,2020-09-29 11:00:00,1035,1034.5,1334.339,99.2441067398933,198.379,4.466,10.339,9.621,7.652,3.898,6.032,2.555,0,1,1,1,1,0,0,0,0,0
North Complex,2020,2020-09-29 20:00:00,2020-09-29 13:00:00,2020-09-29 12:00:00,1036,1035.5,1334.339,99.2441067398933,198.379,4.466,15.042,11.859,7.576,4.92,6.032,2.555,0,1,1,1,1,0,0,0,0,0
North Complex,2020,2020-09-29 21:00:00,2020-09-29 14:00:00,2020-09-29 13:00:00,1037,1036.5,1334.339,99.2441067398933,198.379,4.466,11.652,9.654,5.833,4.92,6.032,2.555,0,1,1,1,0,0,0,0,0,0
North Complex,2020,2020-09-29 22:00:00,2020-09-29 15:00:00,2020-09-29 14:00:00,1038,1037.5,1334.339,99.2441067398933,198.379,4.466,17.46,13.932,10.021,8.194,5.721,0.363,1,1,1,1,1,1,1,0,0,0
North Complex,2020,2020-09-29 23:00:00,2020-09-29 16:00:00,2020-09-29 15:00:00,1039,1038.5,1335.354,99.3195993758284,198.847,6.399,22.356,20.12,15.889,12.249,9.444,0.39,1,1,1,1,1,1,1,1.015,0.598,0.227
North Complex,2020,2020-09-30 00:00:00,2020-09-29 17:00:00,2020-09-29 16:00:00,1040,1039.5,1338.507,99.5541099976051,199.911,4.679,23.133,20.693,16.952,12.955,9.398,0.39,1,1,1,1,1,1,0,3.153,1.287,0.493
North Complex,2020,2020-09-30 01:00:00,2020-09-29 18:00:00,2020-09-29 17:00:00,1041,1040.5,1338.665,99.5658615606373,199.895,8.422,20.544,18.325,13.922,8.51,5.314,0.39,0,1,1,1,1,1,0,0.158,0.055,0.034
North Complex,2020,2020-09-30 02:00:00,2020-09-29 19:00:00,2020-09-29 18:00:00,1042,1041.5,1338.665,99.5658615606373,199.895,8.422,13.224,11.21,7.64,4.753,1.641,0.39,0,1,1,1,1,1,0,0,0,0
North Complex,2020,2020-09-30 03:00:00,2020-09-29 20:00:00,2020-09-29 19:00:00,1043,1042.5,1338.665,99.5658615606373,199.895,8.422,11.703,8.497,5.789,2.155,1.641,0.39,0,1,1,1,1,0,0,0,0,0
North Complex,2020,2020-09-30 04:00:00,2020-09-29 21:00:00,2020-09-29 20:00:00,1044,1043.5,1338.665,99.5658615606373,199.895,8.422,10.338,8.497,5.789,2.155,1.641,0.39,0,1,1,1,1,0,0,0,0,0
North Complex,2020,2020-09-30 05:00:00,2020-09-29 22:00:00,2020-09-29 21:00:00,1045,1044.5,1338.665,99.5658615606373,199.895,8.422,13.829,11.594,8.499,3.856,0.937,0.39,0,1,1,1,1,1,0,0,0,0
North Complex,2020,2020-09-30 06:00:00,2020-09-29 23:00:00,2020-09-29 22:00:00,1046,1045.5,1338.665,99.5658615606373,199.895,8.422,9.372,8.497,5.789,2.155,0.937,0.39,0,1,1,1,1,0,0,0,0,0
North Complex,2020,2020-09-30 07:00:00,2020-09-30 00:00:00,2020-09-29 23:00:00,1047,1046.5,1338.665,99.5658615606373,199.895,8.422,11.384,10.432,7.493,3.473,0.937,0.39,0,1,1,1,1,0,0,0,0,0
North Complex,2020,2020-09-30 08:00:00,2020-09-30 01:00:00,2020-09-30 00:00:00,1048,1047.5,1338.665,99.5658615606373,199.895,8.422,9.372,8.497,5.789,2.155,0.937,0.39,0,1,1,1,1,0,0,0,0,0
North Complex,2020,2020-09-30 09:00:00,2020-09-30 02:00:00,2020-09-30 01:00:00,1049,1048.5,1338.665,99.5658615606373,199.895,8.422,9.372,8.497,5.789,2.155,0.937,0.39,0,1,1,1,1,0,0,0,0,0
North Complex,2020,2020-09-30 10:00:00,2020-09-30 03:00:00,2020-09-30 02:00:00,1050,1049.5,1338.665,99.5658615606373,199.895,8.422,10.078,9.369,7.64,2.155,0.937,0.39,0,1,1,1,1,0,0,0,0,0
North Complex,2020,2020-09-30 11:00:00,2020-09-30 04:00:00,2020-09-30 03:00:00,1051,1050.5,1338.665,99.5658615606373,199.895,8.422,4.261,3.618,1.797,2.155,0.937,0.39,0,1,1,1,0,0,0,0,0,0
North Complex,2020,2020-09-30 12:00:00,2020-09-30 05:00:00,2020-09-30 04:00:00,1052,1051.5,1338.665,99.5658615606373,199.895,8.422,4.261,3.618,1.797,2.155,0.937,0.39,0,1,1,1,0,0,0,0,0,0
North Complex,2020,2020-09-30 13:00:00,2020-09-30 06:00:00,2020-09-30 05:00:00,1053,1052.5,1338.665,99.5658615606373,199.895,8.422,9.372,8.497,5.789,2.155,0.937,0.39,0,1,1,1,1,0,0,0,0,0
North Complex,2020,2020-09-30 14:00:00,2020-09-30 07:00:00,2020-09-30 06:00:00,1054,1053.5,1338.665,99.5658615606373,199.895,8.422,9.372,8.497,5.789,2.155,0.937,0.39,0,1,1,1,1,0,0,0,0,0
North Complex,2020,2020-09-30 15:00:00,2020-09-30 08:00:00,2020-09-30 07:00:00,1055,1054.5,1338.665,99.5658615606373,199.895,8.422,9.372,8.497,5.789,2.155,0.937,0.39,0,1,1,1,1,0,0,0,0,0
North Complex,2020,2020-09-30 16:00:00,2020-09-30 09:00:00,2020-09-30 08:00:00,1056,1055.5,1338.665,99.5658615606373,199.895,8.422,9.372,8.497,5.789,2.155,0.937,0.39,0,1,1,1,1,0,0,0,0,0
North Complex,2020,2020-09-30 17:00:00,2020-09-30 10:00:00,2020-09-30 09:00:00,1057,1056.5,1338.665,99.5658615606373,199.895,8.422,9.372,8.497,5.789,2.155,0.937,0.39,0,1,1,1,1,0,0,0,0,0
North Complex,2020,2020-09-30 18:00:00,2020-09-30 11:00:00,2020-09-30 10:00:00,1058,1057.5,1338.665,99.5658615606373,199.895,8.422,9.885,9.091,6.57,1.335,0.937,0.39,0,1,1,1,1,0,0,0,0,0
North Complex,2020,2020-09-30 19:00:00,2020-09-30 12:00:00,2020-09-30 11:00:00,1059,1058.5,1338.665,99.5658615606373,199.895,8.422,9.091,7.989,4.662,1.335,0.937,0.39,0,1,1,1,0,0,0,0,0,0
North Complex,2020,2020-09-30 20:00:00,2020-09-30 13:00:00,2020-09-30 12:00:00,1060,1059.5,1338.665,99.5658615606373,199.895,8.422,12.237,9.831,5.377,2.686,0.937,0.39,0,1,1,1,1,0,0,0,0,0
North Complex,2020,2020-09-30 21:00:00,2020-09-30 14:00:00,2020-09-30 13:00:00,1061,1060.5,1338.665,99.5658615606373,199.895,8.422,18.119,15.449,9.758,3.628,0.937,0.39,0,1,1,1,1,0,0,0,0,0
North Complex,2020,2020-09-30 22:00:00,2020-09-30 15:00:00,2020-09-30 14:00:00,1062,1061.5,1338.665,99.5658615606373,199.895,8.422,14.62,11.95,7.722,0.709,0.937,0.39,0,1,1,1,1,0,0,0,0,0
North Complex,2020,2020-09-30 23:00:00,2020-09-30 16:00:00,2020-09-30 15:00:00,1063,1062.5,1338.665,99.5658615606373,199.895,8.422,14.833,12.473,5.811,3.484,0.768,0.39,0,1,1,1,1,1,0,0,0,0
North Complex,2020,2020-10-01 00:00:00,2020-09-30 17:00:00,2020-09-30 16:00:00,1064,1063.5,1338.665,99.5658615606373,199.895,8.422,14.642,12.181,6.467,3.484,0.768,0.39,0,1,1,1,0,0,0,0,0,0
North Complex,2020,2020-10-01 01:00:00,2020-09-30 18:00:00,2020-09-30 17:00:00,1065,1064.5,1338.665,99.5658615606373,199.895,8.422,13.285,11.048,5.097,3.484,0.768,0.39,0,1,1,1,0,0,0,0,0,0
North Complex,2020,2020-10-01 02:00:00,2020-09-30 19:00:00,2020-09-30 18:00:00,1066,1065.5,1338.665,99.5658615606373,199.895,8.422,15.445,13.437,8.894,6.021,3.708,0.39,0,1,1,1,1,1,0,0,0,0
North Complex,2020,2020-10-01 03:00:00,2020-09-30 20:00:00,2020-09-30 19:00:00,1067,1066.5,1338.665,99.5658615606373,199.895,8.422,15.901,12.466,10.583,7.774,4.988,0.002,0,1,1,1,1,1,1,0,0,0
North Complex,2020,2020-10-01 04:00:00,2020-09-30 21:00:00,2020-09-30 20:00:00,1068,1067.5,1338.665,99.5658615606373,199.895,8.422,14.816,12.763,7.672,4.957,1.617,0.002,0,1,1,1,1,1,0,0,0,0
North Complex,2020,2020-10-01 05:00:00,2020-09-30 22:00:00,2020-09-30 21:00:00,1069,1068.5,1338.665,99.5658615606373,199.895,8.422,15.194,11.594,8.91,6.66,4.732,0.002,0,1,1,1,1,1,0,0,0,0
North Complex,2020,2020-10-01 06:00:00,2020-09-30 23:00:00,2020-09-30 22:00:00,1070,1069.5,1338.665,99.5658615606373,199.895,8.422,13.829,11.594,8.91,6.66,4.732,0.002,0,1,1,1,1,1,0,0,0,0
North Complex,2020,2020-10-01 07:00:00,2020-10-01 00:00:00,2020-09-30 23:00:00,1071,1070.5,1338.665,99.5658615606373,199.895,8.422,12.041,9.812,6.564,2.61,4.732,0.002,0,1,1,1,1,0,0,0,0,0
North Complex,2020,2020-10-01 08:00:00,2020-10-01 01:00:00,2020-10-01 00:00:00,1072,1071.5,1338.665,99.5658615606373,199.895,8.422,5.228,3.618,1.797,2.61,4.732,0.002,0,1,1,1,0,0,0,0,0,0
North Complex,2020,2020-10-01 09:00:00,2020-10-01 02:00:00,2020-10-01 01:00:00,1073,1072.5,1338.665,99.5658615606373,199.895,8.422,5.228,3.618,1.797,2.61,4.732,0.002,0,0,0,0,0,0,0,0,0,0
North Complex,2020,2020-10-01 10:00:00,2020-10-01 03:00:00,2020-10-01 02:00:00,1074,1073.5,1338.665,99.5658615606373,199.895,8.422,12.339,9.896,4.307,2.61,4.732,0.002,0,1,1,1,0,0,0,0,0,0
North Complex,2020,2020-10-01 11:00:00,2020-10-01 04:00:00,2020-10-01 03:00:00,1075,1074.5,1338.665,99.5658615606373,199.895,8.422,9.411,6.669,4.307,2.61,4.732,0.002,1,1,1,0,0,0,0,0,0,0
North Complex,2020,2020-10-01 12:00:00,2020-10-01 05:00:00,2020-10-01 04:00:00,1076,1075.5,1340.475,99.7004838966398,199.842,10.156,9.704,8.865,6.666,2.61,4.732,0.002,0,1,1,1,0,0,0,1.81,0.318,0.215
North Complex,2020,2020-10-01 13:00:00,2020-10-01 06:00:00,2020-10-01 05:00:00,1077,1076.5,1340.475,99.7004838966398,199.842,10.156,13.212,11.907,5.851,2.278,4.732,0.002,0,1,1,1,1,0,0,0,0,0
North Complex,2020,2020-10-01 14:00:00,2020-10-01 07:00:00,2020-10-01 06:00:00,1078,1077.5,1340.475,99.7004838966398,199.842,10.156,10.107,9.039,6.869,3.321,4.732,0.002,0,1,1,1,1,0,0,0,0,0
North Complex,2020,2020-10-01 15:00:00,2020-10-01 08:00:00,2020-10-01 07:00:00,1079,1078.5,1340.475,99.7004838966398,199.842,10.156,6.599,5.835,3.945,3.321,4.732,0.002,1,1,1,1,0,0,0,0,0,0
North Complex,2020,2020-10-01 16:00:00,2020-10-01 09:00:00,2020-10-01 08:00:00,1080,1079.5,1344.502,100,199.882,0,9.779,8.868,6.647,3.817,4.732,0.002,0,1,1,1,1,0,0,4.027,1.005,0.397
