incident_code,state,year,observation_count,raw_feature_count,start,end,duration_days,maximum_reported_acres,area_monotonic_fraction,usable_transition_count,longest_usable_transition_run,benchmark_window_start_index,size_bin,selected
AZ-A1S-001211_Monument,AZ,2020,7,7,2020-07-08T01:10:00+00:00,2020-07-14T02:20:00+00:00,6.048611111111111,1783.1665705870962,1.0,6,6,0,0,False
AZ-A3S-001033_Walnut,AZ,2021,5,5,2021-06-25T02:52:00+00:00,2021-06-29T03:15:00+00:00,4.0159722222222225,10662.091553156342,1.0,4,4,0,,False
AZ-A4S-000950_Central,AZ,2020,8,8,2020-06-21T03:42:00+00:00,2020-06-29T23:31:00+00:00,8.825694444444444,4517.209545603467,1.0,5,3,0,,False
AZ-A4S-231468_Brady,AZ,2023,3,3,2023-08-10T07:45:00+00:00,2023-08-12T07:00:00+00:00,1.96875,280.1244620558367,1.0,2,2,0,,False
AZ-A5S-230970_Pilot,AZ,2023,6,6,2023-07-09T04:00:00+00:00,2023-07-14T04:00:00+00:00,5.0,34788.98408189186,1.0,4,4,1,,False
AZ-ASD-000097_Basin,AZ,2020,4,4,2020-05-12T00:00:00+00:00,2020-05-15T04:00:00+00:00,3.1666666666666665,38816.43016496714,1.0,3,3,0,,False
AZ-ASF-000264_Foote,AZ,2024,7,7,2024-06-16T19:00:00+00:00,2024-06-24T10:06:00+00:00,7.629166666666666,4557.89499799545,1.0,5,4,0,,False
AZ-ASF-000416_Pius,AZ,2024,5,5,2024-07-10T06:24:00+00:00,2024-07-14T05:19:00+00:00,3.954861111111111,2017.3578802230898,1.0,4,4,0,,False
AZ-ASF-000447_Campbell,AZ,2023,6,6,2023-07-13T04:01:00+00:00,2023-07-18T05:03:00+00:00,5.043055555555555,1416.21702989765,1.0,5,5,0,0,False
AZ-ASF-000519_Guzzler,AZ,2023,4,4,2023-07-21T05:14:00+00:00,2023-07-24T04:05:00+00:00,2.9520833333333334,1510.0414606782567,1.0,3,3,0,,False
AZ-ASF-000613_Horton,AZ,2021,9,9,2021-06-18T04:04:00+00:00,2021-06-29T04:00:00+00:00,10.997222222222222,12260.63315756627,1.0,6,4,4,,False
AZ-ASF-000624_Bear,AZ,2021,8,8,2021-06-21T05:39:00+00:00,2021-07-01T05:00:00+00:00,9.972916666666666,23850.280136315923,1.0,5,4,2,,False
AZ-ASF-000627_Moore,AZ,2021,5,5,2021-06-21T05:22:00+00:00,2021-06-30T03:30:00+00:00,8.922222222222222,1700.8050736728744,1.0,1,1,1,,False
AZ-ASF-000662_WestChev,AZ,2021,6,6,2021-06-22T07:33:00+00:00,2021-06-29T04:25:00+00:00,6.8694444444444445,1170.331692255881,1.0,4,4,1,,False
AZ-ASF-000662_Wyrick,AZ,2021,6,6,2021-06-22T07:33:00+00:00,2021-06-29T04:20:00+00:00,6.865972222222222,7592.491935646291,1.0,4,4,1,,False
AZ-ASF-00083_Bringham,AZ,2020,18,18,2020-06-11T04:32:00+00:00,2020-07-02T04:57:00+00:00,21.01736111111111,23142.79364028041,1.0,15,11,5,2,False
AZ-CNF-000401_Foster,AZ,2022,4,4,2022-05-30T04:53:00+00:00,2022-06-02T03:07:00+00:00,2.926388888888889,7513.194413248251,1.0,3,3,0,,False
AZ-CNF-000413_Bighorn,AZ,2020,29,29,2020-06-09T05:32:00+00:00,2020-07-13T05:24:00+00:00,33.99444444444445,119589.33355991765,1.0,24,24,0,3,True
AZ-CNF-000427_Pinnacle,AZ,2021,16,16,2021-06-12T04:04:00+00:00,2021-06-27T03:16:00+00:00,14.966666666666667,34416.378787946196,1.0,14,10,5,2,False
AZ-CNF-000552_Beehive,AZ,2023,9,9,2023-07-02T04:12:00+00:00,2023-07-10T05:06:00+00:00,8.0375,10884.043932305,1.0,8,8,0,1,False
AZ-CNF-000552_Corral,AZ,2023,5,5,2023-07-02T04:12:00+00:00,2023-07-06T05:31:00+00:00,4.054861111111111,78.77012348782998,1.0,4,4,0,,False
AZ-COF-000159_Tunnel,AZ,2022,4,4,2022-04-26T06:45:00+00:00,2022-04-29T05:00:00+00:00,2.9270833333333335,19060.878739592412,1.0,3,3,0,,False
AZ-COF-000176_Wolf,AZ,2024,7,7,2024-05-07T01:59:00+00:00,2024-05-12T21:30:00+00:00,5.813194444444444,9887.969765436992,1.0,6,6,0,1,False
AZ-COF-000272_Wilbur,AZ,2023,13,13,2023-05-26T04:26:00+00:00,2023-06-22T02:53:00+00:00,26.935416666666665,10271.527264467435,1.0,9,8,0,1,False
AZ-COF-000523_Pipeline,AZ,2022,8,8,2022-06-14T04:44:00+00:00,2022-06-26T16:00:00+00:00,12.469444444444445,26513.02656046835,1.0,5,4,0,,False
AZ-COF-000536_Haywire,AZ,2022,7,7,2022-06-14T04:44:00+00:00,2022-06-21T04:49:00+00:00,7.003472222222222,5570.927258666108,1.0,5,4,0,,False
AZ-COF-000642_Backbone,AZ,2021,12,12,2021-06-19T07:00:00+00:00,2021-07-01T03:17:00+00:00,11.845138888888888,40830.47050626439,1.0,10,7,4,3,False
AZ-COF-000642_Snake,AZ,2021,3,3,2021-06-24T02:51:00+00:00,2021-06-26T05:07:00+00:00,2.0944444444444446,113.29404598042652,1.0,2,2,0,,False
AZ-CRD-000996_PinePeak,AZ,2022,6,6,2022-07-19T16:15:00+00:00,2022-07-24T16:15:00+00:00,5.0,1632.6433480710734,1.0,5,5,0,0,False
AZ-CRD-001644_Ridge,AZ,2020,7,7,2020-08-17T22:00:00+00:00,2020-08-25T21:05:00+00:00,7.961805555555555,3078.850444524092,1.0,5,5,1,1,False
AZ-FTA-000336_McDonaldTank,AZ,2021,4,4,2021-05-27T02:01:00+00:00,2021-05-30T03:52:00+00:00,3.0770833333333334,3598.2454165543286,1.0,3,3,0,,False
AZ-FTA-000555_CottonwoodRidge,AZ,2023,9,9,2023-07-27T04:11:00+00:00,2023-08-07T03:41:00+00:00,10.979166666666666,345.4097873197373,1.0,6,5,3,0,False
AZ-FTA-000574_Spoon,AZ,2023,10,10,2023-07-27T04:03:00+00:00,2023-08-07T03:41:00+00:00,10.984722222222222,4556.374019687965,1.0,8,5,4,1,False
AZ-FTA-000867_Lofer,AZ,2020,6,6,2020-08-29T06:37:00+00:00,2020-09-04T03:43:00+00:00,5.879166666666666,821.8685186637548,1.0,4,4,1,,False
AZ-GID-000387_Mescal,AZ,2021,8,8,2021-06-03T04:32:00+00:00,2021-06-12T04:12:00+00:00,8.98611111111111,72195.40773798297,1.0,6,6,1,3,False
AZ-KNF-000336_Hull,AZ,2023,10,10,2023-06-15T23:00:00+00:00,2023-06-25T01:00:00+00:00,9.083333333333334,1490.5827009017378,1.0,9,9,0,0,True
AZ-KNF-000337_Ridge,AZ,2023,27,27,2023-06-15T23:00:00+00:00,2023-07-20T01:00:00+00:00,34.083333333333336,10203.761245796966,1.0,19,11,0,1,False
AZ-KNF-000359_Magnum,AZ,2020,23,23,2020-06-10T07:13:00+00:00,2020-07-08T06:11:00+00:00,27.956944444444446,71450.1917080316,0.9545454545454546,19,14,0,3,False
AZ-KNF-000369_Bravo,AZ,2024,3,3,2024-06-08T00:00:00+00:00,2024-06-09T21:25:00+00:00,1.8923611111111112,959.5286750987825,1.0,2,2,0,,False
AZ-KNF-000391_ThreeLakes,AZ,2023,5,5,2023-07-01T02:00:00+00:00,2023-07-10T02:00:00+00:00,9.0,6633.757907276791,1.0,1,1,0,,False
AZ-NAA-000156_WoodSprings2,AZ,2020,10,10,2020-07-01T01:58:00+00:00,2020-07-10T02:48:00+00:00,9.034722222222221,12861.244299195094,1.0,9,9,0,2,False
AZ-PHD-000455_Tussock,AZ,2021,8,8,2021-05-09T17:23:00+00:00,2021-05-17T04:00:00+00:00,7.442361111111111,5543.443000780892,1.0,7,7,0,1,False
AZ-PNF-000271_Crooks,AZ,2022,21,21,2022-04-21T07:30:00+00:00,2022-05-17T04:00:00+00:00,25.854166666666668,9479.41063910304,1.0,19,19,0,1,True
AZ-PNF-000863_Rafael,AZ,2021,12,12,2021-06-22T08:38:00+00:00,2021-07-09T03:00:00+00:00,16.76527777777778,78703.08363912367,1.0,8,5,4,3,False
AZ-PNF-000991_Grapevine,AZ,2023,6,6,2023-07-23T20:35:00+00:00,2023-08-02T06:12:00+00:00,9.400694444444444,1048.716066045977,1.0,2,2,2,,False
AZ-PNF-001008_Tiger,AZ,2021,12,12,2021-07-02T23:30:00+00:00,2021-07-14T01:00:00+00:00,11.0625,16270.16878786749,1.0,9,9,2,2,False
AZ-PNF-002178_Horse,AZ,2020,10,10,2020-10-16T00:45:00+00:00,2020-10-25T04:00:00+00:00,9.135416666666666,9536.540410876143,1.0,9,9,0,1,False
AZ-PPA-000327_SycamoreCanyon,AZ,2021,5,5,2021-05-27T05:40:00+00:00,2021-05-31T06:17:00+00:00,4.0256944444444445,1858.0369054898167,1.0,4,4,0,,False
AZ-PPA-000453_Contreras,AZ,2022,11,11,2022-06-14T04:23:00+00:00,2022-06-24T04:00:00+00:00,9.984027777777778,29461.16737433943,1.0,8,4,6,,False
AZ-SCA-001110_Buckhorn,AZ,2024,5,5,2024-07-13T19:26:00+00:00,2024-07-19T05:11:00+00:00,5.40625,1006.0872881590836,1.0,3,2,2,,False
AZ-SCA-001115_Watch,AZ,2024,3,3,2024-07-14T06:37:00+00:00,2024-07-18T04:46:00+00:00,3.9229166666666666,2164.688409178707,1.0,1,1,0,,False
AZ-SCA-001403_BlueRiver,AZ,2020,13,13,2020-06-06T04:00:00+00:00,2020-06-18T04:00:00+00:00,12.0,30398.334988789607,1.0,12,12,0,2,True
AZ-SCA-001418_DryLake,AZ,2020,12,12,2020-06-07T04:00:00+00:00,2020-06-18T04:00:00+00:00,11.0,4369.111633168306,0.9090909090909091,10,8,0,1,False
AZ-SCA-002036_BlueRiver2,AZ,2020,7,7,2020-07-15T00:01:00+00:00,2020-07-22T02:16:00+00:00,7.09375,28060.629258611687,1.0,3,3,2,,False
AZ-SCA-002036_Valley,AZ,2020,7,7,2020-07-14T04:00:00+00:00,2020-07-21T02:16:00+00:00,6.927777777777778,29639.153216530944,1.0,4,3,2,,False
AZ-SCA-002339_CassadoreSprings,AZ,2020,8,8,2020-08-05T04:53:00+00:00,2020-08-13T05:54:00+00:00,8.042361111111111,21284.29301442493,1.0,6,4,3,,False
AZ-SCA-002574_Rockhouse,AZ,2020,4,4,2020-08-29T05:48:00+00:00,2020-09-03T05:32:00+00:00,4.988888888888889,19505.69102531431,1.0,1,1,1,,False
AZ-SCA-002639_Alder,AZ,2020,3,3,2020-08-31T02:13:00+00:00,2020-09-03T06:22:00+00:00,3.1729166666666666,633.2844305761025,1.0,1,1,0,,False
AZ-TCA-000773_C3,AZ,2022,6,6,2022-07-24T04:00:00+00:00,2022-07-29T04:00:00+00:00,5.0,1378.3126938863327,0.8,5,5,0,0,False
AZ-TNF-000705_Spring,AZ,2024,5,5,2024-06-02T01:00:00+00:00,2024-06-10T06:01:00+00:00,8.209027777777777,4037.9535176545696,1.0,3,3,0,,False
AZ-TNF-001046_Diamond,AZ,2023,12,12,2023-07-23T05:00:00+00:00,2023-08-03T04:59:00+00:00,10.999305555555555,5147.590446142188,0.9090909090909091,11,11,0,1,False
AZ-TNF-001130_Black,AZ,2024,7,7,2024-07-16T21:31:00+00:00,2024-07-22T04:40:00+00:00,5.297916666666667,11152.587714658719,1.0,6,6,0,1,False
AZ-TNF-001255_Telegraph,AZ,2021,24,24,2021-06-05T20:59:00+00:00,2021-06-29T05:45:00+00:00,23.365277777777777,180613.10863022017,1.0,21,10,0,3,False
AZ-TNF-001306_Sawtooth,AZ,2020,6,6,2020-06-02T06:47:00+00:00,2020-06-07T04:00:00+00:00,4.884027777777778,24714.275620449658,1.0,5,5,0,2,False
AZ-TNF-001315_Valentine,AZ,2023,31,31,2023-08-20T04:00:00+00:00,2023-10-03T03:55:00+00:00,43.99652777777778,9636.291999369609,1.0,23,18,5,1,False
AZ-TNF-001581_Bush,AZ,2020,17,17,2020-06-14T04:00:00+00:00,2020-06-30T00:34:00+00:00,15.856944444444444,193519.74213224757,0.9375,16,16,0,3,False
AZ-TNF-001594_West,AZ,2024,13,13,2024-09-12T05:00:00+00:00,2024-09-27T17:00:00+00:00,15.5,15061.998948884164,1.0,10,7,0,2,False
AZ-TNF-001699_Middle,AZ,2021,7,7,2021-07-09T05:50:00+00:00,2021-07-16T01:00:00+00:00,6.798611111111111,2789.6533991129577,1.0,5,5,0,0,False
AZ-TNF-001830_Polles,AZ,2020,9,9,2020-07-05T19:00:00+00:00,2020-07-15T05:13:00+00:00,9.425694444444444,630.6896336248501,1.0,6,3,0,,False
AZ-TNF-002510_Griffin,AZ,2020,4,4,2020-08-25T04:03:00+00:00,2020-09-01T02:50:00+00:00,6.949305555555555,61821.406849562285,1.0,2,1,0,,False
AZ-TNF-002616_Hidden,AZ,2020,5,5,2020-08-29T04:29:00+00:00,2020-09-04T05:18:00+00:00,6.034027777777778,6060.758699773232,1.0,2,2,2,,False
CA-AEU-017769_Electra,CA,2022,8,8,2022-07-05T02:54:00+00:00,2022-07-11T05:30:00+00:00,6.108333333333333,4453.483834367901,1.0,6,6,1,1,False
CA-AEU-022341_Crozier,CA,2024,10,10,2024-08-06T18:10:00+00:00,2024-08-15T02:49:00+00:00,8.360416666666667,1960.1062140218319,0.8888888888888888,9,9,0,0,False
CA-ANF-001704_Sheep,CA,2022,3,3,2022-06-15T05:22:00+00:00,2022-06-17T06:33:00+00:00,2.0493055555555557,864.5114379149139,1.0,2,2,0,,False
CA-ANF-003063_Dam,CA,2020,4,4,2020-08-01T04:00:00+00:00,2020-08-04T02:00:00+00:00,2.9166666666666665,224.56641506584586,1.0,3,3,0,,False
CA-ANF-003273_Lake,CA,2020,15,15,2020-08-14T02:00:00+00:00,2020-08-28T06:25:00+00:00,14.184027777777779,30990.096465334715,1.0,14,14,0,2,False
CA-ANF-003289_Ranch2,CA,2020,10,10,2020-08-15T02:00:00+00:00,2020-08-24T05:35:00+00:00,9.149305555555555,4113.185898372016,1.0,9,9,0,1,False
CA-ANF-003687_Bobcat,CA,2020,31,31,2020-09-07T07:30:00+00:00,2020-10-07T03:45:00+00:00,29.84375,115751.28911219865,1.0,30,30,0,3,False
CA-ANF-243334_Bridge,CA,2024,23,23,2024-09-08T22:39:00+00:00,2024-10-31T08:15:00+00:00,52.4,55983.315933633305,0.9545454545454546,16,14,4,3,False
CA-BDF-009908_Vista,CA,2024,11,11,2024-07-08T19:29:00+00:00,2024-07-20T08:15:00+00:00,11.531944444444445,3006.2112824984115,0.9,9,8,0,1,False
CA-BDF-012520_Line,CA,2024,40,40,2024-09-08T06:40:00+00:00,2024-11-13T08:00:00+00:00,66.05555555555556,43941.14682411535,1.0,32,14,23,3,False
CA-BDF-012958_Radford,CA,2022,11,11,2022-09-06T05:13:00+00:00,2022-09-27T03:45:00+00:00,20.93888888888889,1094.043378693108,1.0,9,9,0,0,False
CA-BDF-013409_ElDorado,CA,2020,30,30,2020-09-07T06:30:00+00:00,2020-10-13T04:18:00+00:00,35.90833333333333,22781.527969931885,1.0,22,19,5,2,False
CA-BEU-004024_River,CA,2020,15,15,2020-08-17T18:19:00+00:00,2020-08-31T02:30:00+00:00,13.340972222222222,50421.69585182827,0.7857142857142857,14,14,0,3,False
CA-BEU-004081_Carmel,CA,2020,7,7,2020-08-20T01:00:00+00:00,2020-08-30T00:00:00+00:00,9.958333333333334,7039.538824027313,1.0,5,5,1,1,False
CA-BTU-009205_Dixie,CA,2021,75,75,2021-07-15T03:00:00+00:00,2021-10-13T01:33:00+00:00,89.93958333333333,963909.1481500871,1.0,63,60,0,3,False
CA-BTU-012090_Thompson,CA,2024,5,5,2024-07-04T07:51:00+00:00,2024-07-08T05:38:00+00:00,3.907638888888889,3788.2256265796373,1.0,4,4,0,,False
CA-BTU-013761_Park,CA,2024,62,62,2024-07-26T06:39:00+00:00,2024-09-30T00:52:00+00:00,65.75902777777777,429370.5468599099,1.0,60,47,0,3,False
CA-CND-002309_Stagecoach,CA,2020,7,7,2020-08-07T04:29:00+00:00,2020-08-14T03:00:00+00:00,6.938194444444444,7757.8718750418675,0.8333333333333334,5,5,0,1,False
CA-CND-002374_Peak,CA,2021,5,5,2021-07-23T05:42:00+00:00,2021-07-27T04:49:00+00:00,3.9631944444444445,2097.4797001821184,1.0,4,4,0,,False
CA-CND-002796_French,CA,2021,19,19,2021-08-22T03:32:00+00:00,2021-09-12T02:00:00+00:00,20.93611111111111,26683.33781211497,0.9444444444444444,15,12,0,2,False
CA-CNF-002791_Chaparral,CA,2021,3,3,2021-08-30T04:15:00+00:00,2021-09-02T03:33:00+00:00,2.970833333333333,1426.1941277258447,1.0,1,1,0,,False
CA-CNF-002833_Valley,CA,2020,6,6,2020-09-08T01:00:00+00:00,2020-09-17T04:00:00+00:00,9.125,17644.463171805033,1.0,3,3,1,,False
CA-CZU-005205_CZULightning,CA,2020,25,25,2020-08-17T04:00:00+00:00,2020-10-19T03:00:00+00:00,62.958333333333336,86494.28532275975,1.0,19,19,1,3,False
CA-ENF-024030_Caldor,CA,2021,55,55,2021-08-15T10:50:00+00:00,2021-10-17T02:53:00+00:00,62.66875,221955.94403401524,1.0,43,35,0,3,False
CA-ENF-027219_Fork,CA,2020,20,20,2020-09-11T03:45:00+00:00,2020-10-30T06:10:00+00:00,49.10069444444444,1752.327781666796,0.8947368421052632,13,5,5,0,False
CA-ENF-032344_Point,CA,2020,4,4,2020-10-27T08:00:00+00:00,2020-10-30T06:10:00+00:00,2.923611111111111,98.64742666750386,1.0,3,3,0,,False
CA-FKU-010219_Mineral,CA,2020,11,11,2020-07-14T21:13:00+00:00,2020-07-24T03:51:00+00:00,9.276388888888889,29718.30995888483,1.0,10,10,0,2,False
CA-FKU-019190_Boone,CA,2024,6,6,2024-09-04T13:14:00+00:00,2024-09-11T04:30:00+00:00,6.636111111111111,17663.959396085364,1.0,3,2,3,,False
CA-HIA-000046_MP21,CA,2020,4,4,2020-07-23T06:42:00+00:00,2020-07-26T05:21:00+00:00,2.94375,92.98161545853603,1.0,3,3,0,,False
CA-INF-001299_InyoCreek,CA,2021,7,7,2021-06-22T21:40:00+00:00,2021-06-29T03:30:00+00:00,6.243055555555555,591.7121070974264,1.0,6,6,0,0,False
CA-INF-001695_Dexter,CA,2021,5,5,2021-07-16T05:00:00+00:00,2021-07-21T04:00:00+00:00,4.958333333333333,2984.6315894140243,1.0,3,2,0,,False
CA-KNF-005159_Shelly,CA,2024,20,20,2024-07-04T04:00:00+00:00,2024-07-26T08:30:00+00:00,22.1875,15523.47117336411,1.0,18,15,0,2,False
CA-KNF-005169_Tennant,CA,2021,11,11,2021-06-30T06:05:00+00:00,2021-07-10T06:44:00+00:00,10.027083333333334,10607.108112476877,1.0,10,10,0,1,False
CA-KNF-006200_Yeti,CA,2022,22,22,2022-08-01T04:45:00+00:00,2022-08-27T03:32:00+00:00,25.949305555555554,7879.789494442196,1.0,18,14,1,1,False
CA-KNF-006385_RiverComplex_Cronan,CA,2021,73,73,2021-08-03T06:35:00+00:00,2021-10-19T02:00:00+00:00,76.80902777777777,5970.314031201029,1.0,67,37,0,1,True
CA-KNF-006385_RiverComplex_RiverComplex,CA,2021,73,73,2021-08-03T06:35:00+00:00,2021-10-19T02:00:00+00:00,76.80902777777777,193563.31141235583,1.0,67,37,0,3,False
CA-KNF-006454_Antelope,CA,2021,43,43,2021-08-04T02:30:00+00:00,2021-09-18T07:00:00+00:00,45.1875,145164.83559442428,1.0,39,21,4,3,False
CA-KNF-007022_HappyCampEast,CA,2023,23,23,2023-08-20T04:39:00+00:00,2023-09-20T03:47:00+00:00,30.96388888888889,8882.637335211013,1.0,16,6,2,1,False
CA-KNF-007022_HappyCampWest,CA,2023,26,26,2023-08-20T04:35:00+00:00,2023-09-28T05:47:00+00:00,39.05,21379.315728672118,1.0,19,8,1,2,False
CA-KNF-007022_Lake,CA,2023,6,6,2023-08-24T09:15:00+00:00,2023-08-29T03:49:00+00:00,4.773611111111111,205.63244995252674,1.0,5,5,0,0,False
CA-KNF-007022_Titus,CA,2023,17,17,2023-08-20T04:35:00+00:00,2023-09-30T05:02:00+00:00,41.01875,71.73884337001645,1.0,9,5,1,,False
CA-KNF-007035_Slater,CA,2020,39,39,2020-09-09T20:40:00+00:00,2020-11-04T01:15:00+00:00,55.19097222222222,157388.0464918251,0.9736842105263158,25,9,22,3,False
CA-KNF-007084_Devil,CA,2020,38,38,2020-09-12T03:00:00+00:00,2020-11-04T01:15:00+00:00,52.927083333333336,8879.041869544782,0.972972972972973,25,9,21,1,False
CA-KNF-007241_Fox,CA,2020,10,10,2020-09-16T05:15:00+00:00,2020-09-29T08:35:00+00:00,13.13888888888889,2173.677412378845,1.0,5,2,0,,False
CA-KNF-6177_McKinney,CA,2022,24,24,2022-07-31T07:23:00+00:00,2022-08-27T03:21:00+00:00,26.831944444444446,59588.25291211241,1.0,19,14,2,3,False
CA-KNF-6290_Alex,CA,2022,7,7,2022-08-04T04:37:00+00:00,2022-08-10T05:46:00+00:00,6.047916666666667,150.2830920387083,1.0,6,6,0,0,False
CA-KNP-000088_CoffeePot,CA,2024,31,31,2024-08-12T17:31:00+00:00,2024-09-18T05:22:00+00:00,36.49375,14101.319727961116,1.0,26,19,0,2,True
CA-KNP-000116_Colony,CA,2021,12,12,2021-09-14T04:33:00+00:00,2021-09-29T08:30:00+00:00,15.164583333333333,48862.39713597737,1.0,8,4,4,,False
CA-KNP-000122_KNPComplex,CA,2021,42,42,2021-09-14T03:33:00+00:00,2021-10-31T05:45:00+00:00,47.09166666666667,88243.73245251746,1.0,36,20,0,3,False
CA-LAC-020523_Post,CA,2024,7,7,2024-06-16T05:37:00+00:00,2024-06-21T06:07:00+00:00,5.020833333333333,15603.876579291198,1.0,6,6,0,2,False
CA-LAC-434928_Franklin,CA,2024,9,9,2024-12-10T16:30:00+00:00,2024-12-17T22:16:00+00:00,7.240277777777778,4165.348926160992,0.875,8,8,0,1,False
CA-LMU-003874_Hog,CA,2020,14,14,2020-07-19T01:55:00+00:00,2020-07-31T05:18:00+00:00,12.140972222222222,9605.692147390197,1.0,12,12,1,1,False
CA-LMU-003917_Gold,CA,2020,12,12,2020-07-21T14:00:00+00:00,2020-08-10T05:37:00+00:00,19.650694444444444,22656.101844386314,1.0,9,7,3,2,False
CA-LNF-004290_Stump,CA,2020,3,3,2020-08-03T04:35:00+00:00,2020-08-05T08:41:00+00:00,2.1708333333333334,692.9256946959918,1.0,2,2,0,,False
CA-LNF-2815_Graham,CA,2022,3,3,2022-06-11T05:00:00+00:00,2022-06-13T04:00:00+00:00,1.9583333333333333,177.4326764824508,1.0,2,2,0,,False
CA-LNU-011083_Sites,CA,2024,7,7,2024-06-19T06:00:00+00:00,2024-06-24T23:35:00+00:00,5.732638888888889,19180.40457877621,1.0,6,6,0,2,False
CA-LNU-013407_LNULightningComplex_Hennessey,CA,2020,24,24,2020-08-18T05:00:00+00:00,2020-09-09T23:00:00+00:00,22.75,317763.27642688726,0.9130434782608695,23,23,0,3,False
CA-LNU-013407_LNULightningComplex_Meyers,CA,2020,23,23,2020-08-19T06:55:00+00:00,2020-09-09T23:00:00+00:00,21.67013888888889,2394.4128897893397,0.9545454545454546,22,22,0,0,True
CA-LNU-013407_LNULightningComplex_Walbridge,CA,2020,23,23,2020-08-19T06:55:00+00:00,2020-09-09T23:00:00+00:00,21.67013888888889,55269.05038766264,1.0,22,22,0,3,False
CA-LNU-013725_Ridge,CA,2024,4,4,2024-07-21T00:05:00+00:00,2024-07-22T21:10:00+00:00,1.8784722222222223,2753.5118086601087,1.0,2,2,1,,False
CA-LNU-015947_Glass,CA,2020,14,14,2020-09-28T07:00:00+00:00,2020-10-11T06:45:00+00:00,12.989583333333334,66200.18562741642,1.0,13,13,0,3,False
CA-LPF-001493_Willow,CA,2021,11,11,2021-06-20T05:00:00+00:00,2021-07-05T02:30:00+00:00,14.895833333333334,2887.424279567333,1.0,7,7,0,0,False
CA-LPF-001542_Lake,CA,2024,12,12,2024-07-08T08:09:00+00:00,2024-07-20T08:45:00+00:00,12.025,38921.99036634254,1.0,10,5,0,3,False
CA-LPF-002428_Dolan,CA,2020,39,39,2020-08-24T03:40:00+00:00,2020-10-14T04:00:00+00:00,51.013888888888886,128322.2455470807,0.9736842105263158,32,27,2,3,False
CA-LPF-002759_Alisal,CA,2021,9,9,2021-10-12T04:00:00+00:00,2021-10-20T04:30:00+00:00,8.020833333333334,17301.849442326416,1.0,8,8,0,2,False
CA-LPF-003161_Coleman,CA,2020,8,8,2020-10-20T07:30:00+00:00,2020-11-05T05:00:00+00:00,15.895833333333334,527.8794847322309,1.0,6,6,0,0,False
CA-MDF-000486_Allen,CA,2020,6,6,2020-07-24T06:38:00+00:00,2020-07-29T04:17:00+00:00,4.902083333333334,965.6086536634496,1.0,5,5,0,0,False
CA-MDF-000486_Caldwell,CA,2020,16,16,2020-07-24T06:53:00+00:00,2020-08-14T03:45:00+00:00,20.869444444444444,81199.44928128042,1.0,11,11,0,3,False
CA-MDF-000896_Barnes,CA,2022,6,6,2022-09-09T03:07:00+00:00,2022-09-16T02:20:00+00:00,6.967361111111111,5843.527401256658,1.0,3,3,0,,False
CA-MMU-014714_River,CA,2021,6,6,2021-07-13T05:30:00+00:00,2021-07-18T03:00:00+00:00,4.895833333333333,9729.871391776222,1.0,5,5,0,1,False
CA-MMU-016149_Oak,CA,2022,13,13,2022-07-24T07:46:00+00:00,2022-08-09T04:36:00+00:00,15.868055555555555,19259.61415669607,1.0,9,7,4,2,False
CA-MNF-000753_AugustComplex,CA,2020,62,62,2020-08-19T19:00:00+00:00,2020-11-05T02:07:00+00:00,77.29652777777778,1032279.7468434599,1.0,51,34,24,3,False
CA-MNP-010701_York,CA,2023,6,6,2023-07-31T01:21:00+00:00,2023-08-05T08:45:00+00:00,5.308333333333334,97023.71782107645,0.6,5,5,0,,False
CA-MVU-013233_Border13,CA,2022,3,3,2022-06-14T04:28:00+00:00,2022-06-16T00:57:00+00:00,1.8534722222222222,567.7682006089867,0.5,2,2,0,,False
CA-MVU-018864_Border32,CA,2022,5,5,2022-09-01T04:30:00+00:00,2022-09-05T00:57:00+00:00,3.8520833333333333,4452.877490105694,1.0,4,4,0,,False
CA-NEU-023725_Bridge,CA,2021,3,3,2021-09-06T06:15:00+00:00,2021-09-08T10:43:00+00:00,2.186111111111111,318.8402428363565,1.0,2,2,0,,False
CA-NOD-004137_S4,CA,2020,3,3,2020-07-29T06:55:00+00:00,2020-07-31T07:23:00+00:00,2.0194444444444444,1803.7017516161206,1.0,2,2,0,,False
CA-NOD-004727_W5ColdSprings,CA,2020,20,20,2020-08-20T04:00:00+00:00,2020-09-08T05:30:00+00:00,19.0625,82430.53484469054,1.0,19,19,0,3,False
CA-ORC-019703_Emerald,CA,2022,3,3,2022-02-11T00:43:00+00:00,2022-02-12T03:49:00+00:00,1.1291666666666667,154.52024975046874,1.0,2,2,0,,False
CA-ORC-060975_Coastal,CA,2022,6,6,2022-05-11T04:00:00+00:00,2022-05-16T02:12:00+00:00,4.925,201.95199300743238,1.0,5,5,0,0,False
CA-ORC-121364_Silverado,CA,2020,7,7,2020-10-27T06:00:00+00:00,2020-11-03T04:00:00+00:00,6.916666666666667,13469.587910569142,0.8333333333333334,5,5,0,2,False
CA-ORC-121612_BlueRidge,CA,2020,6,6,2020-10-28T06:00:00+00:00,2020-11-03T04:00:00+00:00,5.916666666666667,14383.01163733149,0.8,4,4,0,,False
CA-ORC-127883_Airport,CA,2024,24,24,2024-09-10T08:55:00+00:00,2024-10-06T02:02:00+00:00,25.713194444444444,23508.724697727335,1.0,21,15,0,2,False
CA-ORC-136890_Bond,CA,2020,6,6,2020-12-04T04:00:00+00:00,2020-12-08T02:46:00+00:00,3.948611111111111,6755.9177055816135,0.8,4,3,0,,False
CA-OVD-030860_MountainView,CA,2020,6,6,2020-11-18T10:07:00+00:00,2020-11-24T01:11:00+00:00,5.627777777777778,20385.16453301321,1.0,4,4,0,,False
CA-PNF-001064_Beckwourth,CA,2021,14,14,2021-07-05T05:25:00+00:00,2021-07-22T08:35:00+00:00,17.131944444444443,105075.58107402007,1.0,12,11,0,3,False
CA-PNF-001299_Sheep,CA,2020,11,11,2020-08-19T08:20:00+00:00,2020-09-08T04:00:00+00:00,19.819444444444443,29573.986982811355,1.0,6,6,4,2,False
CA-PNF-001308_PNFNorthComplex,CA,2020,73,73,2020-08-19T08:05:00+00:00,2020-11-02T03:51:00+00:00,74.8236111111111,318721.10880785575,1.0,68,61,10,3,True
CA-RNP-012009_Woodward,CA,2020,9,9,2020-08-23T09:25:00+00:00,2020-09-07T03:35:00+00:00,14.756944444444445,4850.153619157876,1.0,2,2,6,,False
CA-RRU-096640_Apple,CA,2020,11,11,2020-08-03T04:00:00+00:00,2020-08-14T04:00:00+00:00,11.0,33438.81392735846,1.0,9,9,0,2,False
CA-RRU-102458_RiversideSupport_Rabbit,CA,2023,6,6,2023-07-16T03:00:00+00:00,2023-07-21T02:15:00+00:00,4.96875,8892.534345325434,1.0,5,5,0,1,False
CA-RRU-119353_Snow,CA,2020,3,3,2020-09-19T08:41:00+00:00,2020-09-22T03:02:00+00:00,2.7645833333333334,6297.590732147395,1.0,1,1,1,,False
CA-RRU-129712_Fairview,CA,2022,8,8,2022-09-09T08:00:00+00:00,2022-09-15T21:58:00+00:00,6.581944444444445,28124.10270458051,1.0,7,7,0,2,False
CA-RRU-160976_Highland,CA,2023,4,4,2023-10-31T04:00:00+00:00,2023-11-03T04:00:00+00:00,3.0,2492.055491987085,0.6666666666666666,3,3,0,,False
CA-SCU-004686_Crews,CA,2020,6,6,2020-07-06T02:00:00+00:00,2020-07-11T04:00:00+00:00,5.083333333333333,5511.343506380846,1.0,5,5,0,1,False
CA-SCU-005740_SCULightning,CA,2020,22,22,2020-08-18T01:30:00+00:00,2020-09-09T05:00:00+00:00,22.145833333333332,396492.16349630215,1.0,20,15,6,3,False
CA-SHF-000949_Lava,CA,2021,18,18,2021-06-28T06:45:00+00:00,2021-09-03T06:45:00+00:00,67.0,26315.812850064885,1.0,15,14,0,2,False
CA-SHF-000973_Deep,CA,2023,16,16,2023-08-20T05:26:00+00:00,2023-10-01T06:02:00+00:00,42.025,4201.263317857826,0.9333333333333333,8,5,1,1,False
CA-SHF-000982_Salt,CA,2021,13,13,2021-07-01T01:00:00+00:00,2021-07-13T08:36:00+00:00,12.316666666666666,12649.548827655946,1.0,12,12,0,2,False
CA-SHF-000996_Shoe,CA,2024,23,23,2024-10-09T22:30:00+00:00,2024-11-12T05:00:00+00:00,33.270833333333336,5125.301244289484,1.0,20,19,0,1,False
CA-SHF-001004_Pilot,CA,2023,19,19,2023-08-21T06:44:00+00:00,2023-10-27T04:01:00+00:00,66.88680555555555,1056.652668084987,1.0,8,6,2,0,False
CA-SHF-001004_ThreeNine,CA,2023,20,20,2023-08-20T06:38:00+00:00,2023-11-09T04:06:00+00:00,80.89444444444445,2840.3813046742453,1.0,9,7,1,0,False
CA-SHF-001175_McFarland,CA,2021,33,33,2021-07-31T07:45:00+00:00,2021-09-01T03:18:00+00:00,31.814583333333335,122350.12857450508,1.0,32,32,0,3,False
CA-SHF-001187_Knob,CA,2021,12,12,2021-08-31T03:00:00+00:00,2021-10-01T02:40:00+00:00,30.98611111111111,2430.4384972008006,1.0,7,7,1,0,False
CA-SHF-001187_Monument,CA,2021,73,73,2021-08-01T08:55:00+00:00,2021-10-15T01:00:00+00:00,74.67013888888889,223926.2015511428,1.0,69,39,0,3,False
CA-SHF-001376_Hobo,CA,2020,4,4,2020-09-04T07:30:00+00:00,2020-09-07T07:30:00+00:00,3.0,456.0710373168701,0.6666666666666666,3,3,0,,False
CA-SHU-009978_Zogg,CA,2020,12,12,2020-09-28T09:05:00+00:00,2020-10-09T03:50:00+00:00,10.78125,56333.59406053394,1.0,11,11,0,3,False
CA-SHU-010480_Fawn,CA,2021,8,8,2021-09-23T23:18:00+00:00,2021-09-30T03:45:00+00:00,6.185416666666667,8587.973389677809,1.0,4,3,1,,False
CA-SKU-007568_Mill,CA,2022,8,8,2022-09-06T05:56:00+00:00,2022-09-13T02:36:00+00:00,6.861111111111111,3936.474953574679,1.0,7,7,0,1,False
CA-SKU-007586_Mountain,CA,2022,14,14,2022-09-04T02:44:00+00:00,2022-09-18T04:00:00+00:00,14.052777777777777,13430.209453537671,1.0,12,12,0,2,False
CA-SNF-000731_Basin,CA,2024,25,25,2024-06-28T05:49:00+00:00,2024-07-23T04:00:00+00:00,24.924305555555556,14024.188970816635,1.0,23,17,0,2,False
CA-SNF-001391_Creek,CA,2020,59,59,2020-09-06T05:00:00+00:00,2020-11-13T07:00:00+00:00,68.08333333333333,380992.83658899274,1.0,50,15,41,3,False
CA-SNF-001402_Bullfrog,CA,2020,4,4,2020-09-12T17:57:00+00:00,2020-09-15T23:03:00+00:00,3.2125,888.7155717358881,0.6666666666666666,2,2,0,,False
CA-SQF-001285_Happy,CA,2024,8,8,2024-10-07T04:00:00+00:00,2024-11-14T04:00:00+00:00,38.0,12540.32711712531,1.0,2,1,0,,False
CA-SQF-001362_Borel,CA,2024,15,15,2024-07-25T17:00:00+00:00,2024-08-15T09:30:00+00:00,20.6875,59370.2953440888,1.0,12,11,0,3,False
CA-SQF-002089_Wishon,CA,2022,4,4,2022-08-17T23:13:00+00:00,2022-08-20T21:43:00+00:00,2.9375,318.01644044545066,1.0,3,3,0,,False
CA-SQF-002541_Castle,CA,2020,75,75,2020-08-23T23:00:00+00:00,2020-11-10T05:45:00+00:00,78.28125,171013.56174543925,1.0,70,56,0,3,False
CA-SQF-002622_SQFComplex,CA,2020,75,75,2020-08-23T23:00:00+00:00,2020-11-10T05:45:00+00:00,78.28125,179934.52768202155,0.9864864864864865,70,56,0,3,False
CA-SQF-002758_Walkers,CA,2021,3,3,2021-09-03T03:25:00+00:00,2021-09-05T03:30:00+00:00,2.0034722222222223,8714.018092499393,1.0,2,2,0,,False
CA-SRF-000586_Hill,CA,2024,28,28,2024-07-17T11:30:00+00:00,2024-08-30T08:15:00+00:00,43.864583333333336,7221.458417156321,0.9629629629629629,22,10,5,1,False
CA-SRF-000614_Charlie,CA,2022,4,4,2022-08-06T07:00:00+00:00,2022-08-14T03:18:00+00:00,7.845833333333333,141.021255779006,1.0,1,1,1,,False
CA-SRF-000620_SRFLightningComplex,CA,2022,58,58,2022-08-06T03:45:00+00:00,2022-10-26T20:11:00+00:00,81.68472222222222,41569.371974467445,1.0,49,25,23,3,False
CA-SRF-000651_LittleMarble,CA,2021,3,3,2021-09-10T03:20:00+00:00,2021-09-12T01:27:00+00:00,1.9215277777777777,26.047934590070984,1.0,2,2,0,,False
CA-SRF-000651_McCash,CA,2021,65,65,2021-08-03T05:00:00+00:00,2021-10-19T04:00:00+00:00,76.95833333333333,95010.06378489315,1.0,56,27,0,3,False
CA-SRF-000656_RedSalmonComplex,CA,2020,90,90,2020-07-29T05:46:00+00:00,2020-11-21T01:48:00+00:00,114.83472222222223,144698.3525706944,0.9887640449438202,76,17,69,3,False
CA-SRF-000729_Boise,CA,2024,22,22,2024-08-10T19:57:00+00:00,2024-09-11T03:44:00+00:00,31.324305555555554,12924.626393548044,1.0,13,9,2,2,False
CA-SRF-000968_SmithRiverCx,CA,2023,57,57,2023-08-19T22:08:00+00:00,2023-11-10T05:00:00+00:00,82.28611111111111,94583.81896523188,1.0,42,20,25,3,False
CA-SRF-000986_Hancock,CA,2023,19,19,2023-08-25T06:20:00+00:00,2023-09-20T03:47:00+00:00,25.89375,1738.2569181797303,1.0,14,6,0,0,False
CA-SRF-000986_LetErBuck,CA,2023,35,35,2023-08-20T05:06:00+00:00,2023-10-09T02:31:00+00:00,49.892361111111114,95.8424104974105,1.0,26,7,2,,False
CA-SRF-000986_LonePine,CA,2023,17,17,2023-08-20T05:17:00+00:00,2023-11-09T03:13:00+00:00,80.91388888888889,1683.6549363714814,1.0,11,7,2,0,False
CA-SRF-000986_Lost,CA,2023,9,9,2023-08-21T05:31:00+00:00,2023-09-07T02:36:00+00:00,16.87847222222222,739.3455577169027,1.0,5,5,1,0,False
CA-SRF-000986_Pearch,CA,2023,33,33,2023-08-20T05:10:00+00:00,2023-10-09T02:45:00+00:00,49.89930555555556,12143.00803127582,0.96875,19,5,3,2,False
CA-SRF-000986_SRFLightningWest,CA,2023,31,31,2023-08-24T03:16:00+00:00,2023-10-09T02:31:00+00:00,45.96875,36158.705935308615,1.0,22,10,7,2,False
CA-STF-002313_Peak,CA,2024,6,6,2024-10-05T04:00:00+00:00,2024-10-14T04:00:00+00:00,9.0,427.94853303173676,0.8,4,3,2,,False
CA-TCU-007675_Aero,CA,2024,4,4,2024-06-19T07:28:00+00:00,2024-06-22T05:39:00+00:00,2.9243055555555557,5293.918221686425,1.0,3,3,0,,False
CA-TIA-003058_Windy,CA,2021,31,31,2021-09-13T05:00:00+00:00,2021-10-31T03:00:00+00:00,47.916666666666664,97527.4343030648,1.0,23,7,7,3,False
CA-TNF-000855_Royal,CA,2024,4,4,2024-07-10T05:03:00+00:00,2024-07-13T04:00:00+00:00,2.95625,211.12302386936696,1.0,3,3,0,,False
CA-TNF-001251_Bear,CA,2024,7,7,2024-09-05T07:15:00+00:00,2024-09-14T09:30:00+00:00,9.09375,3327.017739532695,1.0,4,2,0,,False
CA-TNF-00137_Mosquito,CA,2022,46,46,2022-09-08T04:00:00+00:00,2022-11-05T06:15:00+00:00,58.09375,76824.15120649419,1.0,34,11,28,3,False
CA-TNF-001600_Loyalton,CA,2020,14,14,2020-08-16T16:19:00+00:00,2020-08-29T04:00:00+00:00,12.486805555555556,47028.775012227845,1.0,13,13,0,3,False
CA-YNP-000038_Washburn,CA,2022,24,24,2022-07-08T16:20:00+00:00,2022-09-15T02:45:00+00:00,68.43402777777777,4888.4909950476085,1.0,20,20,0,1,False
CA-YNP-000050_Pika,CA,2023,4,4,2023-07-17T06:45:00+00:00,2023-07-28T11:15:00+00:00,11.1875,840.6142826356282,1.0,1,1,0,,False
CA-YNP-000056_Red,CA,2022,18,18,2022-08-13T02:00:00+00:00,2022-09-15T07:45:00+00:00,33.239583333333336,8411.241453105522,1.0,7,3,12,,False
CA-YNP-000058_Rodgers,CA,2022,17,17,2022-08-13T02:00:00+00:00,2022-09-16T03:45:00+00:00,34.072916666666664,2791.065508338066,1.0,6,3,11,,False
CA-YNP-000066_Aspen,CA,2022,6,6,2022-09-05T04:00:00+00:00,2022-09-15T07:45:00+00:00,10.15625,25.909639099371788,1.0,3,1,0,,False
CA_SLU_009866_Pond,CA,2020,5,5,2020-08-02T04:00:00+00:00,2020-08-06T04:00:00+00:00,4.0,2035.2993441629926,0.75,4,4,0,,False
CO-ARF-000636_CameronPeak,CO,2020,68,68,2020-08-15T03:30:00+00:00,2020-11-21T02:08:00+00:00,97.94305555555556,208760.2350346791,0.9701492537313433,51,23,33,3,True
CO-ARF-000641_WilliamsFork,CO,2020,45,45,2020-08-18T05:34:00+00:00,2020-11-17T02:14:00+00:00,90.86111111111111,14827.42262657236,1.0,33,11,0,2,True
CO-ARF-000683_AlexanderMountain,CO,2024,6,6,2024-08-01T06:30:00+00:00,2024-08-06T09:45:00+00:00,5.135416666666667,9661.84764799258,1.0,5,5,0,1,False
CO-ARF-001048_Lefthand,CO,2020,4,4,2020-10-20T03:10:00+00:00,2020-10-24T04:50:00+00:00,4.069444444444445,470.47530723402815,0.6666666666666666,2,2,0,,False
CO-BLX-001036_Calwood,CO,2020,8,8,2020-10-18T04:58:00+00:00,2020-10-30T05:15:00+00:00,12.011805555555556,10106.290793715005,1.0,5,4,0,,False
CO-DTX-000082_CurrantCreek,CO,2024,8,8,2024-07-28T23:21:00+00:00,2024-08-06T20:49:00+00:00,8.894444444444444,193.33790119511525,1.0,6,6,0,0,True
CO-GFX-000348_GrizzlyCreek,CO,2020,17,17,2020-08-12T07:05:00+00:00,2020-09-05T07:24:00+00:00,24.013194444444444,32467.577012439124,1.0,12,4,5,,False
CO-GFX-230097_SpringCreek,CO,2023,11,11,2023-06-28T04:15:00+00:00,2023-07-09T03:13:00+00:00,10.956944444444444,3289.1815729561818,0.9,9,5,0,1,False
CO-GMF-000176_Lowline,CO,2023,8,8,2023-07-29T03:25:00+00:00,2023-08-08T06:45:00+00:00,10.13888888888889,1863.1437376298963,1.0,4,4,3,,False
CO-GRD-000307_PineGulch,CO,2020,25,25,2020-08-06T03:30:00+00:00,2020-09-02T08:36:00+00:00,27.2125,139007.11003496568,1.0,22,12,0,3,False
CO-MRX-000086_Bucktail,CO,2024,4,4,2024-08-02T03:00:00+00:00,2024-08-04T23:31:00+00:00,2.854861111111111,3737.6178475637043,1.0,3,3,0,,False
CO-PSF-000779_OakRidge,CO,2024,6,6,2024-06-26T04:32:00+00:00,2024-07-09T07:45:00+00:00,13.134027777777778,1308.7993427037143,1.0,3,3,0,,False
CO-PSF-001717_SaintCharles,CO,2023,6,6,2023-10-24T02:20:00+00:00,2023-11-01T02:38:00+00:00,8.0125,491.07941384606374,1.0,4,4,0,,False
CO-RTF-000363_MiddleFork,CO,2020,16,16,2020-09-08T01:30:00+00:00,2020-11-05T01:30:00+00:00,58.0,20517.032779455087,1.0,7,4,6,,False
CO-SJD-000416_EastCanyon,CO,2020,6,6,2020-06-16T03:27:00+00:00,2020-06-22T02:01:00+00:00,5.940277777777778,2905.2961353534406,1.0,3,3,0,,False
CO-SJF-000203_Plumtaw,CO,2022,3,3,2022-05-25T05:06:00+00:00,2022-05-27T03:26:00+00:00,1.9305555555555556,719.8285475074332,1.0,2,2,0,,False
CO-SJF-000348_ChrisMountain,CO,2023,4,4,2023-07-03T06:15:00+00:00,2023-07-07T01:38:00+00:00,3.807638888888889,510.51052457542835,1.0,2,2,0,,False
CO-SJF-000570_BearCreek,CO,2023,36,36,2023-08-12T07:00:00+00:00,2023-11-15T04:23:00+00:00,94.89097222222222,1102.9715565387123,1.0,17,4,0,,False
CO-SJF-000678_QuartzRidge,CO,2023,27,27,2023-08-13T07:30:00+00:00,2023-10-31T01:25:00+00:00,78.74652777777777,2869.7849738639766,1.0,12,3,0,,False
CO-SJF-001183_MillCreek2,CO,2023,10,10,2023-10-23T02:37:00+00:00,2023-11-15T03:13:00+00:00,23.025,159.8054603186871,1.0,5,5,0,0,False
CO-SJF-001184_TrailSprings,CO,2023,10,10,2023-10-23T02:37:00+00:00,2023-11-15T03:09:00+00:00,23.022222222222222,1358.020347292138,1.0,5,5,0,0,False
CO-SJF-001214_Ice,CO,2020,6,6,2020-10-19T03:00:00+00:00,2020-10-24T03:00:00+00:00,5.0,597.5263168148123,1.0,5,5,0,0,False
CO-TLX-000722_HighPark,CO,2022,3,3,2022-05-16T06:45:00+00:00,2022-05-18T06:54:00+00:00,2.00625,1567.6455797277563,1.0,2,2,0,,False
CO-UPD-000186_LittleMesa,CO,2023,12,12,2023-08-09T00:39:00+00:00,2023-08-23T18:19:00+00:00,14.73611111111111,4014.5738748076674,1.0,8,5,0,1,True
CO-WRD-000166_FawnCreek,CO,2020,5,5,2020-07-17T02:51:00+00:00,2020-07-21T02:50:00+00:00,3.9993055555555554,3284.229198510316,0.75,4,4,0,,False
ID-BOF-000212_BlackMountain,ID,2023,4,4,2023-08-31T03:53:00+00:00,2023-09-06T06:36:00+00:00,6.113194444444445,1124.0702828324854,1.0,2,1,0,,False
ID-BOF-000487_Warm,ID,2020,4,4,2020-07-30T04:00:00+00:00,2020-08-03T05:00:00+00:00,4.041666666666667,41.12142670035016,1.0,2,2,1,,False
ID-BOF-000488_Golden,ID,2020,5,5,2020-07-30T04:00:00+00:00,2020-08-30T01:56:00+00:00,30.913888888888888,91.33007170738198,1.0,3,3,0,,False
ID-BOF-000683_Wapiti_Vanity,ID,2024,12,12,2024-09-05T03:28:00+00:00,2024-09-24T03:38:00+00:00,19.006944444444443,558.8762508690952,0.9090909090909091,7,2,0,,False
ID-BOF-000683_Wapiti_Wapiti,ID,2024,63,63,2024-08-02T03:48:00+00:00,2024-10-25T04:41:00+00:00,84.03680555555556,129026.76337196173,1.0,48,28,1,3,False
ID-BOF-000699_Bulltrout,ID,2024,10,10,2024-08-02T03:51:00+00:00,2024-08-13T04:13:00+00:00,11.015277777777778,291.8868282852564,0.8888888888888888,8,8,1,0,False
ID-BOF-000714_Buck,ID,2020,20,20,2020-08-29T02:36:00+00:00,2020-10-13T01:00:00+00:00,44.93333333333333,19673.5992855326,1.0,7,4,3,,False
ID-BOF-000740_East,ID,2023,10,10,2023-08-24T05:44:00+00:00,2023-09-19T05:40:00+00:00,25.997222222222224,3338.744056616529,1.0,5,3,3,,False
ID-BOF-000777_Grouse,ID,2020,13,13,2020-09-13T07:00:00+00:00,2020-10-09T04:00:00+00:00,25.875,3998.3888791272857,1.0,2,1,0,,False
ID-BOF-000896_Bulldog,ID,2024,51,51,2024-08-08T07:51:00+00:00,2024-10-22T06:49:00+00:00,74.95694444444445,11416.43717637171,1.0,37,13,0,2,False
ID-BOF-000904_Goat,ID,2024,52,52,2024-08-11T06:51:00+00:00,2024-10-22T06:49:00+00:00,71.99861111111112,36702.12436014482,1.0,39,11,0,2,False
ID-BOF-000910_Dollar,ID,2024,31,31,2024-08-09T03:54:00+00:00,2024-09-15T02:09:00+00:00,36.927083333333336,4357.183090262056,1.0,25,12,0,1,False
ID-BOF-000923_Nellie,ID,2024,49,49,2024-08-09T03:30:00+00:00,2024-10-22T06:49:00+00:00,74.13819444444445,50045.71740642605,1.0,34,12,0,3,False
ID-BOF-001073_Sheep,ID,2024,3,3,2024-09-05T03:22:00+00:00,2024-09-08T02:00:00+00:00,2.9430555555555555,762.4774847679948,1.0,1,1,0,,False
ID-BOF-001080_Lava,ID,2024,58,58,2024-08-02T04:01:00+00:00,2024-10-23T03:28:00+00:00,81.97708333333334,97910.32279020609,0.9824561403508771,39,17,1,3,False
ID-BOF_000900_Snag,ID,2024,57,57,2024-08-08T07:52:00+00:00,2024-10-19T02:03:00+00:00,71.75763888888889,33418.464935611926,1.0,45,13,0,2,False
ID-CMS-000280_BillyCreek,ID,2024,3,3,2024-07-06T07:52:00+00:00,2024-07-09T04:49:00+00:00,2.872916666666667,3198.9220606625545,1.0,1,1,0,,False
ID-CMS-000470_ShovelCreek,ID,2021,17,17,2021-07-09T04:46:00+00:00,2021-07-31T02:46:00+00:00,21.916666666666668,111128.15272366807,0.9375,12,8,0,3,False
ID-CTS-000485_ButteCreek,ID,2021,21,21,2021-07-09T05:26:00+00:00,2021-08-13T06:30:00+00:00,35.044444444444444,1352.582505403238,1.0,13,6,3,0,False
ID-CTS-000550_JohnsonCreek,ID,2021,14,14,2021-07-12T04:04:00+00:00,2021-07-31T02:35:00+00:00,18.938194444444445,1328.1706494248288,0.9230769230769231,8,3,10,,False
ID-CTS-000590_Benton,ID,2021,21,21,2021-07-09T05:26:00+00:00,2021-08-13T06:30:00+00:00,35.044444444444444,4210.4094924455185,1.0,13,6,3,1,False
ID-CTS-000623_Scott,ID,2021,19,19,2021-07-10T06:23:00+00:00,2021-08-13T06:30:00+00:00,34.00486111111111,2055.4793163503896,1.0,11,5,2,0,False
ID-CTS-000714_Sunnyside_IronGate,ID,2020,6,6,2020-09-11T22:00:00+00:00,2020-09-16T04:00:00+00:00,4.25,116.10300967757895,1.0,5,5,0,0,False
ID-EIS-000311_Chimney,ID,2024,18,18,2024-09-06T05:37:00+00:00,2024-10-19T01:22:00+00:00,42.822916666666664,6568.63483558035,1.0,6,3,1,,False
ID-IPF-0000415_Columbus,ID,2022,5,5,2022-09-09T03:57:00+00:00,2022-09-20T01:52:00+00:00,10.913194444444445,2303.8897629664402,1.0,1,1,0,,False
ID-IPF-000212_DiamondWatch,ID,2022,39,39,2022-08-04T05:04:00+00:00,2022-10-06T03:53:00+00:00,62.950694444444444,1257.6295534683884,1.0,30,18,1,0,False
ID-IPF-000234_Consalus,ID,2023,14,14,2023-07-12T08:00:00+00:00,2023-08-12T06:42:00+00:00,30.945833333333333,479.3773810667355,0.8461538461538461,9,9,0,0,False
ID-IPF-000385_EneasPeak,ID,2022,15,15,2022-08-17T04:35:00+00:00,2022-09-04T04:44:00+00:00,18.00625,1412.2180657760896,1.0,11,8,0,0,False
ID-IPF-000424_BlackBurn,ID,2022,4,4,2022-08-18T03:19:00+00:00,2022-09-04T03:57:00+00:00,17.02638888888889,349.7523467534385,1.0,2,2,0,,False
ID-IPF-000447_RidgeCreek,ID,2023,17,17,2023-08-05T04:01:00+00:00,2023-09-02T03:57:00+00:00,27.997222222222224,4492.575711086795,1.0,11,7,1,1,False
ID-IPF-000452_TrestleCreek,ID,2021,30,30,2021-07-15T03:20:00+00:00,2021-09-10T08:15:00+00:00,57.204861111111114,6694.690222896079,1.0,17,9,20,1,False
ID-IPF-000454_Buckskin2,ID,2023,3,3,2023-08-14T04:47:00+00:00,2023-08-17T03:42:00+00:00,2.954861111111111,264.8494089346954,0.5,1,1,0,,False
ID-IPF-000458_CharacterComplex,ID,2021,37,37,2021-07-12T09:20:00+00:00,2021-09-16T04:40:00+00:00,65.80555555555556,13751.045409993325,1.0,21,10,7,2,False
ID-IPF-000504_StateLineComplex,ID,2021,13,13,2021-07-20T05:00:00+00:00,2021-09-26T03:15:00+00:00,67.92708333333333,13234.04533573448,1.0,5,3,0,,False
ID-IPF-000533_Bernard,ID,2020,11,11,2020-09-10T20:00:00+00:00,2020-09-23T08:30:00+00:00,12.520833333333334,1431.0013155077813,1.0,8,5,3,0,False
ID-IPF-000653_KootenaiRiverComplex_Katka,ID,2022,32,32,2022-09-05T04:01:00+00:00,2022-10-20T02:40:00+00:00,44.94375,424.3149703073062,1.0,20,9,13,0,False
ID-IPF-000653_KootenaiRiverComplex_Russell,ID,2022,33,33,2022-09-05T04:01:00+00:00,2022-10-20T02:40:00+00:00,44.94375,24964.31007568685,1.0,21,9,13,2,False
ID-MCS-000404_TooKush2,ID,2021,5,5,2021-07-11T03:40:00+00:00,2021-07-16T09:30:00+00:00,5.243055555555555,1300.0008324360094,1.0,3,2,0,,False
ID-NCF-000321_LittleBear,ID,2023,17,17,2023-07-09T08:30:00+00:00,2023-08-25T08:43:00+00:00,47.009027777777774,1292.4170924055159,1.0,6,2,3,,False
ID-NCF-000321b_WestFork,ID,2023,7,7,2023-08-01T06:42:00+00:00,2023-08-25T08:43:00+00:00,24.084027777777777,722.3424011157111,1.0,2,2,2,,False
ID-NCF-000370_Midnight,ID,2023,5,5,2023-07-14T07:15:00+00:00,2023-07-18T03:35:00+00:00,3.8472222222222223,179.4194588665692,1.0,4,4,0,,False
ID-NCF-000412_AceButte,ID,2024,7,7,2024-08-27T03:11:00+00:00,2024-09-10T03:47:00+00:00,14.025,1868.0346120719148,1.0,1,1,2,,False
ID-NCF-000448_Dixie,ID,2021,51,51,2021-07-07T04:20:00+00:00,2021-09-26T04:38:00+00:00,81.0125,43898.557846598786,1.0,33,11,0,3,False
ID-NCF-000463_Jumbo,ID,2021,50,50,2021-07-08T05:17:00+00:00,2021-09-26T04:38:00+00:00,79.97291666666666,3291.058711725005,0.9795918367346939,32,10,0,1,False
ID-NCF-000515_Anchor,ID,2024,7,7,2024-08-27T03:15:00+00:00,2024-09-10T03:47:00+00:00,14.022222222222222,1816.7131363550784,1.0,1,1,2,,False
ID-NCF-000548_StormCreek,ID,2021,16,16,2021-07-11T06:05:00+00:00,2021-08-02T08:26:00+00:00,22.097916666666666,14955.485700170897,1.0,10,4,2,,False
ID-NCF-000552_Beaver,ID,2020,6,6,2020-09-02T04:27:00+00:00,2020-09-07T03:26:00+00:00,4.957638888888889,720.1253981556653,1.0,5,5,0,0,False
ID-NCF-000554_Shotgun,ID,2021,28,28,2021-07-10T04:00:00+00:00,2021-08-25T04:16:00+00:00,46.01111111111111,528.6626779297831,1.0,20,18,0,0,False
ID-NCF-000558_BMHill,ID,2021,28,28,2021-07-10T04:00:00+00:00,2021-08-25T04:16:00+00:00,46.01111111111111,5012.449738464174,1.0,20,18,0,1,True
ID-NCF-000581_SnowCreek,ID,2021,11,11,2021-07-11T04:05:00+00:00,2021-07-31T05:07:00+00:00,20.043055555555554,976.8279869002668,1.0,4,2,0,,False
ID-NCF-000610_BaldMtn,ID,2021,3,3,2021-07-13T03:00:00+00:00,2021-07-16T05:30:00+00:00,3.1041666666666665,106.96933211441349,1.0,1,1,1,,False
ID-NCF-000616_ArmyMule,ID,2021,11,11,2021-07-14T05:30:00+00:00,2021-09-17T04:15:00+00:00,64.94791666666667,4032.10680918862,1.0,2,1,0,,False
ID-NCF-000628_Sponge,ID,2020,7,7,2020-08-30T02:36:00+00:00,2020-09-22T04:00:00+00:00,23.058333333333334,611.166556221366,1.0,3,2,3,,False
ID-NCF-000676_Lynx,ID,2021,34,34,2021-07-18T03:40:00+00:00,2021-10-04T02:20:00+00:00,77.94444444444444,12338.279194915942,0.9696969696969697,14,3,17,,False
ID-NCF-000732_TwinLakes,ID,2022,10,10,2022-09-03T04:43:00+00:00,2022-09-15T03:45:00+00:00,11.959722222222222,994.7788721159421,1.0,7,6,2,0,False
ID-NCF-000742_StormTheatreComplex_Ashpile,ID,2021,6,6,2021-07-28T05:20:00+00:00,2021-09-09T04:55:00+00:00,42.982638888888886,130.25453427298038,1.0,1,1,2,,False
ID-NCF-000742_StormTheatreComplex_Lonesome,ID,2021,12,12,2021-07-14T05:45:00+00:00,2021-09-17T04:00:00+00:00,64.92708333333333,2325.500464634583,1.0,4,1,0,,False
ID-NCF-000742_StormTheatreComplex_MonroeLake,ID,2021,7,7,2021-07-15T04:20:00+00:00,2021-08-31T06:40:00+00:00,47.09722222222222,669.0008168983974,1.0,1,1,1,,False
ID-NCF-000742_StormTheatreComplex_SaddleCamp,ID,2021,7,7,2021-07-27T21:06:00+00:00,2021-09-09T04:55:00+00:00,43.325694444444444,310.14320183881983,1.0,1,1,3,,False
ID-NCF-000763_SwansonCreek,ID,2021,8,8,2021-07-30T03:27:00+00:00,2021-09-16T03:45:00+00:00,48.0125,760.4283239869685,1.0,1,1,0,,False
ID-NCF-000774_WilliamsCreek,ID,2022,12,12,2022-09-01T06:08:00+00:00,2022-09-15T04:48:00+00:00,13.944444444444445,16121.571730659258,1.0,9,9,1,2,False
ID-NCF-000819_MooseCreek_Halfway,ID,2024,9,9,2024-08-30T04:33:00+00:00,2024-09-15T05:30:00+00:00,16.039583333333333,1504.0244155638668,1.0,3,3,0,,False
ID-NCF-000819_MooseCreek_Log,ID,2024,7,7,2024-09-01T04:29:00+00:00,2024-09-15T05:30:00+00:00,14.042361111111111,7.077937214536261,1.0,1,1,0,,False
ID-NCF-000819_MooseCreek_Monument,ID,2024,10,10,2024-08-29T04:45:00+00:00,2024-09-15T05:30:00+00:00,17.03125,750.9680174540476,1.0,4,4,0,,False
ID-NCF-000819_MooseCreek_Wye,ID,2024,11,11,2024-07-29T04:00:00+00:00,2024-09-15T05:30:00+00:00,48.0625,13155.51286981893,1.0,3,3,2,,False
ID-NCF-000960_SheepCreek,ID,2021,22,22,2021-08-26T04:12:00+00:00,2021-09-27T02:25:00+00:00,31.925694444444446,8181.530493497231,1.0,14,8,3,1,False
ID-NCF-00472_Shissler,ID,2020,11,11,2020-08-19T03:07:00+00:00,2020-09-24T03:00:00+00:00,35.99513888888889,11219.630451738589,1.0,5,3,2,,False
ID-NCF-00505_MocusPoint,ID,2020,4,4,2020-09-02T03:15:00+00:00,2020-09-07T03:19:00+00:00,5.002777777777778,43.484608873959814,1.0,2,2,1,,False
ID-NCF-00508_Marion,ID,2020,7,7,2020-08-30T02:44:00+00:00,2020-09-07T03:19:00+00:00,8.024305555555555,220.43164331848436,1.0,5,5,1,0,False
ID-NCF-00563_WarmSprings,ID,2020,7,7,2020-08-30T02:38:00+00:00,2020-09-23T04:35:00+00:00,24.08125,118.96226714605682,1.0,3,2,3,,False
ID-PAF-000422_RushCreek,ID,2021,26,26,2021-07-19T04:40:00+00:00,2021-09-26T05:15:00+00:00,69.02430555555556,9579.15014301708,1.0,10,3,15,,False
ID-PAF-000427_Club,ID,2021,19,19,2021-07-19T05:02:00+00:00,2021-09-26T04:50:00+00:00,68.99166666666666,4057.488349413678,1.0,6,2,1,,False
ID-PAF-000433_Vinegar,ID,2021,16,16,2021-07-19T04:55:00+00:00,2021-09-08T04:58:00+00:00,51.00208333333333,2997.4585608263974,1.0,6,2,1,,False
ID-PAF-000495_Porphyry,ID,2020,10,10,2020-08-31T03:16:00+00:00,2020-09-29T04:00:00+00:00,29.030555555555555,14533.299641403526,1.0,2,1,2,,False
ID-PAF-000570_Woodhead,ID,2020,10,10,2020-09-14T06:30:00+00:00,2020-10-09T01:30:00+00:00,24.791666666666668,96492.3922414146,1.0,2,1,2,,False
ID-PAF-000673_French,ID,2021,3,3,2021-08-15T03:18:00+00:00,2021-08-17T02:33:00+00:00,1.96875,1457.5357075678978,1.0,2,2,0,,False
ID-PAF-002673_ElkHorn,ID,2023,10,10,2023-07-26T06:33:00+00:00,2023-08-16T05:45:00+00:00,20.966666666666665,26039.27321636828,1.0,6,2,0,,False
ID-PAF-005292_Dismal,ID,2022,23,23,2022-07-28T07:37:00+00:00,2022-09-29T01:55:00+00:00,62.7625,9499.430250087305,1.0,6,3,10,,False
ID-PAF-005393_Porphyry,ID,2022,21,21,2022-08-15T06:48:00+00:00,2022-09-20T01:37:00+00:00,35.78402777777778,2928.790808761649,1.0,16,7,11,0,False
ID-PAF-005394_FourCorners,ID,2022,38,38,2022-08-15T07:25:00+00:00,2022-10-09T05:49:00+00:00,54.93333333333333,13720.794499983107,1.0,32,28,0,2,True
ID-PAF-005462_RockRabbit,ID,2022,3,3,2022-09-12T03:00:00+00:00,2022-09-16T01:00:00+00:00,3.9166666666666665,38.498033145419555,1.0,1,1,0,,False
ID-PAF-005464_Limepoint,ID,2024,34,34,2024-07-29T04:42:00+00:00,2024-09-14T05:56:00+00:00,47.05138888888889,33057.57422785772,1.0,24,21,2,2,False
ID-PAF-005567_Farrow,ID,2024,10,10,2024-08-29T05:51:00+00:00,2024-10-15T07:22:00+00:00,47.06319444444444,3636.973790467752,0.8888888888888888,1,1,5,,False
ID-PAF-005567_Tenmile,ID,2022,13,13,2022-09-09T05:14:00+00:00,2022-10-21T02:23:00+00:00,41.88125,2288.7237084432213,1.0,3,2,1,,False
ID-PAF-005597_Parks,ID,2024,8,8,2024-08-26T05:17:00+00:00,2024-09-14T20:25:00+00:00,19.630555555555556,5976.918062487596,1.0,1,1,4,,False
ID-PAF-005658_Lemhi,ID,2022,4,4,2022-09-27T01:54:00+00:00,2022-10-13T02:30:00+00:00,16.025,844.7514364417539,1.0,1,1,1,,False
ID-PAF-00567_WolfCreek,ID,2024,19,19,2024-07-29T05:07:00+00:00,2024-08-26T04:33:00+00:00,27.976388888888888,1153.565558618373,1.0,14,13,3,0,False
ID-PAF-005791_Logan,ID,2024,14,14,2024-09-11T06:23:00+00:00,2024-10-19T05:39:00+00:00,37.96944444444444,15667.001843344078,1.0,6,3,5,,False
ID-PAF-5433_PatrolPoint,ID,2022,16,16,2022-08-26T05:17:00+00:00,2022-09-29T01:55:00+00:00,33.859722222222224,16558.283619068785,1.0,12,9,1,2,False
ID-PDS-000614_LelandComplex,ID,2021,9,9,2021-07-12T03:45:00+00:00,2021-07-29T02:20:00+00:00,16.94097222222222,1635.5256409230933,1.0,4,2,1,,False
ID-PDS-000892_Bedrock,ID,2021,6,6,2021-08-13T10:00:00+00:00,2021-08-18T02:54:00+00:00,4.704166666666667,11216.261019157662,1.0,5,5,0,1,False
ID-POS-000512_Hunter2,ID,2020,3,3,2020-09-10T02:39:00+00:00,2020-09-12T19:26:00+00:00,2.6993055555555556,723.3093490504292,0.5,1,1,1,,False
ID-POS-000617_Pioneer,ID,2021,3,3,2021-07-31T02:00:00+00:00,2021-08-06T04:00:00+00:00,6.083333333333333,359.5439946560604,1.0,1,1,0,,False
ID-SCF-021130_MudLick,ID,2021,35,35,2021-07-10T04:09:00+00:00,2021-09-16T04:16:00+00:00,68.00486111111111,20861.281519176297,1.0,19,9,0,2,False
ID-SCF-021154_Haynes,ID,2021,8,8,2021-07-18T02:55:00+00:00,2021-07-27T05:00:00+00:00,9.086805555555555,444.6857731731378,1.0,6,5,2,0,False
ID-SCF-021157_Iron,ID,2021,9,9,2021-07-19T03:15:00+00:00,2021-07-30T05:59:00+00:00,11.113888888888889,134.1559093892113,1.0,6,5,2,0,False
ID-SCF-021158_Tango,ID,2021,5,5,2021-07-19T02:50:00+00:00,2021-08-15T03:15:00+00:00,27.01736111111111,102.58644542075113,1.0,1,1,0,,False
ID-SCF-021230_Boundary,ID,2021,33,33,2021-08-15T03:00:00+00:00,2021-10-07T01:17:00+00:00,52.928472222222226,88740.85356427023,1.0,19,4,21,,False
ID-SCF-022091_WolfFang,ID,2022,41,41,2022-07-17T03:46:00+00:00,2022-09-16T01:50:00+00:00,60.919444444444444,2081.9589295354826,1.0,31,19,12,0,True
ID-SCF-022097_Woodtick,ID,2022,44,44,2022-07-17T03:50:00+00:00,2022-09-11T02:46:00+00:00,55.955555555555556,9514.345380969246,1.0,33,16,15,1,False
ID-SCF-022105_Moose,ID,2022,70,70,2022-07-19T03:41:00+00:00,2022-10-26T01:00:00+00:00,98.88819444444445,130262.51392915795,1.0,53,31,0,3,True
ID-SCF-022139_Norton,ID,2022,31,31,2022-08-04T03:00:00+00:00,2022-09-11T03:25:00+00:00,38.017361111111114,9078.962789677353,0.9666666666666667,24,15,0,1,False
ID-SCF-022250_Owl,ID,2022,9,9,2022-09-11T05:09:00+00:00,2022-09-21T03:45:00+00:00,9.941666666666666,747.4453419523243,1.0,6,4,0,,False
ID-SCF-023084_Hayden,ID,2023,14,14,2023-07-21T03:20:00+00:00,2023-08-31T04:52:00+00:00,41.06388888888889,24730.30684700876,1.0,6,2,2,,False
ID-SCF-240169_Birch,ID,2024,16,16,2024-09-11T03:00:00+00:00,2024-10-25T03:04:00+00:00,44.00277777777778,23038.965643937812,1.0,6,3,6,,False
ID-SCF-240202_RedRock,ID,2024,47,47,2024-08-30T04:19:00+00:00,2024-10-25T02:40:00+00:00,55.93125,79278.02246516864,1.0,39,27,2,3,False
ID-SCF-240221_Garden,ID,2024,20,20,2024-09-28T03:20:00+00:00,2024-10-25T02:32:00+00:00,26.966666666666665,13038.968198257118,1.0,13,6,9,2,False
ID-SCF-240235_Nugget,ID,2024,7,7,2024-09-26T06:49:00+00:00,2024-10-03T04:10:00+00:00,6.889583333333333,993.7066649713422,1.0,5,4,0,,False
ID-SIS-000452_Copeland,ID,2020,4,4,2020-08-20T03:20:00+00:00,2020-08-24T07:15:00+00:00,4.163194444444445,90.99030902649564,1.0,2,2,0,,False
ID-STF-000180_BenchLake,ID,2024,14,14,2024-07-13T18:03:00+00:00,2024-08-31T03:00:00+00:00,48.37291666666667,2645.5170028206617,0.9230769230769231,5,2,1,,False
ID-STF-000193_RossFork,ID,2022,42,42,2022-08-16T07:30:00+00:00,2022-10-18T05:10:00+00:00,62.90277777777778,37925.82738189567,1.0,30,18,8,2,False
ID-STF-000207_MormonBend,ID,2022,7,7,2022-08-21T07:24:00+00:00,2022-08-31T08:13:00+00:00,10.034027777777778,51.850240376887726,1.0,2,1,0,,False
ID-STF-000331_Frog,ID,2024,17,17,2024-09-13T03:23:00+00:00,2024-10-10T08:08:00+00:00,27.197916666666668,3114.429819171411,0.9375,8,4,3,,False
ID-STF-000335_Corral,ID,2024,12,12,2024-09-14T01:59:00+00:00,2024-10-06T09:26:00+00:00,22.310416666666665,81.54022466770472,1.0,4,2,9,,False
ID-STF-000351_Badger,ID,2020,16,16,2020-09-14T02:30:00+00:00,2020-10-09T04:45:00+00:00,25.09375,90056.55976514162,1.0,10,8,4,3,False
ID-STF-000353_JakesGulch,ID,2021,13,13,2021-09-07T08:15:00+00:00,2021-09-22T03:20:00+00:00,14.79513888888889,510.08272079654233,1.0,10,8,0,0,False
ID-STF-000353_Trap,ID,2020,12,12,2020-09-18T04:15:00+00:00,2020-10-28T02:30:00+00:00,39.927083333333336,2245.163683180976,1.0,4,1,0,,False
ID-SWS-000558_Pumpkin,ID,2020,8,8,2020-08-09T04:20:00+00:00,2020-08-16T02:43:00+00:00,6.932638888888889,438.274265877898,1.0,7,7,0,0,False
ID-SWS-000920_Flat,ID,2024,15,15,2024-08-10T17:29:00+00:00,2024-08-27T04:59:00+00:00,16.479166666666668,3732.420543071487,1.0,11,9,1,1,False
MT-BDF-006132_Clover,MT,2022,6,6,2022-07-26T05:04:00+00:00,2022-08-05T07:01:00+00:00,10.08125,1098.4231215218254,1.0,1,1,2,,False
MT-BDF-006210_BowlesCreek,MT,2023,17,17,2023-07-24T05:29:00+00:00,2023-09-02T01:52:00+00:00,39.84930555555555,6990.451541536695,1.0,9,5,7,1,False
MT-BDF-006269_AlderCreek,MT,2021,65,65,2021-07-11T04:45:00+00:00,2021-10-06T01:11:00+00:00,86.85138888888889,36963.65300089543,1.0,46,18,9,2,True
MT-BDF-006272_TrailCreek,MT,2021,63,63,2021-07-11T04:36:00+00:00,2021-10-07T02:23:00+00:00,87.90763888888888,62034.81496608138,1.0,43,10,15,3,True
MT-BDF-006286_TrailRidge,MT,2022,11,11,2022-09-01T03:44:00+00:00,2022-09-12T04:43:00+00:00,11.040972222222223,15013.522836992513,1.0,9,5,5,2,False
MT-BDF-006305_Goat,MT,2021,9,9,2021-07-21T07:19:00+00:00,2021-08-08T05:25:00+00:00,17.920833333333334,211.7893526518,1.0,4,2,0,,False
MT-BDF-006341_Haystack,MT,2021,18,18,2021-09-07T03:03:00+00:00,2021-10-10T03:47:00+00:00,33.03055555555556,24312.281948739055,1.0,7,3,9,,False
MT-BDF-006386_SandLake,MT,2021,9,9,2021-09-02T03:54:00+00:00,2021-09-14T03:09:00+00:00,11.96875,228.37776300615292,1.0,4,3,1,,False
MT-BDF-006388_Placer,MT,2021,14,14,2021-09-12T02:17:00+00:00,2021-10-10T04:06:00+00:00,28.075694444444444,196.6609777874465,1.0,5,3,6,,False
MT-BDF-006610_BearCreek,MT,2020,17,17,2020-08-13T08:30:00+00:00,2020-08-31T02:34:00+00:00,17.752777777777776,11950.487371903779,1.0,14,7,3,2,False
MT-BDF-006645_StateCreek,MT,2020,3,3,2020-09-04T03:07:00+00:00,2020-09-07T03:51:00+00:00,3.0305555555555554,2353.9058876301106,1.0,1,1,1,,False
MT-BDF-022161_FuseLake,MT,2022,4,4,2022-08-16T02:39:00+00:00,2022-08-19T04:14:00+00:00,3.0659722222222223,17.144894166973426,1.0,3,3,0,,False
MT-BDF-246327_Grouse,MT,2024,8,8,2024-08-10T08:45:00+00:00,2024-10-06T06:50:00+00:00,56.920138888888886,6071.733025285845,1.0,0,0,-1,,False
MT-BDF-246437_RatioMountain,MT,2024,4,4,2024-08-29T04:01:00+00:00,2024-09-01T06:29:00+00:00,3.102777777777778,1057.7574631842622,1.0,3,3,0,,False
MT-BDF-246666_Meridian,MT,2024,3,3,2024-10-16T04:19:00+00:00,2024-10-20T05:42:00+00:00,4.057638888888889,3173.6616531810578,1.0,1,1,0,,False
MT-BDF-6306_BlackMountain,MT,2021,18,18,2021-07-19T03:55:00+00:00,2021-08-09T07:43:00+00:00,21.158333333333335,1042.4908190397248,0.9411764705882353,13,11,6,0,False
MT-BID-210154_CrookedCreek,MT,2021,12,12,2021-06-16T04:00:00+00:00,2021-07-06T04:27:00+00:00,20.01875,4142.76008506847,1.0,7,5,4,1,False
MT-BRF-022161_HogTrough,MT,2022,27,27,2022-07-20T04:10:00+00:00,2022-08-29T05:36:00+00:00,40.05972222222222,1701.9287856600183,1.0,20,12,0,0,False
MT-BRF-022252_BlodgettLake,MT,2022,5,5,2022-09-17T06:20:00+00:00,2022-09-21T03:22:00+00:00,3.876388888888889,2309.3255533540514,1.0,4,4,0,,False
MT-BRF-024251_Railroad,MT,2024,24,24,2024-08-27T05:20:00+00:00,2024-10-23T02:17:00+00:00,56.87291666666667,1583.3112958356314,1.0,10,3,3,,False
MT-BRF-024261_Johnson,MT,2024,20,20,2024-08-25T05:53:00+00:00,2024-10-23T02:12:00+00:00,58.84652777777778,8440.16287493372,1.0,5,1,5,,False
MT-BRF-024380_Daly,MT,2024,25,25,2024-08-27T05:20:00+00:00,2024-11-01T06:30:00+00:00,66.04861111111111,11423.79849925649,1.0,10,3,3,,False
MT-BRF-024418_SharrottCreek,MT,2024,20,20,2024-08-25T06:13:00+00:00,2024-10-04T04:18:00+00:00,39.920138888888886,3255.113822227104,1.0,13,7,7,1,False
MT-CGF-21048_RobertsonDraw,MT,2021,14,14,2021-06-16T03:45:00+00:00,2021-07-06T04:04:00+00:00,20.013194444444444,29831.32625064207,1.0,10,4,0,,False
MT-CRA-210153_BuffaloPasture,MT,2021,3,3,2021-06-20T04:01:00+00:00,2021-06-23T03:41:00+00:00,2.986111111111111,244.53765158463463,1.0,1,1,0,,False
MT-FHA-000070_MagpieRock,MT,2020,4,4,2020-07-31T04:15:00+00:00,2020-08-03T05:30:00+00:00,3.0520833333333335,3530.3060002782227,1.0,3,3,0,,False
MT-FHA-000094_BigKnife,MT,2023,15,15,2023-07-26T07:09:00+00:00,2023-08-28T08:42:00+00:00,33.06458333333333,7279.126578449644,1.0,9,5,8,1,False
MT-FHA-000098_MiddleRidge,MT,2023,6,6,2023-08-01T06:06:00+00:00,2023-08-09T02:37:00+00:00,7.854861111111111,12710.448517661232,1.0,3,3,0,,False
MT-FHA-000100_Niarada,MT,2023,11,11,2023-08-01T05:36:00+00:00,2023-08-17T04:36:00+00:00,15.958333333333334,20391.078073345834,1.0,7,3,0,,False
MT-FHA-000101_MillPocket,MT,2023,6,6,2023-08-08T05:06:00+00:00,2023-08-17T04:36:00+00:00,8.979166666666666,1871.0362845101965,1.0,3,3,2,,False
MT-FHA-000106_Elmo,MT,2022,19,19,2022-07-31T04:58:00+00:00,2022-08-31T05:00:00+00:00,31.00138888888889,21366.795803321496,1.0,13,9,0,2,False
MT-FHA-000109_Redhorn,MT,2022,12,12,2022-08-05T05:23:00+00:00,2022-08-23T03:16:00+00:00,17.911805555555556,501.2505354018605,1.0,8,4,0,,False
MT-FHA-000130_Garceau,MT,2022,10,10,2022-08-17T03:52:00+00:00,2022-08-31T04:15:00+00:00,14.015972222222222,6732.552984355986,1.0,6,3,0,,False
MT-FHA-000130_LittleMoney2,MT,2021,3,3,2021-07-11T07:10:00+00:00,2021-07-14T09:50:00+00:00,3.111111111111111,60.129635912792786,1.0,1,1,0,,False
MT-FHA-000141_Sullivan,MT,2022,4,4,2022-08-24T03:35:00+00:00,2022-08-28T05:05:00+00:00,4.0625,45.08525593382463,1.0,2,2,1,,False
MT-FHA-000157_Boulder2700,MT,2021,10,10,2021-08-03T19:30:00+00:00,2021-09-09T04:15:00+00:00,36.364583333333336,2256.3450923784203,1.0,3,2,0,,False
MT-FHF-000000_TinSoldierComplex,MT,2023,20,20,2023-08-02T06:40:00+00:00,2023-09-03T03:07:00+00:00,31.852083333333333,8086.354045653265,1.0,13,5,6,1,False
MT-FNF-000496_DorisPoint,MT,2023,12,12,2023-08-17T04:03:00+00:00,2023-09-03T04:40:00+00:00,17.025694444444444,1609.943830300128,1.0,7,2,4,,False
MT-FNF-000518_Ridge,MT,2023,28,28,2023-08-02T06:32:00+00:00,2023-09-03T04:40:00+00:00,31.92222222222222,3666.683374081941,1.0,24,19,0,1,False
MT-FNF-000651_Lemonade,MT,2022,9,9,2022-09-03T03:00:00+00:00,2022-09-16T03:56:00+00:00,13.03888888888889,668.6123971084673,1.0,5,2,2,,False
MT-FNF-000668_HayCreek,MT,2021,25,25,2021-07-22T07:21:00+00:00,2021-08-26T03:00:00+00:00,34.81875,2896.197617723559,1.0,18,9,13,0,False
MT-GNP-000462_Quartz,MT,2022,7,7,2022-08-19T03:55:00+00:00,2022-08-30T05:16:00+00:00,11.05625,1699.0934642746463,1.0,3,3,0,,False
MT-HLF-000154_DeepCreekCanyon,MT,2021,7,7,2021-06-16T05:00:00+00:00,2021-07-01T03:45:00+00:00,14.947916666666666,4644.318412491196,1.0,4,4,0,,False
MT-HLF-000182_MoorsMountain,MT,2022,6,6,2022-07-19T03:06:00+00:00,2022-07-28T06:44:00+00:00,9.151388888888889,97.95495955643987,1.0,3,2,2,,False
MT-HLF-000258_WoodsCreek,MT,2021,32,32,2021-07-12T04:58:00+00:00,2021-09-22T04:37:00+00:00,71.98541666666667,55877.52785068999,1.0,15,6,12,3,False
MT-HLF-000367_HorseGulch,MT,2024,6,6,2024-07-12T07:45:00+00:00,2024-07-19T07:45:00+00:00,7.0,15098.444456692425,1.0,3,3,1,,False
MT-HLF-005079_Balsinger,MT,2021,31,31,2021-07-11T06:20:00+00:00,2021-08-25T03:13:00+00:00,44.87013888888889,8614.764682356574,1.0,21,5,1,1,False
MT-HLF-005079_Ellis,MT,2021,19,19,2021-07-11T06:20:00+00:00,2021-08-08T06:55:00+00:00,28.024305555555557,1276.1874047519566,0.9444444444444444,13,5,1,0,False
MT-HLF-005087_AmericanFork,MT,2021,27,27,2021-07-22T04:40:00+00:00,2021-09-09T03:54:00+00:00,48.96805555555556,21876.529312654362,0.9615384615384616,16,6,12,2,False
MT-HLF-005149_CrownMountain,MT,2021,5,5,2021-10-07T01:30:00+00:00,2021-10-18T01:18:00+00:00,10.991666666666667,1378.2067157659262,1.0,1,1,3,,False
MT-KNF-000123_Weasel,MT,2022,23,23,2022-08-02T08:04:00+00:00,2022-08-26T04:49:00+00:00,23.864583333333332,5048.863085045915,1.0,20,18,0,1,False
MT-KNF-000167_BurntPeak,MT,2021,44,44,2021-07-10T04:00:00+00:00,2021-09-09T03:36:00+00:00,60.983333333333334,4110.706775282634,1.0,36,23,0,1,True
MT-KNF-000176_Sutton,MT,2022,6,6,2022-08-16T03:52:00+00:00,2022-08-21T04:43:00+00:00,5.035416666666666,108.07947740491265,1.0,5,5,0,0,False
MT-KNF-000201_SouthYaak,MT,2021,34,34,2021-07-19T04:00:00+00:00,2021-09-09T03:36:00+00:00,51.983333333333334,12553.261038930517,0.9696969696969697,24,14,0,2,False
MT-KNF-000261_BullGin_Billiard,MT,2022,20,20,2022-09-05T03:53:00+00:00,2022-10-20T02:22:00+00:00,44.93680555555556,1226.9293938977135,1.0,12,7,0,0,False
MT-KNF-000261_BullGin_GovernmentWanless,MT,2022,23,23,2022-09-05T03:53:00+00:00,2022-10-20T02:22:00+00:00,44.93680555555556,2860.461053265188,1.0,17,8,12,0,False
MT-KNF-000261_BullGin_Isabella,MT,2022,22,22,2022-09-05T03:53:00+00:00,2022-10-20T02:22:00+00:00,44.93680555555556,290.6498082250218,0.9523809523809523,15,8,11,0,False
MT-KNF-000262_EastFork,MT,2023,18,18,2023-08-03T04:09:00+00:00,2023-09-03T04:49:00+00:00,31.02777777777778,5168.262252679546,1.0,10,4,4,,False
MT-LG02-000351_HarrisMountain,MT,2021,18,18,2021-07-26T04:04:00+00:00,2021-08-23T06:19:00+00:00,28.09375,31580.306474128538,1.0,12,6,10,2,False
MT-LG23-200899_Bobcat,MT,2020,4,4,2020-09-04T03:42:00+00:00,2020-09-07T04:25:00+00:00,3.029861111111111,29699.19848276631,1.0,3,3,0,,False
MT-LG29-000236_Deadman,MT,2024,3,3,2024-07-17T08:30:00+00:00,2024-07-20T10:30:00+00:00,3.0833333333333335,48003.71733360727,1.0,1,1,0,,False
MT-LG29-000428_RichardSpring,MT,2021,5,5,2021-08-12T02:56:00+00:00,2021-08-16T02:21:00+00:00,3.9756944444444446,176661.03251689533,1.0,4,4,0,,False
MT-LNF-000883_DeepLookoutMtn,MT,2021,8,8,2021-07-12T08:10:00+00:00,2021-07-22T04:20:00+00:00,9.840277777777779,365.15990085643733,1.0,4,2,0,,False
MT-LNF-000889_Brewster,MT,2021,3,3,2021-07-11T05:01:00+00:00,2021-07-14T05:47:00+00:00,3.0319444444444446,52.21811558445558,1.0,1,1,0,,False
MT-LNF-000893_WestLolo,MT,2021,29,29,2021-07-11T08:50:00+00:00,2021-08-24T07:49:00+00:00,43.95763888888889,38760.882301263926,1.0,20,7,0,2,False
MT-LNF-000935_LoloCreek,MT,2021,27,27,2021-07-11T06:45:00+00:00,2021-08-25T04:16:00+00:00,44.89652777777778,168.37455292159729,1.0,19,17,0,0,True
MT-LNF-000951_DryCabin,MT,2021,9,9,2021-07-14T06:00:00+00:00,2021-10-07T02:00:00+00:00,84.83333333333333,3733.9633046635995,1.0,1,1,4,,False
MT-LNF-200730_RiverRoadEast,MT,2023,11,11,2023-08-19T13:00:00+00:00,2023-09-13T01:33:00+00:00,24.522916666666667,17333.699890509175,1.0,5,2,2,,False
MT-LNF-240427_MillerPeak,MT,2024,10,10,2024-07-16T02:00:00+00:00,2024-07-26T20:05:00+00:00,10.753472222222221,2751.7816062036322,1.0,8,8,0,0,False
MT-NWS-000748_WhitetailCreek,MT,2021,5,5,2021-08-03T17:50:00+00:00,2021-08-09T02:30:00+00:00,5.361111111111111,374.98740857299845,1.0,3,2,0,,False
MT-NWS-00274L_GravelPit,MT,2023,4,4,2023-08-05T04:13:00+00:00,2023-08-16T04:57:00+00:00,11.030555555555555,304.86871108948594,1.0,2,2,0,,False
MT-SOS-210281_Peterson,MT,2021,5,5,2021-07-11T07:03:00+00:00,2021-07-15T05:51:00+00:00,3.95,4425.574121279357,1.0,4,4,0,,False
MT-SOS-210281_WesternRoad,MT,2021,5,5,2021-07-11T06:48:00+00:00,2021-07-15T05:15:00+00:00,3.935416666666667,906.4495905169565,1.0,4,4,0,,False
MT-SWS-001022_AndersonHill,MT,2021,4,4,2021-07-17T06:23:00+00:00,2021-07-25T04:05:00+00:00,7.904166666666667,746.3895432548265,1.0,1,1,0,,False
MT-SWS-200549_Colt,MT,2023,19,19,2023-07-22T05:45:00+00:00,2023-08-26T05:22:00+00:00,34.984027777777776,7200.837186020759,1.0,10,6,1,1,False
MT-SWS-240711_McElwain,MT,2024,3,3,2024-08-24T03:00:00+00:00,2024-08-26T03:00:00+00:00,2.0,175.89096775983742,1.0,2,2,0,,False
MT_BDF_006227_Goose,MT,2021,17,17,2021-07-10T08:05:00+00:00,2021-08-09T08:01:00+00:00,29.997222222222224,7521.616512868912,1.0,12,8,0,1,False
NM-CAF-000136_Comanche,NM,2023,3,3,2023-06-23T05:30:00+00:00,2023-06-26T04:30:00+00:00,2.9583333333333335,1941.651302842004,1.0,1,1,0,,False
NM-CAF-000200_Midnight,NM,2022,7,7,2022-06-12T05:45:00+00:00,2022-06-18T03:54:00+00:00,5.922916666666667,4937.3971301711745,1.0,6,6,0,1,False
NM-CAF-000631_Luna,NM,2020,11,11,2020-10-19T03:49:00+00:00,2020-11-14T00:38:00+00:00,25.867361111111112,10203.489016680638,1.0,6,6,0,1,False
NM-CIF-000138_BearTrap,NM,2022,28,28,2022-05-04T02:49:00+00:00,2022-06-01T04:05:00+00:00,28.052777777777777,38292.777240910946,1.0,26,15,0,2,True
NM-CIF-000223_VicsPeak,NM,2020,22,22,2020-06-20T03:22:00+00:00,2020-07-15T02:45:00+00:00,24.974305555555556,14645.619480328569,1.0,17,12,5,2,False
NM-CIF-000279_OjodeLosCasos,NM,2020,4,4,2020-07-11T05:13:00+00:00,2020-07-16T02:23:00+00:00,4.881944444444445,180.997251643299,1.0,2,2,0,,False
NM-EMP-000234_Encerrita,NM,2024,11,11,2024-06-19T07:55:00+00:00,2024-07-26T14:23:00+00:00,37.269444444444446,2501.5462589168465,1.0,5,2,0,,False
NM-GNF-000185_Black,NM,2022,40,40,2022-05-14T18:00:00+00:00,2022-06-26T19:00:00+00:00,43.041666666666664,325550.8089157549,1.0,34,23,5,3,False
NM-GNF-000191_Pass,NM,2023,36,36,2023-05-29T06:15:00+00:00,2023-07-09T06:06:00+00:00,40.99375,59954.70417959426,1.0,32,14,1,3,False
NM-GNF-000226_Cub,NM,2020,11,11,2020-07-01T03:11:00+00:00,2020-07-15T03:15:00+00:00,14.002777777777778,21546.303669704153,1.0,7,6,2,2,False
NM-GNF-000226_Good,NM,2020,16,16,2020-06-08T06:12:00+00:00,2020-07-08T03:05:00+00:00,29.87013888888889,17077.73312538077,1.0,9,9,4,2,False
NM-GNF-000227_Turkey,NM,2020,4,4,2020-06-10T04:10:00+00:00,2020-06-13T04:51:00+00:00,3.0284722222222222,8369.15518748184,1.0,3,3,0,,False
NM-GNF-000232_Tadpole,NM,2020,22,22,2020-06-08T05:24:00+00:00,2020-06-30T03:24:00+00:00,21.916666666666668,11164.231843709984,1.0,19,15,6,1,True
NM-GNF-000276_Johnson,NM,2021,24,24,2021-05-27T02:17:00+00:00,2021-06-27T18:00:00+00:00,31.65486111111111,88969.3453140796,1.0,18,7,7,3,False
NM-GNF-000318_Ridge,NM,2024,3,3,2024-07-11T04:38:00+00:00,2024-07-18T07:23:00+00:00,7.114583333333333,4258.822986532207,1.0,1,1,1,,False
NM-GNF-000357_Dark,NM,2023,14,14,2023-07-18T05:10:00+00:00,2023-08-07T03:05:00+00:00,19.913194444444443,3075.669317912386,1.0,11,8,0,1,False
NM-GNF-000360_Divide,NM,2023,16,16,2023-07-18T05:33:00+00:00,2023-08-04T05:15:00+00:00,16.9875,26530.56922587318,1.0,13,11,0,2,False
NM-GNF-000382_Davis,NM,2023,9,9,2023-07-19T03:21:00+00:00,2023-07-31T06:04:00+00:00,12.113194444444444,6076.464162441147,1.0,7,7,0,1,False
NM-GNF-000423_Noonday,NM,2023,4,4,2023-07-29T06:50:00+00:00,2023-08-01T04:42:00+00:00,2.911111111111111,861.1231864972259,1.0,3,3,0,,False
NM-GNF-000428_Pasture,NM,2023,10,10,2023-07-25T03:50:00+00:00,2023-08-06T05:01:00+00:00,12.049305555555556,8627.335397423489,1.0,7,4,0,,False
NM-GNF-000447_Prior,NM,2023,6,6,2023-07-31T06:31:00+00:00,2023-08-06T05:08:00+00:00,5.942361111111111,7884.710802097946,1.0,4,2,0,,False
NM-LCD-000234_UVAS,NM,2020,5,5,2020-06-07T19:55:00+00:00,2020-06-11T18:57:00+00:00,3.959722222222222,1137.257982773725,1.0,3,3,0,,False
NM-LNF-000130_ThreeRivers,NM,2021,11,11,2021-04-27T06:00:00+00:00,2021-05-18T03:00:00+00:00,20.875,7155.244359082621,0.7,8,7,0,,False
NM-LNF-000227_Blue2,NM,2024,20,20,2024-05-19T17:14:00+00:00,2024-06-16T07:00:00+00:00,27.573611111111113,7569.704502985636,1.0,15,10,4,1,False
NM-LNF-000552_BlueFront,NM,2024,5,5,2024-10-30T02:53:00+00:00,2024-11-03T02:00:00+00:00,3.9631944444444445,324.8134280553787,1.0,4,4,0,,False
NM-MEA-000382_SouthFork,NM,2024,9,9,2024-06-18T04:40:00+00:00,2024-07-01T08:00:00+00:00,13.13888888888889,17659.852240635362,1.0,6,3,5,,False
NM-MEA-000385_Salt,NM,2024,9,9,2024-06-18T04:40:00+00:00,2024-07-01T07:30:00+00:00,13.118055555555555,7981.064384779811,1.0,6,3,5,,False
NM-N4S-000034_CooksPeak,NM,2022,24,24,2022-04-19T03:00:00+00:00,2022-05-14T06:02:00+00:00,25.12638888888889,59741.06879537138,1.0,22,17,0,3,False
NM-N5S-000114_NogalCanyon,NM,2022,7,7,2022-04-14T20:39:00+00:00,2022-04-20T07:00:00+00:00,5.43125,435.31579256233545,0.8333333333333334,6,6,0,0,True
NM-N5S-000115_McBride,NM,2022,7,7,2022-04-13T21:13:00+00:00,2022-04-20T07:00:00+00:00,6.407638888888889,6228.691211402804,1.0,4,4,1,,False
NM-N6S-000234_CerroBandera,NM,2022,4,4,2022-06-11T03:14:00+00:00,2022-06-14T03:36:00+00:00,3.015277777777778,939.5230975054532,1.0,3,3,0,,False
NM-SNF-000027_HermitsPeak,NM,2022,87,87,2022-04-09T02:30:00+00:00,2022-07-13T03:00:00+00:00,95.02083333333333,346658.59695370676,1.0,78,23,17,3,True
NM-SNF-000049_CerroPelado,NM,2022,34,34,2022-04-26T08:00:00+00:00,2022-06-11T04:27:00+00:00,45.85208333333333,45755.40328080943,1.0,26,23,0,3,False
NM-SNF-000091_Indios,NM,2024,18,18,2024-05-21T03:00:00+00:00,2024-06-08T06:50:00+00:00,18.15972222222222,11538.480469699416,1.0,15,14,0,2,False
NM-SNF-000150_WolfDraw,NM,2021,5,5,2021-05-31T02:00:00+00:00,2021-06-10T02:40:00+00:00,10.027777777777779,712.2093378088676,1.0,3,3,0,,False
NM-SNF-000190_Rincon,NM,2021,4,4,2021-06-14T07:08:00+00:00,2021-06-21T03:52:00+00:00,6.863888888888889,536.5200427973522,1.0,1,1,0,,False
NM-SNF-000532_Medio,NM,2020,10,10,2020-08-23T16:15:00+00:00,2020-09-04T02:14:00+00:00,11.415972222222223,3792.563326886765,1.0,7,4,1,,False
NV-CCD-030406_Numbers,NV,2020,3,3,2020-07-08T03:00:00+00:00,2020-07-10T03:00:00+00:00,2.0,18343.27279383889,1.0,2,2,0,,False
NV-EKD-010089_Goshute,NV,2022,10,10,2022-06-30T04:30:00+00:00,2022-08-17T02:39:00+00:00,47.922916666666666,1994.9463979777674,0.8888888888888888,3,3,0,,False
NV-EKD-010185_Lost,NV,2020,4,4,2020-08-04T02:55:00+00:00,2020-08-11T03:40:00+00:00,7.03125,7125.057413395361,1.0,1,1,0,,False
NV-ELD-040026_WilsonCreek,NV,2021,14,14,2021-05-22T18:45:00+00:00,2021-06-23T06:40:00+00:00,31.49652777777778,1614.847453995773,1.0,4,3,4,,False
NV-ELD-040076_MeadowValley,NV,2020,8,8,2020-07-09T03:40:00+00:00,2020-07-19T07:53:00+00:00,10.175694444444444,59309.60559179165,1.0,5,5,0,3,False
NV-ELD-040078_BigSummit,NV,2020,10,10,2020-07-14T02:10:00+00:00,2020-07-28T05:00:00+00:00,14.118055555555555,8625.938363743171,0.8888888888888888,6,3,0,,False
NV-ELD-040082_StewartCanyon,NV,2020,7,7,2020-07-20T05:28:00+00:00,2020-07-28T03:00:00+00:00,7.897222222222222,12745.599309428266,1.0,4,4,0,,False
NV-ELD-040122_Comet,NV,2020,7,7,2020-08-05T04:00:00+00:00,2020-08-11T07:00:00+00:00,6.125,787.617615072382,0.6666666666666666,6,6,0,,False
NV-ELD-040123_Baldy,NV,2020,5,5,2020-08-07T02:06:00+00:00,2020-08-11T04:30:00+00:00,4.1,1327.2220026132427,1.0,4,4,0,,False
NV-ELD-040152_DodgeSprings,NV,2022,4,4,2022-07-23T05:05:00+00:00,2022-08-03T07:34:00+00:00,11.103472222222223,5640.981478040882,1.0,2,2,0,,False
NV-ELD-040155_HeathCanyon,NV,2022,7,7,2022-07-25T06:14:00+00:00,2022-08-07T04:38:00+00:00,12.933333333333334,430.140037461434,0.8333333333333334,3,3,0,,False
NV-HTF-010139_Wildcat,NV,2022,5,5,2022-07-16T07:08:00+00:00,2022-07-24T08:08:00+00:00,8.041666666666666,21423.24475498138,1.0,1,1,0,,False
NV-HTF-030419_Tamarack,NV,2021,19,19,2021-07-18T01:30:00+00:00,2021-08-12T02:30:00+00:00,25.041666666666668,68703.8057505912,0.8888888888888888,14,14,1,3,True
NV-HTF-030684_Slink,NV,2020,20,20,2020-08-31T01:00:00+00:00,2020-09-20T04:00:00+00:00,20.125,26763.321003083147,0.9473684210526315,18,10,0,2,True
NV-HTF-040163_BroomCanyon,NV,2024,8,8,2024-08-23T03:59:00+00:00,2024-09-16T03:30:00+00:00,23.979861111111113,8213.949249585352,1.0,3,2,2,,False
NV-HTF-500736_Mahogany,NV,2020,7,7,2020-06-30T02:55:00+00:00,2020-07-07T05:00:00+00:00,7.086805555555555,2794.936070201525,0.8333333333333334,5,5,0,0,True
NV-HTF-500917_Cottonwood,NV,2020,3,3,2020-07-22T02:30:00+00:00,2020-07-24T05:30:00+00:00,2.125,2832.9574542475266,1.0,2,2,0,,False
NV-SND-501554_VirginMountain,NV,2020,3,3,2020-09-25T07:30:00+00:00,2020-09-27T01:00:00+00:00,1.7291666666666667,1627.6713605957239,1.0,2,2,0,,False
NV-TMFX_031010_Davis,NV,2024,6,6,2024-09-09T04:00:00+00:00,2024-09-14T09:30:00+00:00,5.229166666666667,5828.066631543061,0.8,5,5,0,1,True
OR-0732S-00174_SkylineRidgeComplex,OR,2021,15,15,2021-08-04T07:06:00+00:00,2021-08-20T04:00:00+00:00,15.870833333333334,5758.85517649988,1.0,12,5,9,1,False
OR-553S-553018_EchoMountainComplex,OR,2020,8,8,2020-09-10T00:30:00+00:00,2020-09-19T01:55:00+00:00,9.059027777777779,2551.0041361146446,1.0,4,4,3,,False
OR-711S-00037_SaltCreek,OR,2024,8,8,2024-07-09T04:30:00+00:00,2024-07-18T04:36:00+00:00,9.004166666666666,4098.831654033291,1.0,4,2,0,,False
OR-711S-000382_UpperApplegate3900,OR,2024,7,7,2024-06-26T04:00:00+00:00,2024-07-01T03:12:00+00:00,4.966666666666667,1141.6962191268306,1.0,5,5,1,0,False
OR-711S-00102_Worthington,OR,2020,7,7,2020-08-01T20:00:00+00:00,2020-08-07T05:57:00+00:00,5.414583333333334,757.8313818830981,1.0,6,6,0,0,False
OR-711S-026621_SObenchain,OR,2020,13,13,2020-09-09T20:10:00+00:00,2020-10-03T00:39:00+00:00,23.186805555555555,32807.0244047587,1.0,8,5,0,2,False
OR-731-S0314_TyeeComplex,OR,2023,15,15,2023-08-27T08:03:00+00:00,2023-09-18T02:59:00+00:00,21.788888888888888,6494.922488654136,1.0,10,6,4,1,False
OR-732S-000362_Milepost98,OR,2024,3,3,2024-09-10T08:44:00+00:00,2024-09-14T05:40:00+00:00,3.8722222222222222,249.78550627103516,1.0,1,1,0,,False
OR-771S-000028_Lane1,OR,2024,59,59,2024-07-19T04:10:00+00:00,2024-10-20T03:43:00+00:00,92.98125,25958.2429272689,1.0,43,18,9,2,False
OR-781S-000037_SweetCreekMP2,OR,2020,3,3,2020-09-01T03:29:00+00:00,2020-09-05T09:05:00+00:00,4.233333333333333,361.4121589064077,0.5,1,1,0,,False
OR-781S-000115_7k,OR,2023,7,7,2023-05-26T22:48:00+00:00,2023-06-01T05:27:00+00:00,5.277083333333334,352.3095326731907,1.0,6,6,0,0,False
OR-952S-000063_Laurel,OR,2020,8,8,2020-08-21T05:30:00+00:00,2020-08-27T21:00:00+00:00,6.645833333333333,1283.0563335703655,0.8571428571428571,7,7,0,0,False
OR-952S-020279_SteetMountain_SteetEast,OR,2020,6,6,2020-08-22T04:44:00+00:00,2020-08-27T20:08:00+00:00,5.641666666666667,612.3243715230138,1.0,4,3,2,,False
OR-952S-020279_SteetMountain_SteetWest,OR,2020,3,3,2020-08-23T00:11:00+00:00,2020-08-26T03:32:00+00:00,3.1395833333333334,249.6588694068579,1.0,1,1,1,,False
OR-953S-000766_Shoefly,OR,2024,10,10,2024-09-03T08:03:00+00:00,2024-09-14T08:10:00+00:00,11.004861111111111,26833.841366133707,1.0,8,8,0,2,False
OR-953S-024122_CourtRock,OR,2024,17,17,2024-07-24T04:20:00+00:00,2024-08-15T03:09:00+00:00,21.950694444444444,20047.016053311134,1.0,13,5,10,2,False
OR-953S-024272_FossilComplex_Canyon,OR,2024,9,9,2024-09-09T04:04:00+00:00,2024-09-21T02:07:00+00:00,11.91875,194.05201922513106,1.0,5,2,0,,False
OR-953S-024272_FossilComplex_Service,OR,2024,13,13,2024-09-08T06:09:00+00:00,2024-09-23T03:51:00+00:00,14.904166666666667,24073.63810686919,1.0,10,5,7,2,False
OR-9545-000639_MicrowaveTower,OR,2024,5,5,2024-07-24T06:41:00+00:00,2024-08-07T08:33:00+00:00,14.077777777777778,1313.5212134461997,1.0,1,1,3,,False
OR-954S-000017_FirMountain,OR,2020,3,3,2020-08-04T06:47:00+00:00,2020-08-07T07:02:00+00:00,3.0104166666666665,313.63629352285164,1.0,1,1,0,,False
OR-954S-000022_MosierCreek,OR,2020,5,5,2020-08-13T08:15:00+00:00,2020-08-18T06:30:00+00:00,4.927083333333333,996.6728343404476,1.0,3,2,0,,False
OR-954S-000514_LarchCreek,OR,2024,8,8,2024-07-11T08:45:00+00:00,2024-07-19T05:50:00+00:00,7.878472222222222,18687.074578665783,0.8571428571428571,6,5,2,2,False
OR-955S-001022_Grandview,OR,2021,11,11,2021-07-12T04:00:00+00:00,2021-07-22T05:16:00+00:00,10.052777777777777,6029.952014533902,0.9,10,10,0,1,False
OR-973S-000250_BattleMountain_MonkeyCreek,OR,2024,28,28,2024-07-21T08:24:00+00:00,2024-08-21T05:18:00+00:00,30.870833333333334,178880.14826309588,1.0,23,10,13,3,False
OR-973S-000250_BattleMountain_NFOwens,OR,2024,10,10,2024-07-20T08:10:00+00:00,2024-07-29T09:10:00+00:00,9.041666666666666,4492.328900570069,1.0,8,7,0,1,False
OR-981S-210215_Cutoff,OR,2021,5,5,2021-06-22T04:38:00+00:00,2021-06-25T23:43:00+00:00,3.795138888888889,1287.7686558283858,1.0,4,4,0,,False
OR-981S-230203_Golden,OR,2023,8,8,2023-07-24T02:52:00+00:00,2023-08-01T01:49:00+00:00,7.95625,2144.081295716194,1.0,6,6,0,0,False
OR-981S-240314_Copperfield,OR,2024,10,10,2024-09-02T18:00:00+00:00,2024-09-11T03:48:00+00:00,8.408333333333333,3819.432262997932,1.0,9,9,0,1,False
OR-9853S-024259_TwoCabin,OR,2024,3,3,2024-09-05T04:44:00+00:00,2024-09-07T05:53:00+00:00,2.0479166666666666,252.99996365804307,1.0,2,2,0,,False
OR-BUD-002079_NealsHill,OR,2020,3,3,2020-08-09T04:46:00+00:00,2020-08-11T04:08:00+00:00,1.9736111111111112,3402.500153118731,1.0,2,2,0,,False
OR-BUD-002263_BigMeadow,OR,2021,7,7,2021-09-11T20:00:00+00:00,2021-09-23T01:29:00+00:00,11.228472222222223,2646.3988454387645,1.0,3,3,1,,False
OR-CLP-240223_MiddleFork,OR,2024,50,50,2024-07-21T22:52:00+00:00,2024-09-30T04:06:00+00:00,70.21805555555555,5281.858327925392,1.0,43,37,9,1,True
OR-DEF-000438_Red,OR,2024,57,57,2024-07-22T07:46:00+00:00,2024-10-09T07:53:00+00:00,79.00486111111111,2991.4188300005335,1.0,38,9,45,1,False
OR-DEF-000684_GreenRidge,OR,2020,4,4,2020-08-20T05:00:00+00:00,2020-08-30T04:00:00+00:00,9.958333333333334,4336.086453066353,1.0,0,0,-1,,False
OR-DEF-000845_FlatTop,OR,2024,18,18,2024-09-11T04:12:00+00:00,2024-10-05T02:06:00+00:00,23.9125,36464.46244677349,1.0,14,8,4,2,False
OR-DEF-000851_Firestone,OR,2024,17,17,2024-09-11T04:12:00+00:00,2024-10-04T03:59:00+00:00,22.990972222222222,9480.562174038794,1.0,13,8,4,1,False
OR-DEF-000910_BachelorComplex_LittleLava,OR,2024,24,24,2024-09-11T05:17:00+00:00,2024-10-15T03:34:00+00:00,33.928472222222226,15506.069814937591,0.9565217391304348,16,6,4,2,False
OR-DEF-000910_BachelorComplex_LuckyButte,OR,2024,21,21,2024-09-11T05:17:00+00:00,2024-10-15T03:34:00+00:00,33.928472222222226,547.3383274760844,1.0,14,6,4,0,False
OR-FWF-200196_BenYoung,OR,2020,3,3,2020-07-24T06:10:00+00:00,2020-07-26T04:50:00+00:00,1.9444444444444444,1249.182023923375,1.0,2,2,0,,False
OR-FWF-200404_242,OR,2020,15,15,2020-09-09T05:14:00+00:00,2020-09-22T02:23:00+00:00,12.88125,14632.600900295432,0.9285714285714286,14,14,0,2,False
OR-FWF-210321_Bootleg,OR,2021,23,23,2021-07-08T05:50:00+00:00,2021-08-08T07:27:00+00:00,31.06736111111111,413688.8354170454,1.0,15,7,0,3,False
OR-FWF-210422_PattonMeadow,OR,2021,13,13,2021-08-14T02:45:00+00:00,2021-08-27T02:07:00+00:00,12.973611111111111,8950.065740782813,1.0,11,11,0,1,False
OR-FWF-210422_WillowValley,OR,2021,7,7,2021-08-14T02:15:00+00:00,2021-08-20T01:23:00+00:00,5.963888888888889,825.9751971548623,1.0,6,6,0,0,False
OR-FWF-210452_CougarPeak,OR,2021,17,17,2021-09-10T06:00:00+00:00,2021-09-27T04:00:00+00:00,16.916666666666668,91632.554433574,1.0,15,8,0,3,False
OR-FWF-230307_Morgan,OR,2023,5,5,2023-09-21T02:10:00+00:00,2023-09-27T04:57:00+00:00,6.115972222222222,2304.461463377156,1.0,2,2,1,,False
OR-FWF-240332_BuckCreek,OR,2024,12,12,2024-09-10T09:38:00+00:00,2024-09-27T04:15:00+00:00,16.775694444444444,5819.146451533254,1.0,9,7,4,1,False
OR-LAD-220351_VanMeter,OR,2022,4,4,2022-09-09T03:23:00+00:00,2022-09-12T02:54:00+00:00,2.979861111111111,2505.010140376934,1.0,3,3,0,,False
OR-MAF-002502_Falls,OR,2024,31,31,2024-07-14T09:32:00+00:00,2024-08-20T04:00:00+00:00,36.769444444444446,163851.8308973266,1.0,25,10,0,3,False
OR-MAF-002523_Telephone,OR,2024,19,19,2024-07-26T04:17:00+00:00,2024-08-20T05:36:00+00:00,25.054861111111112,55319.158193622956,1.0,12,6,8,3,False
OR-MAF-002549_PoisonCreek,OR,2024,8,8,2024-07-26T04:17:00+00:00,2024-08-12T03:21:00+00:00,16.961111111111112,1062.1695692034828,1.0,3,3,2,,False
OR-MAF-021300_BlackButte,OR,2021,20,20,2021-08-05T09:48:00+00:00,2021-08-25T05:04:00+00:00,19.802777777777777,22502.902836111483,1.0,18,15,0,2,False
OR-MAF-022199_CrocketsKnob,OR,2022,16,16,2022-08-25T02:54:00+00:00,2022-09-10T04:00:00+00:00,16.045833333333334,4346.001741494529,1.0,14,12,0,1,False
OR-MED-000243_RumCreek,OR,2022,27,27,2022-08-22T04:48:00+00:00,2022-09-25T03:35:00+00:00,33.949305555555554,21331.60261146932,1.0,20,15,0,2,False
OR-MHF-000583_Boulder,OR,2023,7,7,2023-07-12T08:00:00+00:00,2023-07-18T06:14:00+00:00,5.926388888888889,249.21704187346327,0.8333333333333334,6,6,0,0,False
OR-MHF-000639_WhiskyCreek,OR,2024,34,34,2024-07-22T17:37:00+00:00,2024-09-26T04:00:00+00:00,65.43263888888889,3237.4649364489787,0.9696969696969697,19,8,10,1,False
OR-MHF-000681_WhiteRiver,OR,2020,18,18,2020-08-23T05:00:00+00:00,2020-09-12T04:00:00+00:00,19.958333333333332,17573.566843185046,1.0,13,7,0,2,False
OR-MHF-000753_BullComplex,OR,2021,41,41,2021-08-04T08:09:00+00:00,2021-09-30T01:05:00+00:00,56.705555555555556,24878.59115144921,1.0,30,18,13,2,False
OR-MHF-000818_Sandstone_BlisterCreek,OR,2024,23,23,2024-08-07T08:20:00+00:00,2024-09-10T03:06:00+00:00,33.78194444444444,17.750740941659334,1.0,15,5,0,,False
OR-MHF-000818_Sandstone_Sandstone,OR,2024,23,23,2024-08-07T08:20:00+00:00,2024-09-10T03:06:00+00:00,33.78194444444444,701.4910755713283,1.0,15,5,0,0,False
OR-MHF-000859_Riverside,OR,2020,22,22,2020-09-10T02:37:00+00:00,2020-10-08T03:49:00+00:00,28.05,138084.5083590498,1.0,19,10,11,3,False
OR-MHF-001199_CampCreek,OR,2023,12,12,2023-08-27T05:19:00+00:00,2023-09-16T04:00:00+00:00,19.945138888888888,2053.6165000285855,1.0,5,1,0,,False
OR-OCF-000501_CrazyCreek,OR,2024,29,29,2024-07-25T04:00:00+00:00,2024-10-06T05:38:00+00:00,73.06805555555556,87024.31584471762,1.0,21,16,5,3,False
OR-OCF-000772_WileyFlat,OR,2024,25,25,2024-09-04T08:05:00+00:00,2024-10-01T05:10:00+00:00,26.87847222222222,30197.59338442357,1.0,21,11,13,2,False
OR-ORC-000008_NorthCascade_Dowty,OR,2020,13,13,2020-09-14T04:01:00+00:00,2020-09-28T04:27:00+00:00,14.018055555555556,1507.7658037799536,1.0,11,11,0,0,False
OR-ORC-000008_NorthCascade_GravesCreek,OR,2020,15,15,2020-09-12T04:22:00+00:00,2020-09-28T04:27:00+00:00,16.00347222222222,46.0964110794398,1.0,13,13,0,,False
OR-ORC-000008_NorthCascade_Unger,OR,2020,16,16,2020-09-12T03:13:00+00:00,2020-09-28T04:27:00+00:00,16.051388888888887,496.56763625256974,0.9333333333333333,14,14,0,0,False
OR-ORC-000008_NorthCascade_Wilhoit,OR,2020,13,13,2020-09-14T03:03:00+00:00,2020-09-28T04:27:00+00:00,14.058333333333334,590.920661233788,0.9166666666666666,11,11,0,0,False
OR-PRD-000289_Darlene,OR,2024,5,5,2024-06-27T04:35:00+00:00,2024-07-04T06:27:00+00:00,7.0777777777777775,3902.0506871846437,1.0,3,3,0,,False
OR-PRD-000404_RVLoneRock,OR,2024,22,22,2024-07-15T06:14:00+00:00,2024-08-10T03:54:00+00:00,25.90277777777778,137340.4234706208,1.0,17,8,5,3,False
OR-PRD-000604_ElkLane,OR,2024,4,4,2024-08-07T09:05:00+00:00,2024-08-10T09:50:00+00:00,3.03125,5863.225524057093,0.3333333333333333,3,3,0,,False
OR-PRD-000761_RailRidge,OR,2024,41,41,2024-09-04T09:25:00+00:00,2024-10-25T01:42:00+00:00,50.678472222222226,176851.20768388576,1.0,33,19,18,3,False
OR-RSF-000209_Flat,OR,2023,57,57,2023-07-17T05:14:00+00:00,2023-10-20T02:35:00+00:00,94.88958333333333,34221.11294139388,1.0,38,12,26,2,False
OR-RSF-000413_Anvil,OR,2023,31,31,2023-08-28T06:59:00+00:00,2023-10-20T02:15:00+00:00,52.80277777777778,22162.308295743635,1.0,19,12,4,2,False
OR-SHR-240269_WarnerPeak,OR,2024,9,9,2024-08-08T02:40:00+00:00,2024-08-19T05:19:00+00:00,11.110416666666667,65930.88024487087,1.0,5,3,0,,False
OR-SUF-230424_ThreeButtesFire,OR,2023,7,7,2023-08-31T05:57:00+00:00,2023-09-18T04:40:00+00:00,17.946527777777778,144.61271763911716,0.8333333333333334,1,1,1,,False
OR-UMF-000392_BenHarrison,OR,2023,3,3,2023-08-13T02:47:00+00:00,2023-08-15T09:43:00+00:00,2.2888888888888888,95.08461988821183,1.0,2,2,0,,False
OR-UMF-000479_SlickEar,OR,2022,5,5,2022-10-02T04:40:00+00:00,2022-10-14T04:15:00+00:00,11.98263888888889,557.5154725271206,1.0,1,1,1,,False
OR-UMF-000658_LickCreek,OR,2021,16,16,2021-07-08T04:00:00+00:00,2021-07-24T03:56:00+00:00,15.997222222222222,80695.40398754858,1.0,14,9,0,3,False
OR-UMF-000659_GreenRidge,OR,2021,73,73,2021-07-10T05:25:00+00:00,2021-10-04T02:57:00+00:00,85.89722222222223,43883.40748839458,1.0,62,33,28,3,True
OR-UMF-000745_ElbowCreek,OR,2021,18,18,2021-07-16T04:00:00+00:00,2021-08-04T08:48:00+00:00,19.2,23039.921013873773,1.0,15,12,2,2,False
OR-UMF-000830_TigerCreek_East,OR,2024,4,4,2024-10-06T07:13:00+00:00,2024-10-15T05:36:00+00:00,8.932638888888889,87.43942919624641,1.0,1,1,2,,False
OR-UMF-000830_TigerCreek_West,OR,2024,7,7,2024-10-06T07:13:00+00:00,2024-10-15T05:36:00+00:00,8.932638888888889,456.99587838034347,0.6666666666666666,4,3,0,,False
OR-UMP-000373_RoughPatchCpx,OR,2021,51,51,2021-08-03T04:06:00+00:00,2021-10-12T04:00:00+00:00,69.99583333333334,38289.53143042658,1.0,40,28,5,2,False
OR-UPF-000234_Windigo,OR,2022,32,32,2022-08-03T18:00:00+00:00,2022-09-11T05:14:00+00:00,38.46805555555556,1092.4988019157488,0.9032258064516129,24,12,0,0,False
OR-UPF-000265_Jack,OR,2021,67,67,2021-07-07T05:07:00+00:00,2021-09-30T02:32:00+00:00,84.89236111111111,36980.52466145088,1.0,53,19,32,2,False
OR-UPF-000303_DiamondComplex_Lemolo,OR,2024,52,52,2024-07-22T07:50:00+00:00,2024-10-03T05:13:00+00:00,72.89097222222222,1246.3977290870896,1.0,42,19,26,0,False
OR-UPF-000303_DiamondComplex_Loafer,OR,2024,52,52,2024-07-22T07:50:00+00:00,2024-10-03T05:13:00+00:00,72.89097222222222,43.556193920228964,1.0,44,32,13,,False
OR-UPF-000303_DiamondComplex_Ooya,OR,2024,51,51,2024-07-23T03:20:00+00:00,2024-10-03T05:13:00+00:00,72.07847222222222,373.8758179971056,0.98,43,32,12,0,True
OR-UPF-000303_DiamondComplex_PineBench,OR,2024,52,52,2024-07-22T07:50:00+00:00,2024-10-03T05:13:00+00:00,72.89097222222222,3986.7173780731737,1.0,44,32,13,1,False
OR-UPF-000303_DiamondComplex_Potter,OR,2024,52,52,2024-07-22T07:50:00+00:00,2024-10-03T05:13:00+00:00,72.89097222222222,3427.6542410994994,1.0,44,32,13,1,False
OR-UPF-000303_DiamondComplex_Trail,OR,2024,50,50,2024-07-22T07:50:00+00:00,2024-10-01T06:16:00+00:00,70.93472222222222,843.4733953481652,0.9795918367346939,42,32,13,0,False
OR-UPF-000345_Chilcoot,OR,2023,24,24,2023-08-28T07:18:00+00:00,2023-09-24T04:03:00+00:00,26.864583333333332,1938.2962697081257,0.9565217391304348,20,16,3,0,False
OR-UPF-000357_Dinner,OR,2023,15,15,2023-08-31T05:02:00+00:00,2023-09-19T02:11:00+00:00,18.88125,330.5325025427157,0.9285714285714286,11,10,2,0,False
OR-UPF-000425_Smith,OR,2021,27,27,2021-08-21T03:30:00+00:00,2021-09-26T03:32:00+00:00,36.00138888888889,61292.7541224277,1.0,17,6,1,3,False
OR-UPF-000436_ArchieCreek,OR,2020,23,23,2020-09-09T18:30:00+00:00,2020-10-06T03:58:00+00:00,26.394444444444446,132036.6984414627,1.0,17,8,0,3,False
OR-UPF-000441_Thielsen,OR,2020,17,17,2020-09-10T06:54:00+00:00,2020-10-06T02:48:00+00:00,25.829166666666666,9968.441247992208,1.0,8,3,6,,False
OR-UPF-000450_DevilsKnob,OR,2021,49,49,2021-08-05T03:50:00+00:00,2021-10-07T04:15:00+00:00,63.017361111111114,69364.13225142843,1.0,41,27,7,3,False
OR-UPF-240311_Homestead_FullerLake,OR,2024,71,71,2024-07-23T03:20:00+00:00,2024-10-20T03:43:00+00:00,89.01597222222222,6923.1645941995475,1.0,59,30,9,1,False
OR-UPF-240311_Homestead_HorseHeaven,OR,2024,67,67,2024-07-23T03:20:00+00:00,2024-10-20T03:43:00+00:00,89.01597222222222,3195.7660939577845,0.9848484848484849,54,12,51,1,False
OR-UPF-240311_Homestead_LostBucket,OR,2024,68,68,2024-07-23T03:20:00+00:00,2024-10-20T03:43:00+00:00,89.01597222222222,35.1523865912541,1.0,56,19,9,,False
OR-UPF-240311_Homestead_NoMan,OR,2024,69,69,2024-07-23T03:20:00+00:00,2024-10-20T03:43:00+00:00,89.01597222222222,2146.801176092489,1.0,57,20,9,0,False
OR-UPF-240311_Homestead_ReynoldsButte,OR,2024,69,69,2024-07-24T07:42:00+00:00,2024-10-18T03:10:00+00:00,85.81111111111112,334.9469411861205,1.0,56,20,18,0,False
OR-UPF-240311_Homestead_Salmon33,OR,2024,69,69,2024-07-23T03:20:00+00:00,2024-10-20T03:43:00+00:00,89.01597222222222,274.66653073793145,1.0,57,20,9,0,False
OR-UPF-240402_DevilsKnob,OR,2024,8,8,2024-09-07T07:12:00+00:00,2024-10-04T03:37:00+00:00,26.850694444444443,4146.3542037925,1.0,4,4,0,,False
OR-VAD-000153_IndianCreek,OR,2020,4,4,2020-08-18T05:15:00+00:00,2020-08-25T03:00:00+00:00,6.90625,49773.33059695465,1.0,1,1,0,,False
OR-VAD-240129_CowValley,OR,2024,4,4,2024-07-15T03:33:00+00:00,2024-07-21T03:59:00+00:00,6.018055555555556,133991.1702508973,1.0,2,2,0,,False
OR-VAD-240141_Durkee,OR,2024,12,12,2024-07-18T20:38:00+00:00,2024-08-07T03:48:00+00:00,19.29861111111111,295429.62142533273,1.0,7,5,0,3,False
OR-VAD-240166_BadlandComplex_Coyote,OR,2024,4,4,2024-07-23T08:11:00+00:00,2024-07-30T05:15:00+00:00,6.877777777777778,22280.352151022995,1.0,1,1,0,,False
OR-VAD-240166_BadlandComplex_Thompson,OR,2024,4,4,2024-07-23T08:11:00+00:00,2024-07-30T05:15:00+00:00,6.877777777777778,31785.738240481096,1.0,1,1,0,,False
OR-WIF-200299_BeachieCreek,OR,2020,35,35,2020-08-28T02:01:00+00:00,2020-10-09T05:00:00+00:00,42.12430555555556,193485.12118115323,1.0,30,15,7,3,False
OR-WIF-200430_HolidayFarm,OR,2020,13,13,2020-09-09T04:31:00+00:00,2020-10-11T04:00:00+00:00,31.978472222222223,173270.65626359804,1.0,6,3,0,,False
OR-WIF-210307_Gales,OR,2021,46,46,2021-08-01T18:06:00+00:00,2021-09-24T03:46:00+00:00,53.40277777777778,29374.008309416393,1.0,40,31,7,2,True
OR-WIF-210307_Kwis,OR,2021,40,40,2021-07-30T19:00:00+00:00,2021-09-09T04:03:00+00:00,40.37708333333333,1483.592165907204,1.0,37,31,8,0,False
OR-WIF-210362_Knoll,OR,2021,19,19,2021-08-10T05:57:00+00:00,2021-08-30T04:47:00+00:00,19.95138888888889,545.1934139391748,1.0,16,7,0,0,False
OR-WIF-220170_Potter,OR,2022,36,36,2022-08-03T18:00:00+00:00,2022-09-11T05:11:00+00:00,38.46597222222222,631.8952577532222,1.0,31,25,0,0,False
OR-WIF-220180_CedarCreek,OR,2022,64,64,2022-08-05T04:44:00+00:00,2022-10-27T21:06:00+00:00,83.68194444444444,127224.60973178684,1.0,53,16,11,3,False
OR-WIF-220189_BigSwamp,OR,2022,18,18,2022-08-12T05:03:00+00:00,2022-09-09T04:31:00+00:00,27.977777777777778,120.87244212895045,0.9411764705882353,11,5,0,0,False
OR-WIF-230266_Bedrock,OR,2023,39,39,2023-07-25T02:43:00+00:00,2023-10-19T03:30:00+00:00,86.03263888888888,31567.94742624656,1.0,27,8,26,2,False
OR-WIF-230327_Lookout,OR,2023,33,33,2023-08-10T08:18:00+00:00,2023-10-19T02:46:00+00:00,69.76944444444445,25736.34977400016,1.0,17,11,13,2,False
OR-WIF-230329_Salmon,OR,2023,3,3,2023-08-10T07:45:00+00:00,2023-08-13T05:15:00+00:00,2.8958333333333335,135.87010561083835,1.0,1,1,0,,False
OR-WIF-230338_Wiley,OR,2023,13,13,2023-08-11T02:00:00+00:00,2023-08-24T22:07:00+00:00,13.838194444444444,244.58049618510037,1.0,11,7,5,0,False
OR-WIF-230392_HorseCreek,OR,2023,8,8,2023-08-28T07:00:00+00:00,2023-09-13T04:30:00+00:00,15.895833333333334,764.7235323715928,0.8571428571428571,3,3,3,,False
OR-WIF-230393_Pothole,OR,2023,7,7,2023-08-28T07:00:00+00:00,2023-09-13T04:30:00+00:00,15.895833333333334,108.58075722713292,1.0,2,2,3,,False
OR-WIF-230409_PetesLake,OR,2023,17,17,2023-08-31T04:27:00+00:00,2023-10-19T03:09:00+00:00,48.94583333333333,3266.176695347494,1.0,7,3,6,,False
OR-WIF-240193_McKinleyCreek,OR,2024,40,40,2024-07-28T06:32:00+00:00,2024-09-12T04:00:00+00:00,45.894444444444446,24.405668275273616,1.0,34,15,4,,False
OR-WIF-240195_Ore,OR,2024,51,51,2024-07-23T04:25:00+00:00,2024-10-06T04:00:00+00:00,74.98263888888889,3484.660896542867,1.0,40,12,13,1,False
OR-WIF-240207_TireMountain,OR,2024,43,43,2024-07-24T08:25:00+00:00,2024-09-12T04:00:00+00:00,49.81597222222222,23.405371097007333,1.0,34,15,8,,False
OR-WIF-240208_208MF,OR,2024,73,73,2024-07-24T08:25:00+00:00,2024-10-20T03:10:00+00:00,87.78125,11321.447710012364,1.0,62,19,8,1,False
OR-WIF-240210_Pyramid,OR,2024,44,44,2024-07-23T04:29:00+00:00,2024-09-25T04:10:00+00:00,63.986805555555556,1329.8149211098928,1.0,32,7,5,0,False
OR-WIF-240214_MossMountain_Chalk,OR,2024,65,65,2024-07-24T08:25:00+00:00,2024-10-15T03:09:00+00:00,82.78055555555555,6024.340502024152,0.984375,50,12,8,1,False
OR-WIF-240214_MossMountain_MossMountain,OR,2024,71,71,2024-07-24T08:25:00+00:00,2024-10-15T02:22:00+00:00,82.74791666666667,2846.6860193321186,1.0,60,19,8,0,False
OR-WIF-240237_CoffeePot,OR,2024,65,65,2024-07-24T08:25:00+00:00,2024-10-09T07:26:00+00:00,76.95902777777778,6198.626817346043,0.984375,53,19,8,1,False
OR-WIF-240255_Slate,OR,2024,12,12,2024-07-29T08:05:00+00:00,2024-08-12T09:05:00+00:00,14.041666666666666,69.4035560681495,1.0,8,3,0,,False
OR-WIF-240362_YoungGrasshopper,OR,2024,25,25,2024-09-10T05:06:00+00:00,2024-10-20T02:49:00+00:00,39.90486111111111,5407.996748357381,1.0,18,6,4,1,False
OR-WIF-240365_Hiyu,OR,2024,15,15,2024-09-09T07:30:00+00:00,2024-10-20T02:49:00+00:00,40.80486111111111,299.36043376119505,1.0,9,3,5,,False
OR-WIF-240367_GrassyCreek,OR,2024,15,15,2024-09-09T07:30:00+00:00,2024-10-20T02:49:00+00:00,40.80486111111111,111.70331069216266,1.0,9,3,5,,False
OR-WIF-240371_LintonCreek,OR,2024,16,16,2024-09-09T07:42:00+00:00,2024-10-08T02:00:00+00:00,28.7625,1309.705683480806,1.0,9,5,5,0,False
OR-WIF-240373_BoulderCreek,OR,2024,16,16,2024-09-09T08:04:00+00:00,2024-10-08T10:13:00+00:00,29.089583333333334,522.4436868304415,1.0,9,3,4,,False
OR-WIF-240374_374MR,OR,2024,19,19,2024-09-10T05:03:00+00:00,2024-10-15T03:34:00+00:00,34.93819444444444,118.98188240282366,1.0,10,3,11,,False
OR-WIF-240427_Bingham,OR,2024,11,11,2024-10-02T03:44:00+00:00,2024-10-14T01:38:00+00:00,11.9125,198.88874362347372,1.0,8,3,3,,False
OR-WSA-000026_S503,OR,2021,4,4,2021-06-21T07:30:00+00:00,2021-06-26T05:35:00+00:00,4.920138888888889,6683.074065033003,1.0,1,1,2,,False
OR-WSA-000075_P515,OR,2020,12,12,2020-08-20T05:00:00+00:00,2020-09-05T04:00:00+00:00,15.958333333333334,4607.735885211149,0.9090909090909091,6,2,4,,False
OR-WSA-000077_Lionshead,OR,2020,44,44,2020-08-20T06:30:00+00:00,2020-10-16T08:30:00+00:00,57.083333333333336,204469.03134680877,1.0,32,10,30,3,False
OR-WWF-000338_CliffMountain,OR,2024,14,14,2024-07-30T04:27:00+00:00,2024-09-08T04:29:00+00:00,40.00138888888889,1106.699953319966,1.0,9,7,1,0,False
OR-WWF-000353_GoatMountain2,OR,2022,32,32,2022-09-02T05:26:00+00:00,2022-10-19T03:43:00+00:00,46.928472222222226,606.1315260652706,1.0,24,8,21,0,False
OR-WWF-000380_Nebo,OR,2022,32,32,2022-08-30T04:58:00+00:00,2022-10-15T05:02:00+00:00,46.00277777777778,12665.955571819248,1.0,23,10,20,2,False
OR-WWF-000400_DoubleCreek,OR,2022,34,35,2022-09-01T06:00:00+00:00,2022-10-15T05:12:00+00:00,43.96666666666667,172423.4306309456,1.0,23,7,16,3,False
OR-WWF-000413_JonesCreek,OR,2022,6,6,2022-09-06T06:30:00+00:00,2022-09-12T06:34:00+00:00,6.002777777777778,4454.278336074429,1.0,4,4,1,,False
OR-WWF-000431_TownGulch,OR,2024,9,9,2024-08-11T07:03:00+00:00,2024-08-19T04:56:00+00:00,7.9118055555555555,18649.09017282456,0.875,8,8,0,2,False
OR-WWF-00334_Sturgill,OR,2022,33,33,2022-08-30T04:54:00+00:00,2022-10-19T03:43:00+00:00,49.950694444444444,23248.362237922684,1.0,24,8,22,2,False
UT-ASF-100340_EastFork,UT,2020,43,43,2020-08-23T08:42:00+00:00,2020-11-06T01:15:00+00:00,74.68958333333333,91909.00060436233,1.0,30,17,17,3,True
UT-CCD-000315_Flatt,UT,2021,4,4,2021-06-20T07:29:00+00:00,2021-06-23T06:53:00+00:00,2.975,14451.121536336146,1.0,3,3,0,,False
UT-CCD-000429_VeyoWest,UT,2020,3,3,2020-07-15T03:20:00+00:00,2020-07-19T07:33:00+00:00,4.175694444444445,2810.8876491018877,1.0,1,1,0,,False
UT-CPD-000347_DeerSprings,UT,2024,7,7,2024-07-09T08:56:00+00:00,2024-07-15T06:53:00+00:00,5.914583333333334,11929.77829396771,0.8333333333333334,6,6,0,2,False
UT-DIF-000133_LeftFork,UT,2022,16,16,2022-05-12T01:43:00+00:00,2022-07-09T04:25:00+00:00,58.1125,4273.044625037032,1.0,9,6,6,1,False
UT-DIF-000270_Mammoth,UT,2021,8,8,2021-06-06T08:19:00+00:00,2021-06-14T02:40:00+00:00,7.764583333333333,710.7364603971083,1.0,6,6,0,0,True
UT-FIF-200493_Cowboy,UT,2020,5,5,2020-08-21T07:48:00+00:00,2020-08-25T01:31:00+00:00,3.7381944444444444,548.7563155899276,1.0,4,4,0,,False
UT-FIF-240112_LittleTwist,UT,2024,12,12,2024-06-16T04:03:00+00:00,2024-07-11T06:28:00+00:00,25.100694444444443,5383.969736490924,1.0,2,2,6,,False
UT-FIF-240206_SilverKing,UT,2024,11,11,2024-07-08T03:52:00+00:00,2024-07-19T06:49:00+00:00,11.122916666666667,18249.615977219873,1.0,9,7,0,2,False
UT-MLF-000115_BennionCreek,UT,2021,17,17,2021-06-07T03:00:00+00:00,2021-06-30T05:19:00+00:00,23.096527777777776,8379.535862294666,1.0,12,9,2,1,True
UT-MLF-000131_PackCreek,UT,2021,8,8,2021-06-13T07:58:00+00:00,2021-06-25T08:25:00+00:00,12.01875,9045.958984148761,1.0,4,4,0,,False
UT-NWS-000342_JacobCity,UT,2022,4,4,2022-07-11T04:09:00+00:00,2022-07-19T09:19:00+00:00,8.215277777777779,4205.650861070745,0.6666666666666666,1,1,0,,False
UT-NWS-001080_Range,UT,2020,4,4,2020-10-19T02:45:00+00:00,2020-10-25T02:45:00+00:00,6.0,3513.8865430523333,1.0,1,1,1,,False
UT-SCS-200223_Canal,UT,2020,7,7,2020-07-01T06:44:00+00:00,2020-07-07T06:29:00+00:00,5.989583333333333,78328.18426487927,1.0,6,6,0,3,False
UT-SCS-220216_HalfwayHill,UT,2022,16,16,2022-07-10T04:33:00+00:00,2022-08-15T03:16:00+00:00,35.946527777777774,11813.059946681462,1.0,10,8,3,2,False
UT-SWS-000431_TurkeyFarmRoad,UT,2020,3,3,2020-07-15T02:00:00+00:00,2020-07-19T07:20:00+00:00,4.222222222222222,12007.165980868043,1.0,1,1,0,,False
UT-UWF-000303_MorganCanyon,UT,2021,6,6,2021-06-21T08:12:00+00:00,2021-07-06T05:49:00+00:00,14.900694444444444,517.9192328304124,1.0,1,1,2,,False
UT-UWF-000615_UpperProvo,UT,2020,5,5,2020-08-02T07:57:00+00:00,2020-08-11T08:43:00+00:00,9.031944444444445,483.46051265896443,1.0,1,1,2,,False
UT-UWF-200810_YellowLake,UT,2024,20,20,2024-10-01T08:52:00+00:00,2024-10-31T03:57:00+00:00,29.79513888888889,33231.72986646389,1.0,12,5,0,2,False
UT-VLD-000127_Bear,UT,2021,14,14,2021-06-09T01:22:00+00:00,2021-06-23T05:54:00+00:00,14.188888888888888,12246.17017427883,1.0,12,9,0,2,True
WA-COA-0200084_Chuweah,WA,2021,19,19,2021-07-15T02:30:00+00:00,2021-08-11T06:45:00+00:00,27.177083333333332,36850.746568591734,0.9444444444444444,13,10,0,2,False
WA-COA-021087_SummitTrail,WA,2021,47,47,2021-07-15T02:30:00+00:00,2021-09-14T02:50:00+00:00,61.013888888888886,49651.453253278225,0.9782608695652174,36,13,0,3,False
WA-COA-200106_Whitmore,WA,2021,9,9,2021-08-07T01:30:00+00:00,2021-08-20T02:00:00+00:00,13.020833333333334,58323.6139030403,1.0,4,2,1,,False
WA-COA-200136_IncheliumComplex_North,WA,2020,5,5,2020-09-10T17:45:00+00:00,2020-09-25T05:00:00+00:00,14.46875,7147.2194777755685,1.0,1,1,2,,False
WA-COA-200136_IncheliumComplex_South,WA,2020,5,5,2020-09-10T17:45:00+00:00,2020-09-25T05:00:00+00:00,14.46875,11785.246790651783,1.0,1,1,2,,False
WA-COA-200136_IncheliumComplex_West,WA,2020,5,5,2020-09-10T17:45:00+00:00,2020-09-25T05:00:00+00:00,14.46875,500.45226290296677,0.75,1,1,2,,False
WA-COA-240089_Swawilla,WA,2024,14,14,2024-07-24T07:30:00+00:00,2024-08-08T08:15:00+00:00,15.03125,53638.65592021113,1.0,11,5,0,3,False
WA-COF-002290_Muckamuck,WA,2021,16,16,2021-08-07T00:00:00+00:00,2021-09-10T02:23:00+00:00,34.09930555555555,13351.777847225701,1.0,7,3,1,,False
WA-COF-002348_BulldogMtn,WA,2021,17,17,2021-08-14T04:40:00+00:00,2021-09-09T05:20:00+00:00,26.02777777777778,6582.422261577042,1.0,12,6,1,1,False
WA-COF-002348_MackMtn,WA,2021,16,16,2021-08-21T03:00:00+00:00,2021-09-09T05:27:00+00:00,19.102083333333333,1265.7438231773801,1.0,12,6,0,0,False
WA-GPF-000743_GoatRocks,WA,2022,33,33,2022-09-04T21:26:00+00:00,2022-10-20T01:58:00+00:00,45.18888888888889,6192.588986660726,1.0,25,9,5,1,False
WA-GPF-000813_WilliamsMine,WA,2024,31,31,2024-08-07T08:42:00+00:00,2024-09-14T02:12:00+00:00,37.729166666666664,13085.541296363637,1.0,25,10,0,2,False
WA-GPF-000864_BigHollow,WA,2020,4,4,2020-09-10T06:00:00+00:00,2020-09-28T04:00:00+00:00,17.916666666666668,24979.54807579368,1.0,1,1,1,,False
WA-GPF-001028_Kalama,WA,2022,15,15,2022-09-07T20:49:00+00:00,2022-10-21T02:39:00+00:00,43.24305555555556,496.9078613241525,1.0,6,3,11,,False
WA-GPF-001208_Siouxon,WA,2022,10,10,2022-09-26T19:30:00+00:00,2022-10-20T02:10:00+00:00,23.27777777777778,2357.589579141752,1.0,6,4,5,,False
WA-GPF-001297_CowlitzComplex,WA,2023,12,12,2023-09-02T05:10:00+00:00,2023-09-23T03:03:00+00:00,20.911805555555556,530.469144703847,1.0,6,2,2,,False
WA-MSF-000267_MurphyLake,WA,2022,7,7,2022-10-13T02:50:00+00:00,2022-10-20T01:33:00+00:00,6.946527777777778,444.03718767933447,1.0,5,4,2,,False
WA-MSF-000334_SuiattleRiver,WA,2022,11,11,2022-09-06T02:33:00+00:00,2022-10-20T01:12:00+00:00,43.94375,6585.432863585801,1.0,3,2,6,,False
WA-MSF-000348_LochKatrine,WA,2022,5,5,2022-10-16T03:00:00+00:00,2022-10-20T02:44:00+00:00,3.988888888888889,1915.4913618376154,1.0,4,4,0,,False
WA-NCP-000262_Sourdough,WA,2023,16,16,2023-08-03T00:45:00+00:00,2023-09-11T03:57:00+00:00,39.13333333333333,6278.338546473744,1.0,5,2,11,,False
WA-NCP-000285_Ruby_RedMountain,WA,2024,5,5,2024-08-28T07:45:00+00:00,2024-09-07T04:45:00+00:00,9.875,125.2053535171858,1.0,2,2,2,,False
WA-NCP-000285_Ruby_Ruby,WA,2024,15,15,2024-08-15T08:30:00+00:00,2024-09-19T07:30:00+00:00,34.958333333333336,1336.0241193317324,1.0,3,2,9,,False
WA-NES-0002310_ChickadeeCreek,WA,2021,21,21,2021-08-07T00:00:00+00:00,2021-09-08T00:30:00+00:00,32.020833333333336,5856.414610605707,1.0,14,10,10,1,False
WA-NES-000373_CubCreek2,WA,2021,45,45,2021-07-17T06:35:00+00:00,2021-09-25T04:25:00+00:00,69.90972222222223,70196.5137169919,1.0,32,13,28,3,False
WA-NES-001779_WestHallett,WA,2023,4,4,2023-08-02T06:46:00+00:00,2023-08-05T01:50:00+00:00,2.7944444444444443,126.59461211049911,1.0,3,3,0,,False
WA-NES-001795_WestAnderson,WA,2023,3,3,2023-08-06T04:00:00+00:00,2023-08-08T04:00:00+00:00,2.0,47.995005677677796,1.0,2,2,0,,False
WA-NES-001858_BoulderMountain,WA,2022,12,12,2022-09-05T02:44:00+00:00,2022-09-26T15:04:00+00:00,21.51388888888889,2317.210579854659,0.9090909090909091,7,7,0,0,False
WA-NES-001974_Gray,WA,2023,9,9,2023-08-24T05:59:00+00:00,2023-09-10T02:29:00+00:00,16.854166666666668,10117.306749250429,1.0,6,5,0,1,False
WA-NES-002245_WalkerCreek,WA,2021,24,24,2021-08-10T02:00:00+00:00,2021-09-14T03:24:00+00:00,35.05833333333333,23762.733712969613,1.0,16,8,14,2,False
WA-NES-002246_FordCorkscrew,WA,2021,12,12,2021-08-17T03:20:00+00:00,2021-08-30T04:45:00+00:00,13.059027777777779,15876.968654434446,1.0,9,9,2,2,False
WA-NES-01491_WilliamsLake,WA,2022,4,4,2022-08-04T20:30:00+00:00,2022-08-08T06:00:00+00:00,3.3958333333333335,1825.072671350492,1.0,2,1,0,,False
WA-NES-240099_BridgeCreek,WA,2024,5,5,2024-07-24T10:15:00+00:00,2024-08-03T07:30:00+00:00,9.885416666666666,4004.716267372535,1.0,2,1,0,,False
WA-NWS-000150_Bolt,WA,2022,32,32,2022-09-11T03:21:00+00:00,2022-10-20T01:37:00+00:00,38.92777777777778,14813.893100276902,1.0,24,9,14,2,False
WA-OLP-000412_Hurricane,WA,2023,5,5,2023-09-19T09:15:00+00:00,2023-10-01T08:45:00+00:00,11.979166666666666,4664.123298275276,1.0,1,1,0,,False
WA-OLS-000079_Road2620,WA,2024,6,6,2024-08-15T04:00:00+00:00,2024-08-26T07:15:00+00:00,11.135416666666666,402.42732658108656,0.8,1,1,1,,False
WA-OWF-000315_IrvingPeak,WA,2022,20,20,2022-08-13T06:36:00+00:00,2022-09-05T05:34:00+00:00,22.956944444444446,2960.4099555959415,1.0,14,5,14,1,False
WA-OWF-000319_WhiteRiver,WA,2022,49,49,2022-08-13T06:41:00+00:00,2022-10-20T02:22:00+00:00,67.82013888888889,11176.272577547597,1.0,32,7,16,1,False
WA-OWF-000346_CedarCreek,WA,2021,51,51,2021-07-15T08:00:00+00:00,2021-09-17T03:11:00+00:00,63.799305555555556,55847.085919317804,1.0,42,15,33,3,False
WA-OWF-000374_AirplaneLake,WA,2023,10,10,2023-08-26T03:13:00+00:00,2023-09-22T08:37:00+00:00,27.225,6954.01111613434,1.0,3,3,0,,False
WA-OWF-000397_Meander,WA,2022,14,14,2022-09-28T19:30:00+00:00,2022-10-20T01:22:00+00:00,21.244444444444444,154.2960474926353,1.0,7,6,5,0,False
WA-OWF-000407_Chikamin,WA,2020,11,11,2020-08-01T04:45:00+00:00,2020-08-19T05:30:00+00:00,18.03125,738.6635944403412,1.0,5,2,0,,False
WA-OWF-000435_Easy,WA,2024,25,25,2024-07-18T06:59:00+00:00,2024-08-26T05:00:00+00:00,38.91736111111111,2278.6316975500536,0.875,15,10,8,0,False
WA-OWF-000453_SchneiderSprings,WA,2021,42,42,2021-08-05T19:30:00+00:00,2021-10-05T02:50:00+00:00,60.30555555555556,107384.12656424756,1.0,31,11,1,3,False
WA-OWF-000454_WindyPass,WA,2021,7,7,2021-08-05T04:00:00+00:00,2021-08-12T01:40:00+00:00,6.902777777777778,98.84115512619523,0.8333333333333334,4,2,0,,False
WA-OWF-000456_Nason,WA,2021,15,15,2021-08-13T02:00:00+00:00,2021-09-17T04:40:00+00:00,35.111111111111114,1222.8525254739768,1.0,7,2,2,,False
WA-OWF-000479_MinnowRidge,WA,2022,25,25,2022-09-17T02:28:00+00:00,2022-10-20T02:03:00+00:00,32.982638888888886,4866.776804797569,1.0,16,6,15,1,False
WA-OWF-000521_TwentyFiveMile,WA,2021,33,33,2021-08-16T20:30:00+00:00,2021-09-26T06:30:00+00:00,40.416666666666664,22293.865831291132,1.0,27,22,1,2,False
WA-OWF-000563_BlueLake,WA,2023,7,7,2023-08-25T04:21:00+00:00,2023-09-10T03:03:00+00:00,15.945833333333333,1074.9630504973645,1.0,4,4,0,,False
WA-OWF-000639_ColdCreek,WA,2020,4,4,2020-09-17T04:00:00+00:00,2020-09-22T03:00:00+00:00,4.958333333333333,565.0941396289974,1.0,2,1,0,,False
WA-PCS-0220_NakiaCreek,WA,2022,6,6,2022-10-12T02:23:00+00:00,2022-10-20T02:17:00+00:00,7.995833333333334,1916.225760992971,1.0,4,3,2,,False
WA-SES-000173_Pioneer,WA,2024,63,63,2024-06-14T07:30:00+00:00,2024-08-26T07:15:00+00:00,72.98958333333333,38886.33729756134,1.0,52,17,42,3,False
WA-SES-000263_VantageHighway,WA,2022,7,7,2022-08-02T06:22:00+00:00,2022-08-08T06:40:00+00:00,6.0125,32276.09432042566,0.8333333333333334,6,6,0,2,False
WA-SES-000277_CowCanyon,WA,2022,9,9,2022-08-05T03:51:00+00:00,2022-08-15T05:36:00+00:00,10.072916666666666,5832.130013432502,1.0,7,7,0,1,False
WA-SES-000336_TunnelFive,WA,2023,5,5,2023-07-05T07:30:00+00:00,2023-07-09T08:30:00+00:00,4.041666666666667,565.056851656574,0.5,4,4,0,,False
WA-SES-000360_RedApple,WA,2021,4,4,2021-07-15T09:00:00+00:00,2021-07-19T06:00:00+00:00,3.875,12281.030126748303,1.0,2,1,0,,False
WA-SES-000445_MoeCanyon,WA,2021,3,3,2021-08-06T04:00:00+00:00,2021-08-09T04:00:00+00:00,3.0,219.3501790588309,0.5,1,1,0,,False
WA-SES-000464_NewellRoad,WA,2023,7,7,2023-07-22T21:20:00+00:00,2023-07-29T03:47:00+00:00,6.26875,61847.47888122365,0.8333333333333334,6,6,0,3,False
WA-SES-000477_Retreat,WA,2024,8,8,2024-07-25T04:00:00+00:00,2024-08-08T04:41:00+00:00,14.028472222222222,45592.25220834709,1.0,3,2,5,,False
WA-SES-000565_EvansCanyon,WA,2020,4,4,2020-09-03T04:30:00+00:00,2020-09-06T03:30:00+00:00,2.9583333333333335,75766.53073151864,1.0,3,3,0,,False
WA-SES-020209_CougarCreek,WA,2024,18,18,2024-07-20T08:29:00+00:00,2024-08-17T05:17:00+00:00,27.866666666666667,24182.780682502955,1.0,11,4,7,,False
WA-SPA-002124_Sherwood,WA,2021,8,8,2021-07-25T04:30:00+00:00,2021-08-04T00:00:00+00:00,9.8125,1260.145405619224,1.0,4,3,0,,False
WA-SPD-001947_Palmer_Anglin,WA,2020,4,4,2020-08-27T02:30:00+00:00,2020-08-29T17:55:00+00:00,2.642361111111111,1760.719798553786,1.0,3,3,0,,False
WA-SPD-001947_Palmer_Palmer,WA,2020,11,11,2020-08-18T04:00:00+00:00,2020-08-29T17:55:00+00:00,11.57986111111111,18090.8389308437,0.8,7,3,1,,False
WA-WFS-000594_PearlHill,WA,2020,6,6,2020-09-09T01:00:00+00:00,2020-09-15T04:00:00+00:00,6.125,229668.5108161213,1.0,4,4,0,,False
WY-BHF-000399_Elk,WY,2024,17,17,2024-10-05T07:16:00+00:00,2024-10-27T04:51:00+00:00,21.899305555555557,98192.12968537497,1.0,13,12,0,3,False
WY-BTF-002201_Sandy,WY,2022,3,3,2022-07-02T05:52:00+00:00,2022-07-05T04:30:00+00:00,2.9430555555555555,104.15318770237647,1.0,1,1,0,,False
WY-BTF-002416_FishCreek,WY,2024,47,47,2024-08-22T08:02:00+00:00,2024-10-27T05:57:00+00:00,65.91319444444444,90545.03390774882,1.0,31,10,23,3,False
WY-HPD-240536_LaBonte,WY,2024,4,4,2024-09-16T09:15:00+00:00,2024-09-20T07:30:00+00:00,3.9270833333333335,3482.4541076120545,1.0,2,2,1,,False
WY-MRF-000408_EastTroublesome,WY,2020,14,14,2020-10-16T05:03:00+00:00,2020-11-30T19:43:00+00:00,45.611111111111114,193693.63708904522,1.0,6,6,0,3,False
WY-MRF-000514_BlackMountain,WY,2021,3,3,2021-08-30T18:27:00+00:00,2021-09-01T17:42:00+00:00,1.96875,416.6750740099196,1.0,2,2,0,,False
WY-MRF-200752_Mullen,WY,2020,25,25,2020-09-24T01:51:00+00:00,2020-10-30T03:50:00+00:00,36.08263888888889,177156.48141983696,1.0,17,8,6,3,False
WY-MRF-220267_Sugarloaf,WY,2022,8,8,2022-07-28T03:46:00+00:00,2022-08-05T02:45:00+00:00,7.957638888888889,838.346310309969,1.0,6,6,0,0,False
WY-YNP-002006_LoneStar,WY,2020,7,7,2020-08-24T05:49:00+00:00,2020-09-23T02:42:00+00:00,29.87013888888889,4115.110163256797,1.0,2,2,0,,False
