fname,fyear,tUTC,tLocal,tLocalGMT,timestep,timestep_hh,farea,fareaPer,fperim,rflinelen,cflinelen5,cflinelen10,cflinelen25,cflinelen50,cflinelen75,cflinelen90,rfline_fstate,cfline5_fstate,cfline10_fstate,cfline25_fstate,cfline50_fstate,cfline75_fstate,cfline90_fstate,dfarea,maefspread,awefspread
River Complex,2021,2021-08-01 05:00:00,2021-07-31 22:00:00,2021-07-31 21:00:00,32,31.5,0.536,0.0575534624420707,2.724,2.092,2.724,2.724,2.724,2.724,2.724,2.724,1,1,1,1,1,1,1,0.536,0.519,0.411
River Complex,2021,2021-08-01 06:00:00,2021-07-31 23:00:00,2021-07-31 22:00:00,33,32.5,1.115,0.119724086983039,3.88,3.88,3.88,3.88,3.88,3.88,3.88,2.724,0,1,1,1,1,1,0,0.579,0.434,0.277
River Complex,2021,2021-08-01 07:00:00,2021-08-01 00:00:00,2021-07-31 23:00:00,34,33.5,1.115,0.119724086983039,3.88,3.88,3.88,3.88,3.88,3.88,3.88,2.724,0,0,0,0,0,0,0,0,0,0
River Complex,2021,2021-08-01 08:00:00,2021-08-01 01:00:00,2021-08-01 00:00:00,35,34.5,1.115,0.119724086983039,3.88,3.88,3.88,3.88,3.88,3.88,3.88,2.724,0,0,0,0,0,0,0,0,0,0
River Complex,2021,2021-08-01 09:00:00,2021-08-01 02:00:00,2021-08-01 01:00:00,36,35.5,1.115,0.119724086983039,3.88,3.88,3.88,3.88,3.88,3.88,3.88,2.724,0,0,0,0,0,0,0,0,0,0
River Complex,2021,2021-08-01 10:00:00,2021-08-01 03:00:00,2021-08-01 02:00:00,37,36.5,1.115,0.119724086983039,3.88,3.88,3.88,3.88,3.88,3.88,3.88,2.724,0,0,0,0,0,0,0,0,0,0
River Complex,2021,2021-08-01 11:00:00,2021-08-01 04:00:00,2021-08-01 03:00:00,38,37.5,1.115,0.119724086983039,3.88,3.88,3.88,3.88,3.88,3.88,3.88,2.724,0,0,0,0,0,0,0,0,0,0
River Complex,2021,2021-08-01 12:00:00,2021-08-01 05:00:00,2021-08-01 04:00:00,39,38.5,1.115,0.119724086983039,3.88,3.88,3.88,3.88,3.88,3.88,3.88,2.724,0,0,0,0,0,0,0,0,0,0
River Complex,2021,2021-08-01 13:00:00,2021-08-01 06:00:00,2021-08-01 05:00:00,40,39.5,1.115,0.119724086983039,3.88,3.88,3.88,3.88,3.88,3.88,3.88,2.724,0,0,0,0,0,0,0,0,0,0
River Complex,2021,2021-08-01 14:00:00,2021-08-01 07:00:00,2021-08-01 06:00:00,41,40.5,1.115,0.119724086983039,3.88,3.88,3.88,3.88,3.88,3.88,3.88,2.724,0,0,0,0,0,0,0,0,0,0
River Complex,2021,2021-08-01 15:00:00,2021-08-01 08:00:00,2021-08-01 07:00:00,42,41.5,1.115,0.119724086983039,3.88,3.88,3.88,3.88,3.88,3.88,3.88,2.724,0,0,0,0,0,0,0,0,0,0
River Complex,2021,2021-08-01 16:00:00,2021-08-01 09:00:00,2021-08-01 08:00:00,43,42.5,1.115,0.119724086983039,3.88,3.88,3.88,3.88,3.88,3.88,3.88,2.724,0,0,0,0,0,0,0,0,0,0
River Complex,2021,2021-08-01 17:00:00,2021-08-01 10:00:00,2021-08-01 09:00:00,44,43.5,1.115,0.119724086983039,3.88,3.88,3.88,3.88,3.88,3.88,3.88,2.724,0,0,0,0,0,0,0,0,0,0
River Complex,2021,2021-08-01 18:00:00,2021-08-01 11:00:00,2021-08-01 10:00:00,45,44.5,1.115,0.119724086983039,3.88,3.88,2.066,1.067,3.88,3.88,3.88,2.724,0,1,1,0,0,0,0,0,0,0
River Complex,2021,2021-08-01 19:00:00,2021-08-01 12:00:00,2021-08-01 11:00:00,46,45.5,1.115,0.119724086983039,3.88,3.88,2.066,1.067,3.88,3.88,3.88,2.724,0,0,0,0,0,0,0,0,0,0
River Complex,2021,2021-08-01 20:00:00,2021-08-01 13:00:00,2021-08-01 12:00:00,47,46.5,1.115,0.119724086983039,3.88,3.88,3.88,3.88,3.88,3.88,3.88,2.724,1,1,1,1,1,1,0,0,0,0
River Complex,2021,2021-08-01 21:00:00,2021-08-01 14:00:00,2021-08-01 13:00:00,48,47.5,6.635,0.712438849446155,9.742,8.709,9.742,9.742,9.742,3.281,3.88,2.724,0,1,1,1,1,0,0,5.52,2.43,1.423
River Complex,2021,2021-08-01 22:00:00,2021-08-01 15:00:00,2021-08-01 14:00:00,49,48.5,6.635,0.712438849446155,9.742,8.709,6.323,5.142,2.838,3.281,3.88,2.724,0,1,1,1,0,0,0,0,0,0
River Complex,2021,2021-08-01 23:00:00,2021-08-01 16:00:00,2021-08-01 15:00:00,50,49.5,6.635,0.712438849446155,9.742,8.709,5.863,4.961,2.667,3.281,3.88,2.724,0,1,1,1,0,0,0,0,0,0
River Complex,2021,2021-08-02 00:00:00,2021-08-01 17:00:00,2021-08-01 16:00:00,51,50.5,6.635,0.712438849446155,9.742,8.709,5.863,4.961,2.667,3.281,3.88,2.724,0,1,1,1,0,0,0,0,0,0
River Complex,2021,2021-08-02 01:00:00,2021-08-01 18:00:00,2021-08-01 17:00:00,52,51.5,6.635,0.712438849446155,9.742,8.709,9.742,9.742,5.937,3.281,3.88,2.724,0,1,1,1,0,0,0,0,0,0
River Complex,2021,2021-08-02 02:00:00,2021-08-01 19:00:00,2021-08-01 18:00:00,53,52.5,6.635,0.712438849446155,9.742,8.709,9.742,9.742,9.742,4.084,3.88,2.724,0,1,1,1,1,0,0,0,0,0
River Complex,2021,2021-08-02 03:00:00,2021-08-01 20:00:00,2021-08-01 19:00:00,54,53.5,6.635,0.712438849446155,9.742,8.709,9.119,8.042,5.807,3.556,3.88,2.724,0,1,1,1,1,0,0,0,0,0
River Complex,2021,2021-08-02 04:00:00,2021-08-01 21:00:00,2021-08-01 20:00:00,55,54.5,6.635,0.712438849446155,9.742,8.709,9.742,9.182,6.51,4.066,3.88,2.724,0,1,1,1,1,0,0,0,0,0
River Complex,2021,2021-08-02 05:00:00,2021-08-01 22:00:00,2021-08-01 21:00:00,56,55.5,6.635,0.712438849446155,9.742,8.709,6.518,5.875,3.832,4.066,3.88,2.724,0,1,1,1,0,0,0,0,0,0
River Complex,2021,2021-08-02 06:00:00,2021-08-01 23:00:00,2021-08-01 22:00:00,57,56.5,6.635,0.712438849446155,9.742,8.709,6.934,6.124,3.949,4.066,3.88,2.724,0,1,1,1,0,0,0,0,0,0
River Complex,2021,2021-08-02 07:00:00,2021-08-02 00:00:00,2021-08-01 23:00:00,58,57.5,6.635,0.712438849446155,9.742,8.709,6.518,5.875,3.832,4.066,3.88,2.724,0,1,1,1,0,0,0,0,0,0
River Complex,2021,2021-08-02 08:00:00,2021-08-02 01:00:00,2021-08-02 00:00:00,59,58.5,6.635,0.712438849446155,9.742,8.709,6.518,5.875,3.832,4.066,3.88,2.724,0,1,1,1,0,0,0,0,0,0
River Complex,2021,2021-08-02 09:00:00,2021-08-02 02:00:00,2021-08-02 01:00:00,60,59.5,6.635,0.712438849446155,9.742,8.709,5.863,4.961,2.667,4.066,3.88,2.724,0,1,1,1,0,0,0,0,0,0
River Complex,2021,2021-08-02 10:00:00,2021-08-02 03:00:00,2021-08-02 02:00:00,61,60.5,6.635,0.712438849446155,9.742,8.709,5.863,4.961,2.667,4.066,3.88,2.724,0,0,0,0,0,0,0,0,0,0
River Complex,2021,2021-08-02 11:00:00,2021-08-02 04:00:00,2021-08-02 03:00:00,62,61.5,6.635,0.712438849446155,9.742,8.709,5.863,4.961,2.667,4.066,3.88,2.724,0,0,0,0,0,0,0,0,0,0
River Complex,2021,2021-08-02 12:00:00,2021-08-02 05:00:00,2021-08-02 04:00:00,63,62.5,6.635,0.712438849446155,9.742,8.709,5.863,4.961,2.667,4.066,3.88,2.724,0,0,0,0,0,0,0,0,0,0
River Complex,2021,2021-08-02 13:00:00,2021-08-02 06:00:00,2021-08-02 05:00:00,64,63.5,6.635,0.712438849446155,9.742,8.709,5.863,4.961,2.667,4.066,3.88,2.724,0,0,0,0,0,0,0,0,0,0
River Complex,2021,2021-08-02 14:00:00,2021-08-02 07:00:00,2021-08-02 06:00:00,65,64.5,6.635,0.712438849446155,9.742,8.709,5.863,4.961,2.667,4.066,3.88,2.724,0,0,0,0,0,0,0,0,0,0
River Complex,2021,2021-08-02 15:00:00,2021-08-02 08:00:00,2021-08-02 07:00:00,66,65.5,6.635,0.712438849446155,9.742,8.709,5.863,4.961,2.667,4.066,3.88,2.724,0,0,0,0,0,0,0,0,0,0
River Complex,2021,2021-08-02 16:00:00,2021-08-02 09:00:00,2021-08-02 08:00:00,67,66.5,15.523,1.66679551770198,21.558,11.816,11.816,11.816,11.816,11.816,11.816,3.01,1,1,1,1,1,1,1,8.888,2.41,1.021
River Complex,2021,2021-08-02 17:00:00,2021-08-02 10:00:00,2021-08-02 09:00:00,68,67.5,23.66,2.54051291302126,25.033,10.741,15.291,15.291,15.291,15.291,15.291,10.934,1,1,1,1,1,1,1,8.137,1.444,0.689
River Complex,2021,2021-08-02 18:00:00,2021-08-02 11:00:00,2021-08-02 10:00:00,69,68.5,31.268,3.35742847693781,31.305,9.374,21.563,21.563,21.563,21.563,19.011,9.098,1,1,1,1,1,1,1,7.608,1.977,0.708
River Complex,2021,2021-08-02 19:00:00,2021-08-02 12:00:00,2021-08-02 11:00:00,70,69.5,36.752,3.94627770834139,33.653,3.147,23.911,23.911,23.911,23.911,21.284,7.333,1,1,1,1,1,1,1,5.484,1.733,0.585
River Complex,2021,2021-08-02 20:00:00,2021-08-02 13:00:00,2021-08-02 12:00:00,71,70.5,41.555,4.46200397720196,39.101,4.101,29.359,29.359,29.359,29.359,16.518,5.044,1,1,1,1,1,1,1,4.803,1.697,1.526
River Complex,2021,2021-08-02 21:00:00,2021-08-02 14:00:00,2021-08-02 13:00:00,72,71.5,42.166,4.52761062935141,39.757,10.973,36.046,34.977,32.703,29.868,21.037,6.837,1,1,1,1,1,1,1,0.611,0.463,0.149
River Complex,2021,2021-08-02 22:00:00,2021-08-02 15:00:00,2021-08-02 14:00:00,73,72.5,48.306,5.18689842672886,43.836,15.897,42.849,41.541,38.96,34.889,22.289,6.837,1,1,1,1,1,1,0,6.14,1.943,0.56
River Complex,2021,2021-08-02 23:00:00,2021-08-02 16:00:00,2021-08-02 15:00:00,74,73.5,54.33,5.83373062402556,48.397,6.973,47.824,46.486,44.038,36.229,19.96,6.837,1,1,1,1,1,1,0,6.024,1.064,0.379
River Complex,2021,2021-08-03 00:00:00,2021-08-02 17:00:00,2021-08-02 16:00:00,75,74.5,55.782,5.98964037676043,50.21,2.516,49.222,47.914,45.333,37.328,24.927,6.837,1,1,1,1,1,1,0,1.452,1.327,0.208
River Complex,2021,2021-08-03 01:00:00,2021-08-02 18:00:00,2021-08-02 17:00:00,76,75.5,55.941,6.00671313894007,50.379,10.241,41.708,36.206,30.591,19.156,4.098,6.837,1,1,1,1,1,1,0,0.159,0.15,0.063
River Complex,2021,2021-08-03 02:00:00,2021-08-02 19:00:00,2021-08-02 18:00:00,77,76.5,59.274,6.36459688953601,51.601,15.968,38.569,36.929,31.149,19.156,4.098,6.837,0,1,1,1,0,0,0,3.333,1.348,0.325
River Complex,2021,2021-08-03 03:00:00,2021-08-02 20:00:00,2021-08-02 19:00:00,78,77.5,59.274,6.36459688953601,51.601,15.969,40.382,37.748,34.012,0.391,4.098,6.837,1,1,1,1,1,0,0,0,0,0
River Complex,2021,2021-08-03 04:00:00,2021-08-02 21:00:00,2021-08-02 20:00:00,79,78.5,61.907,6.6473175361964,52.182,4.008,41.3,36.347,30.045,17.99,6.343,6.837,0,1,1,1,1,1,0,2.633,0.654,0.165
River Complex,2021,2021-08-03 05:00:00,2021-08-02 22:00:00,2021-08-02 21:00:00,80,79.5,61.907,6.6473175361964,52.182,4.008,46.357,41.996,34.215,13.96,0.285,6.837,0,1,1,1,1,1,0,0,0,0
River Complex,2021,2021-08-03 06:00:00,2021-08-02 23:00:00,2021-08-02 22:00:00,81,80.5,61.907,6.6473175361964,52.182,4.008,40.105,32.738,23.883,4.981,0.285,6.837,0,1,1,1,1,0,0,0,0,0
River Complex,2021,2021-08-03 07:00:00,2021-08-03 00:00:00,2021-08-02 23:00:00,82,81.5,61.907,6.6473175361964,52.182,4.008,37.187,30.342,25.284,11.509,2.106,6.837,0,1,1,1,1,1,0,0,0,0
River Complex,2021,2021-08-03 08:00:00,2021-08-03 01:00:00,2021-08-03 00:00:00,83,82.5,61.907,6.6473175361964,52.182,4.008,35.13,25.268,20.963,6.439,2.106,6.837,0,1,1,1,1,0,0,0,0,0
River Complex,2021,2021-08-03 09:00:00,2021-08-03 02:00:00,2021-08-03 01:00:00,84,83.5,61.907,6.6473175361964,52.182,4.008,27.634,21.612,13.14,3.478,2.106,6.837,0,1,1,1,1,0,0,0,0,0
River Complex,2021,2021-08-03 10:00:00,2021-08-03 03:00:00,2021-08-03 02:00:00,85,84.5,61.907,6.6473175361964,52.182,4.008,17.11,10.809,7.982,3.278,2.106,6.837,0,1,1,1,1,0,0,0,0,0
River Complex,2021,2021-08-03 11:00:00,2021-08-03 04:00:00,2021-08-03 03:00:00,86,85.5,61.907,6.6473175361964,52.182,4.008,28.231,16.381,6.908,3.278,2.106,6.837,0,1,1,1,0,0,0,0,0,0
River Complex,2021,2021-08-03 12:00:00,2021-08-03 05:00:00,2021-08-03 04:00:00,87,86.5,61.907,6.6473175361964,52.182,4.008,23.795,17.06,10.352,3.278,2.106,6.837,0,1,1,1,0,0,0,0,0,0
River Complex,2021,2021-08-03 13:00:00,2021-08-03 06:00:00,2021-08-03 05:00:00,88,87.5,61.907,6.6473175361964,52.182,4.008,23.631,16.767,5.472,3.278,2.106,6.837,0,1,1,1,0,0,0,0,0,0
River Complex,2021,2021-08-03 14:00:00,2021-08-03 07:00:00,2021-08-03 06:00:00,89,88.5,61.907,6.6473175361964,52.182,4.008,9.797,5.288,5.472,3.278,2.106,6.837,0,1,1,0,0,0,0,0,0,0
River Complex,2021,2021-08-03 15:00:00,2021-08-03 08:00:00,2021-08-03 07:00:00,90,89.5,61.907,6.6473175361964,52.182,4.008,9.797,5.288,5.472,3.278,2.106,6.837,0,0,0,0,0,0,0,0,0,0
River Complex,2021,2021-08-03 16:00:00,2021-08-03 09:00:00,2021-08-03 08:00:00,91,90.5,61.907,6.6473175361964,52.182,4.008,15.317,8.541,5.472,3.278,2.106,6.837,0,1,1,0,0,0,0,0,0,0
River Complex,2021,2021-08-03 17:00:00,2021-08-03 10:00:00,2021-08-03 09:00:00,92,91.5,61.907,6.6473175361964,52.182,4.008,22.263,14.376,5.243,3.278,2.106,6.837,0,1,1,1,0,0,0,0,0,0
River Complex,2021,2021-08-03 18:00:00,2021-08-03 11:00:00,2021-08-03 10:00:00,93,92.5,61.907,6.6473175361964,52.182,4.008,28.598,23.8,15.846,2.913,2.106,6.837,0,1,1,1,1,0,0,0,0,0
River Complex,2021,2021-08-03 19:00:00,2021-08-03 12:00:00,2021-08-03 11:00:00,94,93.5,61.907,6.6473175361964,52.182,4.008,34.397,33.835,30.845,14.325,2.397,6.837,1,1,1,1,1,1,0,0,0,0
River Complex,2021,2021-08-03 20:00:00,2021-08-03 13:00:00,2021-08-03 12:00:00,95,94.5,62.201,6.67888603984933,52.28,11.019,48.8,45.851,35.777,20.867,4.21,6.837,1,1,1,1,1,1,0,0.294,0.171,0.073
River Complex,2021,2021-08-03 21:00:00,2021-08-03 14:00:00,2021-08-03 13:00:00,96,95.5,70.365,7.55550258346326,54.958,5.536,51.023,50.061,47.789,33.292,23.442,8.397,1,1,1,1,1,1,1,8.164,1.764,0.741
River Complex,2021,2021-08-03 22:00:00,2021-08-03 15:00:00,2021-08-03 14:00:00,97,96.5,70.723,7.59394314233315,54.981,8.806,49.741,47.865,28.747,13.895,4.922,8.397,0,1,1,1,1,1,0,0.358,0.168,0.065
River Complex,2021,2021-08-03 23:00:00,2021-08-03 16:00:00,2021-08-03 15:00:00,98,97.5,70.723,7.59394314233315,54.981,8.806,48.824,42.138,28.814,10.804,4.922,8.397,0,1,1,1,1,0,0,0,0,0
River Complex,2021,2021-08-04 00:00:00,2021-08-03 17:00:00,2021-08-03 16:00:00,99,98.5,70.723,7.59394314233315,54.981,8.806,51.412,48.791,44.218,23.031,8.425,8.397,0,1,1,1,1,1,0,0,0,0
River Complex,2021,2021-08-04 01:00:00,2021-08-03 18:00:00,2021-08-03 17:00:00,100,99.5,70.723,7.59394314233315,54.981,8.806,51.412,48.714,41.331,25.229,6.433,8.397,0,1,1,1,1,1,0,0,0,0
River Complex,2021,2021-08-04 02:00:00,2021-08-03 19:00:00,2021-08-03 18:00:00,101,100.5,70.723,7.59394314233315,54.981,8.806,47.999,43.532,34.055,17.481,0.859,8.397,0,1,1,1,1,1,0,0,0,0
River Complex,2021,2021-08-04 03:00:00,2021-08-03 20:00:00,2021-08-03 19:00:00,102,101.5,70.723,7.59394314233315,54.981,8.806,39.541,37.198,27.921,15.031,1.838,8.397,0,1,1,1,1,1,0,0,0,0
River Complex,2021,2021-08-04 04:00:00,2021-08-03 21:00:00,2021-08-03 20:00:00,103,102.5,70.723,7.59394314233315,54.981,8.806,36.033,29.042,21.161,11.21,5.097,2.267,0,1,1,1,1,1,1,0,0,0
River Complex,2021,2021-08-04 05:00:00,2021-08-03 22:00:00,2021-08-03 21:00:00,104,103.5,70.723,7.59394314233315,54.981,8.806,32.972,27.97,21.161,11.21,5.097,2.267,0,1,1,1,1,1,1,0,0,0
River Complex,2021,2021-08-04 06:00:00,2021-08-03 23:00:00,2021-08-03 22:00:00,105,104.5,70.723,7.59394314233315,54.981,8.806,27.853,26.515,23.971,15.733,7.529,2.619,0,1,1,1,1,1,1,0,0,0
River Complex,2021,2021-08-04 07:00:00,2021-08-04 00:00:00,2021-08-03 23:00:00,106,105.5,70.723,7.59394314233315,54.981,8.806,35.851,32.466,26.005,13.478,7.529,2.619,0,1,1,1,1,1,1,0,0,0
River Complex,2021,2021-08-04 08:00:00,2021-08-04 01:00:00,2021-08-04 00:00:00,107,106.5,70.723,7.59394314233315,54.981,8.806,30.044,27.621,22.595,11.429,2.901,2.619,0,1,1,1,1,1,0,0,0,0
River Complex,2021,2021-08-04 09:00:00,2021-08-04 02:00:00,2021-08-04 01:00:00,108,107.5,70.723,7.59394314233315,54.981,8.806,35.17,30.246,17.234,0.742,2.901,2.619,0,1,1,1,1,0,0,0,0,0
River Complex,2021,2021-08-04 10:00:00,2021-08-04 03:00:00,2021-08-04 02:00:00,109,108.5,70.723,7.59394314233315,54.981,8.806,24.382,20.158,10.471,0.742,2.901,2.619,0,1,1,1,0,0,0,0,0,0
River Complex,2021,2021-08-04 11:00:00,2021-08-04 04:00:00,2021-08-04 03:00:00,110,109.5,70.723,7.59394314233315,54.981,8.806,28.675,24.868,14.983,3.66,2.901,2.619,1,1,1,1,1,0,0,0,0,0
River Complex,2021,2021-08-04 12:00:00,2021-08-04 05:00:00,2021-08-04 04:00:00,111,110.5,75.951,8.15530415286887,56.463,1.346,20.746,18.244,13.514,6.975,1.204,2.619,1,1,1,1,1,1,0,5.228,1.466,0.594
River Complex,2021,2021-08-04 13:00:00,2021-08-04 06:00:00,2021-08-04 05:00:00,112,111.5,76.032,8.16400159775284,56.519,9.29,17.313,15.302,11.373,6.856,2.205,0.733,0,1,1,1,1,1,1,0.081,0.11,0.06
River Complex,2021,2021-08-04 14:00:00,2021-08-04 07:00:00,2021-08-04 06:00:00,113,112.5,76.032,8.16400159775284,56.519,9.29,24.739,21.957,14.292,0.79,2.205,0.733,0,1,1,1,1,0,0,0,0,0
River Complex,2021,2021-08-04 15:00:00,2021-08-04 08:00:00,2021-08-04 07:00:00,114,113.5,76.032,8.16400159775284,56.519,9.29,20.604,18.291,12.288,3.036,2.205,0.733,1,1,1,1,1,0,0,0,0,0
River Complex,2021,2021-08-04 16:00:00,2021-08-04 09:00:00,2021-08-04 08:00:00,115,114.5,88.782,9.53304384800732,61.7,4.276,28.451,25.987,19.683,13.063,7.334,4.786,1,1,1,1,1,1,1,12.75,2.943,1.372
River Complex,2021,2021-08-04 17:00:00,2021-08-04 10:00:00,2021-08-04 09:00:00,116,115.5,89.041,9.56085419646347,61.829,6.201,36.655,34.14,22.345,14.307,8.992,6.56,0,1,1,1,1,1,1,0.259,0.148,0.061
River Complex,2021,2021-08-04 18:00:00,2021-08-04 11:00:00,2021-08-04 10:00:00,117,116.5,89.041,9.56085419646347,61.829,6.201,48.171,43.088,26.835,15.775,5.64,0.741,1,1,1,1,1,1,1,0,0,0
River Complex,2021,2021-08-04 19:00:00,2021-08-04 12:00:00,2021-08-04 11:00:00,118,117.5,89.522,9.61250198645346,61.957,5.518,52.566,48.561,38.763,26.023,14.341,6.55,1,1,1,1,1,1,1,0.481,0.138,0.078
River Complex,2021,2021-08-04 20:00:00,2021-08-04 13:00:00,2021-08-04 12:00:00,119,118.5,91.021,9.77345840473828,62.823,5.643,57.644,55.866,51.851,41.971,29.751,14.885,1,1,1,1,1,1,1,1.499,0.878,0.272
River Complex,2021,2021-08-04 21:00:00,2021-08-04 14:00:00,2021-08-04 13:00:00,120,119.5,95.929,10.3004591391892,65.078,4.919,61.142,60.18,57.908,45.572,36.961,13.075,1,1,1,1,1,1,1,4.908,2.021,0.87
River Complex,2021,2021-08-04 22:00:00,2021-08-04 15:00:00,2021-08-04 14:00:00,121,120.5,96.117,10.320645801389,65.197,23.205,61.261,60.299,58.027,48.304,40.499,8.277,1,1,1,1,1,1,1,0.188,0.106,0.038
River Complex,2021,2021-08-04 23:00:00,2021-08-04 16:00:00,2021-08-04 15:00:00,122,121.5,109.836,11.7937352626628,68.354,7.403,64.418,63.456,60.191,50.993,37.107,8.231,0,1,1,1,1,1,1,13.719,1.921,0.591
River Complex,2021,2021-08-05 00:00:00,2021-08-04 17:00:00,2021-08-04 16:00:00,123,122.5,109.836,11.7937352626628,68.354,7.4,64.078,62.084,55.85,42.758,25.612,8.231,1,1,1,1,1,1,0,0,0,0
River Complex,2021,2021-08-05 01:00:00,2021-08-04 18:00:00,2021-08-04 17:00:00,124,123.5,114.328,12.2760676382035,66.941,7.627,62.561,59.995,53.888,29.436,17.888,8.231,0,1,1,1,1,1,0,4.492,1.378,0.607
River Complex,2021,2021-08-05 02:00:00,2021-08-04 19:00:00,2021-08-04 18:00:00,125,124.5,114.328,12.2760676382035,66.941,7.627,62.561,59.917,41.138,23.826,15.842,8.231,0,1,1,1,1,1,0,0,0,0
River Complex,2021,2021-08-05 03:00:00,2021-08-04 20:00:00,2021-08-04 19:00:00,126,125.5,114.328,12.2760676382035,66.941,7.627,53.395,46.337,34.906,21.548,10.081,8.231,0,1,1,1,1,1,0,0,0,0
River Complex,2021,2021-08-05 04:00:00,2021-08-04 21:00:00,2021-08-04 20:00:00,127,126.5,114.328,12.2760676382035,66.941,7.627,33.977,29.953,20.228,7.501,2.07,8.231,0,1,1,1,1,1,0,0,0,0
River Complex,2021,2021-08-05 05:00:00,2021-08-04 22:00:00,2021-08-04 21:00:00,128,127.5,114.328,12.2760676382035,66.941,7.627,32.65,29.062,16.198,1.167,2.07,8.231,0,1,1,1,1,0,0,0,0,0
River Complex,2021,2021-08-05 06:00:00,2021-08-04 23:00:00,2021-08-04 22:00:00,129,128.5,114.328,12.2760676382035,66.941,7.627,43.225,37.83,25.033,4.151,2.07,8.231,0,1,1,1,1,0,0,0,0,0
River Complex,2021,2021-08-05 07:00:00,2021-08-05 00:00:00,2021-08-04 23:00:00,130,129.5,114.328,12.2760676382035,66.941,7.627,43.434,35.626,23.88,3.715,2.07,8.231,1,1,1,1,1,0,0,0,0,0
River Complex,2021,2021-08-05 08:00:00,2021-08-05 01:00:00,2021-08-05 00:00:00,131,130.5,115.947,12.4499091600201,67.143,4.986,38.227,34.487,27.006,12.753,5.175,3.077,0,1,1,1,1,1,1,1.619,0.399,0.212
River Complex,2021,2021-08-05 09:00:00,2021-08-05 02:00:00,2021-08-05 01:00:00,132,131.5,115.947,12.4499091600201,67.143,4.986,32.644,28.052,16.38,12.753,5.175,3.077,0,1,1,1,0,0,0,0,0,0
River Complex,2021,2021-08-05 10:00:00,2021-08-05 03:00:00,2021-08-05 02:00:00,133,132.5,115.947,12.4499091600201,67.143,4.986,27.048,22.086,10.317,12.753,5.175,3.077,0,1,1,1,0,0,0,0,0,0
River Complex,2021,2021-08-05 11:00:00,2021-08-05 04:00:00,2021-08-05 03:00:00,134,133.5,115.947,12.4499091600201,67.143,4.986,35.72,29.668,16.03,4.393,5.175,3.077,0,1,1,1,1,0,0,0,0,0
River Complex,2021,2021-08-05 12:00:00,2021-08-05 05:00:00,2021-08-05 04:00:00,135,134.5,115.947,12.4499091600201,67.143,4.986,27.409,21.925,8.549,4.393,5.175,3.077,0,1,1,1,0,0,0,0,0,0
River Complex,2021,2021-08-05 13:00:00,2021-08-05 06:00:00,2021-08-05 05:00:00,136,135.5,115.947,12.4499091600201,67.143,4.986,4.39,3.688,1.317,4.393,5.175,3.077,0,1,1,1,0,0,0,0,0,0
River Complex,2021,2021-08-05 14:00:00,2021-08-05 07:00:00,2021-08-05 06:00:00,137,136.5,115.947,12.4499091600201,67.143,4.986,4.39,3.688,1.317,4.393,5.175,3.077,0,1,1,1,0,0,0,0,0,0
River Complex,2021,2021-08-05 15:00:00,2021-08-05 08:00:00,2021-08-05 07:00:00,138,137.5,115.947,12.4499091600201,67.143,4.986,14.739,11.932,6.512,4.393,5.175,3.077,0,1,1,1,0,0,0,0,0,0
River Complex,2021,2021-08-05 16:00:00,2021-08-05 09:00:00,2021-08-05 08:00:00,139,138.5,115.947,12.4499091600201,67.143,4.986,8.641,6.475,0.451,4.393,5.175,3.077,0,1,1,1,0,0,0,0,0,0
River Complex,2021,2021-08-05 17:00:00,2021-08-05 10:00:00,2021-08-05 09:00:00,140,139.5,115.947,12.4499091600201,67.143,4.986,8.124,6.04,2.725,4.393,5.175,3.077,0,1,1,1,0,0,0,0,0,0
River Complex,2021,2021-08-05 18:00:00,2021-08-05 11:00:00,2021-08-05 10:00:00,141,140.5,115.947,12.4499091600201,67.143,4.986,4.16,3.196,2.725,4.393,5.175,3.077,0,1,1,0,0,0,0,0,0,0
River Complex,2021,2021-08-05 19:00:00,2021-08-05 12:00:00,2021-08-05 11:00:00,142,141.5,115.947,12.4499091600201,67.143,4.986,7.094,5.929,3.753,4.393,5.175,3.077,0,1,1,1,0,0,0,0,0,0
River Complex,2021,2021-08-05 20:00:00,2021-08-05 13:00:00,2021-08-05 12:00:00,143,142.5,115.947,12.4499091600201,67.143,4.986,32.138,27.228,20.379,8.965,0.528,3.077,0,1,1,1,1,1,0,0,0,0
River Complex,2021,2021-08-05 21:00:00,2021-08-05 14:00:00,2021-08-05 13:00:00,144,143.5,115.947,12.4499091600201,67.143,4.986,34.289,28.643,21.824,12.222,3.699,3.077,0,1,1,1,1,1,0,0,0,0
River Complex,2021,2021-08-05 22:00:00,2021-08-05 15:00:00,2021-08-05 14:00:00,145,144.5,115.947,12.4499091600201,67.143,4.986,34.411,29.004,19.687,10.727,3.699,3.077,0,1,1,1,1,1,0,0,0,0
River Complex,2021,2021-08-05 23:00:00,2021-08-05 16:00:00,2021-08-05 15:00:00,146,145.5,115.947,12.4499091600201,67.143,4.986,52.759,45.333,26.394,10.727,3.699,3.077,1,1,1,1,0,0,0,0,0,0
River Complex,2021,2021-08-06 00:00:00,2021-08-05 17:00:00,2021-08-05 16:00:00,147,146.5,116.61,12.5210993570333,67.59,3.388,29.017,26.551,20.981,8.063,3.699,3.077,0,1,1,1,1,0,0,0.663,0.3,0.133
River Complex,2021,2021-08-06 01:00:00,2021-08-05 18:00:00,2021-08-05 17:00:00,148,147.5,116.61,12.5210993570333,67.59,3.388,27.819,19.185,12.697,8.063,3.699,3.077,1,1,1,1,0,0,0,0,0,0
River Complex,2021,2021-08-06 02:00:00,2021-08-05 19:00:00,2021-08-05 18:00:00,149,148.5,117.429,12.6090401886379,68.336,3.763,23.96,17.29,10.844,8.063,3.699,3.077,1,1,1,1,0,0,0,0.819,0.67,0.242
River Complex,2021,2021-08-06 03:00:00,2021-08-05 20:00:00,2021-08-05 19:00:00,150,149.5,117.55,12.6220326680325,68.388,9.431,29.992,22.381,16.076,1.979,3.699,3.077,0,1,1,1,1,0,0,0.121,0.061,0.032
River Complex,2021,2021-08-06 04:00:00,2021-08-05 21:00:00,2021-08-05 20:00:00,151,150.5,117.55,12.6220326680325,68.388,9.431,15.736,14.918,12.59,3.278,3.699,3.077,0,1,1,1,1,0,0,0,0,0
River Complex,2021,2021-08-06 05:00:00,2021-08-05 22:00:00,2021-08-05 21:00:00,152,151.5,117.55,12.6220326680325,68.388,9.431,11.988,9.742,7.985,2.47,3.699,3.077,0,1,1,1,1,0,0,0,0,0
River Complex,2021,2021-08-06 06:00:00,2021-08-05 23:00:00,2021-08-05 22:00:00,153,152.5,117.55,12.6220326680325,68.388,9.431,21.754,18.496,12.356,3.278,3.699,3.077,1,1,1,1,1,0,0,0,0,0
River Complex,2021,2021-08-06 07:00:00,2021-08-06 00:00:00,2021-08-05 23:00:00,154,153.5,119.645,12.8469851005253,69.745,11.429,11.098,11.098,11.098,7.29,4.802,3.077,0,1,1,1,1,1,0,2.095,0.728,0.222
River Complex,2021,2021-08-06 08:00:00,2021-08-06 01:00:00,2021-08-06 00:00:00,155,154.5,119.645,12.8469851005253,69.745,11.429,11.098,11.098,11.078,5.703,0.953,3.077,0,1,1,1,1,1,0,0,0,0
River Complex,2021,2021-08-06 09:00:00,2021-08-06 02:00:00,2021-08-06 01:00:00,156,155.5,119.645,12.8469851005253,69.745,11.429,16.52,14.571,11.078,4.13,0.953,3.077,0,1,1,1,1,0,0,0,0,0
River Complex,2021,2021-08-06 10:00:00,2021-08-06 03:00:00,2021-08-06 02:00:00,157,156.5,119.645,12.8469851005253,69.745,11.429,14.003,7.62,1.535,4.13,0.953,3.077,0,1,1,1,0,0,0,0,0,0
River Complex,2021,2021-08-06 11:00:00,2021-08-06 04:00:00,2021-08-06 03:00:00,158,157.5,119.645,12.8469851005253,69.745,11.429,13.324,11.484,3.561,4.13,0.953,3.077,0,1,1,1,0,0,0,0,0,0
River Complex,2021,2021-08-06 12:00:00,2021-08-06 05:00:00,2021-08-06 04:00:00,159,158.5,119.645,12.8469851005253,69.745,11.429,15.16,14.388,6.989,4.13,0.953,3.077,0,1,1,1,0,0,0,0,0,0
River Complex,2021,2021-08-06 13:00:00,2021-08-06 06:00:00,2021-08-06 05:00:00,160,159.5,119.645,12.8469851005253,69.745,11.422,21.928,20.096,9.994,1.917,0.953,3.077,0,1,1,1,1,0,0,0,0,0
River Complex,2021,2021-08-06 14:00:00,2021-08-06 07:00:00,2021-08-06 06:00:00,161,160.5,119.645,12.8469851005253,69.745,11.429,21.561,19.811,14.438,2.304,0.953,3.077,0,1,1,1,1,0,0,0,0,0
River Complex,2021,2021-08-06 15:00:00,2021-08-06 08:00:00,2021-08-06 07:00:00,162,161.5,119.645,12.8469851005253,69.745,11.429,21.65,18.9,11.366,2.938,0.953,3.077,0,1,1,1,1,0,0,0,0,0
River Complex,2021,2021-08-06 16:00:00,2021-08-06 09:00:00,2021-08-06 08:00:00,163,162.5,119.645,12.8469851005253,69.745,11.429,28.05,24.257,16.615,1.668,0.953,3.077,0,1,1,1,1,0,0,0,0,0
River Complex,2021,2021-08-06 17:00:00,2021-08-06 10:00:00,2021-08-06 09:00:00,164,163.5,119.645,12.8469851005253,69.745,11.429,17.27,16.055,11.877,6.975,0.301,3.077,0,1,1,1,1,1,0,0,0,0
River Complex,2021,2021-08-06 18:00:00,2021-08-06 11:00:00,2021-08-06 10:00:00,165,164.5,119.645,12.8469851005253,69.745,11.429,15.491,13.498,5.856,6.975,0.301,3.077,0,1,1,1,0,0,0,0,0,0
River Complex,2021,2021-08-06 19:00:00,2021-08-06 12:00:00,2021-08-06 11:00:00,166,165.5,119.645,12.8469851005253,69.745,11.429,17.27,16.055,11.877,7.29,2.071,3.077,0,1,1,1,1,1,0,0,0,0
River Complex,2021,2021-08-06 20:00:00,2021-08-06 13:00:00,2021-08-06 12:00:00,167,166.5,119.645,12.8469851005253,69.745,11.429,17.27,16.212,13.525,7.06,0.708,3.077,0,1,1,1,1,1,0,0,0,0
River Complex,2021,2021-08-06 21:00:00,2021-08-06 14:00:00,2021-08-06 13:00:00,168,167.5,119.645,12.8469851005253,69.745,11.429,19.21,18.307,14.518,1.582,0.708,3.077,0,1,1,1,1,0,0,0,0,0
River Complex,2021,2021-08-06 22:00:00,2021-08-06 15:00:00,2021-08-06 14:00:00,169,168.5,119.645,12.8469851005253,69.745,11.429,19.452,18.793,15.766,4.131,0.708,3.077,0,1,1,1,1,0,0,0,0,0
River Complex,2021,2021-08-06 23:00:00,2021-08-06 16:00:00,2021-08-06 15:00:00,170,169.5,119.645,12.8469851005253,69.745,11.429,17.726,17.029,13.366,3.492,0.708,3.077,0,1,1,1,1,0,0,0,0,0
River Complex,2021,2021-08-07 00:00:00,2021-08-06 17:00:00,2021-08-06 16:00:00,171,170.5,119.645,12.8469851005253,69.745,11.429,21.555,20.736,13.817,3.492,0.708,3.077,0,1,1,1,1,0,0,0,0,0
River Complex,2021,2021-08-07 01:00:00,2021-08-06 18:00:00,2021-08-06 17:00:00,172,171.5,119.645,12.8469851005253,69.745,11.429,21.555,20.736,13.415,2.46,0.708,3.077,0,1,1,1,1,0,0,0,0,0
River Complex,2021,2021-08-07 02:00:00,2021-08-06 19:00:00,2021-08-06 18:00:00,173,172.5,119.645,12.8469851005253,69.745,11.429,24.518,20.677,11.451,1.068,0.708,3.077,0,1,1,1,1,0,0,0,0,0
River Complex,2021,2021-08-07 03:00:00,2021-08-06 20:00:00,2021-08-06 19:00:00,174,173.5,119.645,12.8469851005253,69.745,11.429,25.156,20.677,8.06,1.068,0.708,3.077,0,1,1,1,0,0,0,0,0,0
River Complex,2021,2021-08-07 04:00:00,2021-08-06 21:00:00,2021-08-06 20:00:00,175,174.5,119.645,12.8469851005253,69.745,11.422,29.716,23.184,10.882,4.846,0.83,3.077,0,1,1,1,1,1,0,0,0,0
River Complex,2021,2021-08-07 05:00:00,2021-08-06 22:00:00,2021-08-06 21:00:00,176,175.5,119.645,12.8469851005253,69.745,11.422,25.475,20.315,12.877,6.081,0.83,3.077,0,1,1,1,1,0,0,0,0,0
River Complex,2021,2021-08-07 06:00:00,2021-08-06 23:00:00,2021-08-06 22:00:00,177,176.5,119.645,12.8469851005253,69.745,11.429,24.378,19.032,11.118,4.723,0.83,3.077,0,1,1,1,1,0,0,0,0,0
River Complex,2021,2021-08-07 07:00:00,2021-08-07 00:00:00,2021-08-06 23:00:00,178,177.5,119.645,12.8469851005253,69.745,11.429,30.929,26.107,14.338,1.724,0.83,3.077,0,1,1,1,1,0,0,0,0,0
River Complex,2021,2021-08-07 08:00:00,2021-08-07 01:00:00,2021-08-07 00:00:00,179,178.5,119.645,12.8469851005253,69.745,11.422,15.125,11.564,5.969,3.121,0.83,3.077,0,1,1,1,1,1,0,0,0,0
River Complex,2021,2021-08-07 09:00:00,2021-08-07 02:00:00,2021-08-07 01:00:00,180,179.5,119.645,12.8469851005253,69.745,11.429,5.422,3.474,5.969,3.121,0.83,3.077,0,1,1,0,0,0,0,0,0,0
River Complex,2021,2021-08-07 10:00:00,2021-08-07 03:00:00,2021-08-07 02:00:00,181,180.5,119.645,12.8469851005253,69.745,11.429,8.184,7.033,4.33,3.121,0.83,3.077,0,1,1,1,0,0,0,0,0,0
River Complex,2021,2021-08-07 11:00:00,2021-08-07 04:00:00,2021-08-07 03:00:00,182,181.5,119.645,12.8469851005253,69.745,11.429,14.584,12.456,6.607,3.121,0.83,3.077,0,1,1,1,0,0,0,0,0,0
River Complex,2021,2021-08-07 12:00:00,2021-08-07 05:00:00,2021-08-07 04:00:00,183,182.5,119.645,12.8469851005253,69.745,11.422,20.579,17.548,9.425,3.121,0.83,3.077,0,1,1,1,0,0,0,0,0,0
River Complex,2021,2021-08-07 13:00:00,2021-08-07 06:00:00,2021-08-07 05:00:00,184,183.5,119.645,12.8469851005253,69.745,11.429,17.604,15.243,7.148,3.121,0.83,3.077,0,1,1,1,0,0,0,0,0,0
River Complex,2021,2021-08-07 14:00:00,2021-08-07 07:00:00,2021-08-07 06:00:00,185,184.5,119.645,12.8469851005253,69.745,11.429,14.919,12.786,8.132,1.741,0.83,3.077,0,1,1,1,1,0,0,0,0,0
River Complex,2021,2021-08-07 15:00:00,2021-08-07 08:00:00,2021-08-07 07:00:00,186,185.5,119.645,12.8469851005253,69.745,11.429,14.655,12.342,6.992,1.741,0.83,3.077,0,1,1,1,1,0,0,0,0,0
River Complex,2021,2021-08-07 16:00:00,2021-08-07 09:00:00,2021-08-07 08:00:00,187,186.5,119.645,12.8469851005253,69.745,11.429,14.655,12.342,6.992,1.741,0.83,3.077,0,1,1,1,1,0,0,0,0,0
River Complex,2021,2021-08-07 17:00:00,2021-08-07 10:00:00,2021-08-07 09:00:00,188,187.5,119.645,12.8469851005253,69.745,11.429,6.584,5.6,3.7,1.23,0.83,3.077,0,1,1,1,1,0,0,0,0,0
River Complex,2021,2021-08-07 18:00:00,2021-08-07 11:00:00,2021-08-07 10:00:00,189,188.5,119.645,12.8469851005253,69.745,11.422,6.172,4.958,0.779,1.23,0.83,3.077,0,1,1,1,0,0,0,0,0,0
River Complex,2021,2021-08-07 19:00:00,2021-08-07 12:00:00,2021-08-07 11:00:00,190,189.5,119.645,12.8469851005253,69.745,11.429,6.4,5.422,2.277,1.23,0.83,3.077,0,1,1,1,0,0,0,0,0,0
River Complex,2021,2021-08-07 20:00:00,2021-08-07 13:00:00,2021-08-07 12:00:00,191,190.5,119.645,12.8469851005253,69.745,11.429,8.132,7.293,5.028,1.23,0.83,3.077,0,1,1,1,0,0,0,0,0,0
River Complex,2021,2021-08-07 21:00:00,2021-08-07 14:00:00,2021-08-07 13:00:00,192,191.5,119.645,12.8469851005253,69.745,11.429,16.75,13.981,7.19,1.724,0.83,3.077,1,1,1,1,1,0,0,0,0,0
River Complex,2021,2021-08-07 22:00:00,2021-08-07 15:00:00,2021-08-07 14:00:00,193,192.5,124.725,13.3924544833718,71.089,14.526,34.721,29.72,19.366,7.736,3.048,3.077,0,1,1,1,1,1,0,5.08,1.178,0.444
River Complex,2021,2021-08-07 23:00:00,2021-08-07 16:00:00,2021-08-07 15:00:00,194,193.5,124.725,13.3924544833718,71.089,14.519,40.534,38.356,29.766,5.473,3.048,3.077,0,1,1,1,1,0,0,0,0,0
River Complex,2021,2021-08-08 00:00:00,2021-08-07 17:00:00,2021-08-07 16:00:00,195,194.5,124.725,13.3924544833718,71.089,14.518,25.484,21.248,12.522,4.084,3.048,3.077,0,1,1,1,1,0,0,0,0,0
River Complex,2021,2021-08-08 01:00:00,2021-08-07 18:00:00,2021-08-07 17:00:00,196,195.5,124.725,13.3924544833718,71.089,14.526,26.634,24.229,19.399,7.99,3.048,3.077,0,1,1,1,1,0,0,0,0,0
River Complex,2021,2021-08-08 02:00:00,2021-08-07 19:00:00,2021-08-07 18:00:00,197,196.5,124.725,13.3924544833718,71.089,14.518,28.895,26.681,20.158,7.172,3.048,3.077,0,1,1,1,1,0,0,0,0,0
River Complex,2021,2021-08-08 03:00:00,2021-08-07 20:00:00,2021-08-07 19:00:00,198,197.5,124.725,13.3924544833718,71.089,14.519,27.904,23.677,16.772,4.813,3.048,3.077,0,1,1,1,1,0,0,0,0,0
River Complex,2021,2021-08-08 04:00:00,2021-08-07 21:00:00,2021-08-07 20:00:00,199,198.5,124.725,13.3924544833718,71.089,14.526,28.982,25.973,18.06,1.125,3.048,3.077,0,1,1,1,1,0,0,0,0,0
River Complex,2021,2021-08-08 05:00:00,2021-08-07 22:00:00,2021-08-07 21:00:00,200,199.5,124.725,13.3924544833718,71.089,14.526,25.407,21.878,10.878,1.125,3.048,3.077,0,1,1,1,0,0,0,0,0,0
River Complex,2021,2021-08-08 06:00:00,2021-08-07 23:00:00,2021-08-07 22:00:00,201,200.5,124.725,13.3924544833718,71.089,14.518,24.775,19.886,10.878,1.125,3.048,3.077,0,1,1,1,0,0,0,0,0,0
River Complex,2021,2021-08-08 07:00:00,2021-08-08 00:00:00,2021-08-07 23:00:00,202,201.5,124.725,13.3924544833718,71.089,14.519,13.562,11.381,6.101,1.125,3.048,3.077,0,1,1,1,0,0,0,0,0,0
River Complex,2021,2021-08-08 08:00:00,2021-08-08 01:00:00,2021-08-08 00:00:00,203,202.5,124.725,13.3924544833718,71.089,14.526,13.003,10.017,4.36,1.125,3.048,3.077,0,1,1,1,0,0,0,0,0,0
River Complex,2021,2021-08-08 09:00:00,2021-08-08 02:00:00,2021-08-08 01:00:00,204,203.5,124.725,13.3924544833718,71.089,14.519,8.227,7.062,4.36,1.125,3.048,3.077,0,1,1,1,0,0,0,0,0,0
River Complex,2021,2021-08-08 10:00:00,2021-08-08 03:00:00,2021-08-08 02:00:00,205,204.5,124.725,13.3924544833718,71.089,14.519,4.776,2.954,4.36,1.125,3.048,3.077,0,1,1,0,0,0,0,0,0,0
River Complex,2021,2021-08-08 11:00:00,2021-08-08 04:00:00,2021-08-08 03:00:00,206,205.5,124.725,13.3924544833718,71.089,14.519,4.776,2.954,4.36,1.125,3.048,3.077,0,1,1,0,0,0,0,0,0,0
River Complex,2021,2021-08-08 12:00:00,2021-08-08 05:00:00,2021-08-08 04:00:00,207,206.5,124.725,13.3924544833718,71.089,14.526,6.4,5.422,2.277,1.125,3.048,3.077,0,1,1,1,0,0,0,0,0,0
River Complex,2021,2021-08-08 13:00:00,2021-08-08 06:00:00,2021-08-08 05:00:00,208,207.5,124.725,13.3924544833718,71.089,14.519,6.4,5.422,2.277,1.125,3.048,3.077,0,1,1,1,0,0,0,0,0,0
River Complex,2021,2021-08-08 14:00:00,2021-08-08 07:00:00,2021-08-08 06:00:00,209,208.5,124.725,13.3924544833718,71.089,14.519,13.649,10.536,4.36,1.125,3.048,3.077,0,1,1,1,0,0,0,0,0,0
River Complex,2021,2021-08-08 15:00:00,2021-08-08 08:00:00,2021-08-08 07:00:00,210,209.5,124.725,13.3924544833718,71.089,14.518,16.935,14.866,9.334,2.719,3.048,3.077,0,1,1,1,1,0,0,0,0,0
River Complex,2021,2021-08-08 16:00:00,2021-08-08 09:00:00,2021-08-08 08:00:00,211,210.5,124.725,13.3924544833718,71.089,14.519,4.859,3.655,1.486,2.719,3.048,3.077,0,1,1,1,0,0,0,0,0,0
River Complex,2021,2021-08-08 17:00:00,2021-08-08 10:00:00,2021-08-08 09:00:00,212,211.5,124.725,13.3924544833718,71.089,14.519,6.4,5.422,2.277,2.719,3.048,3.077,0,1,1,1,0,0,0,0,0,0
River Complex,2021,2021-08-08 18:00:00,2021-08-08 11:00:00,2021-08-08 10:00:00,213,212.5,124.725,13.3924544833718,71.089,14.519,13.457,10.895,5.18,2.719,3.048,3.077,0,1,1,1,0,0,0,0,0,0
River Complex,2021,2021-08-08 19:00:00,2021-08-08 12:00:00,2021-08-08 11:00:00,214,213.5,124.725,13.3924544833718,71.089,14.518,11.098,11.098,11.098,3.241,3.048,3.077,0,1,1,1,1,0,0,0,0,0
River Complex,2021,2021-08-08 20:00:00,2021-08-08 13:00:00,2021-08-08 12:00:00,215,214.5,124.725,13.3924544833718,71.089,14.519,11.098,11.098,6.974,3.241,3.048,3.077,0,1,1,1,0,0,0,0,0,0
River Complex,2021,2021-08-08 21:00:00,2021-08-08 14:00:00,2021-08-08 13:00:00,216,215.5,124.725,13.3924544833718,71.089,14.519,11.098,11.098,6.974,3.241,3.048,3.077,1,1,1,1,0,0,0,0,0,0
River Complex,2021,2021-08-08 22:00:00,2021-08-08 15:00:00,2021-08-08 14:00:00,217,216.5,131.743,14.1460182882569,73.335,8.34,20.301,18.268,12.315,5.112,3.048,3.077,1,1,1,1,1,0,0,7.018,1.369,0.483
River Complex,2021,2021-08-08 23:00:00,2021-08-08 16:00:00,2021-08-08 15:00:00,218,217.5,133.193,14.3017132892663,75.148,9.203,29.961,27.285,20.799,11.125,1.063,3.077,0,1,1,1,1,1,0,1.45,0.936,0.174
River Complex,2021,2021-08-09 00:00:00,2021-08-08 17:00:00,2021-08-08 16:00:00,219,218.5,133.193,14.3017132892663,75.148,9.203,19.915,19.085,17.048,5.66,1.063,3.077,0,1,1,1,1,0,0,0,0,0
River Complex,2021,2021-08-09 01:00:00,2021-08-08 18:00:00,2021-08-08 17:00:00,220,219.5,133.193,14.3017132892663,75.148,9.202,24.912,23.036,13.191,4.196,1.063,3.077,1,1,1,1,1,0,0,0,0,0
River Complex,2021,2021-08-09 02:00:00,2021-08-08 19:00:00,2021-08-08 18:00:00,221,220.5,135.479,14.5471745115472,75.749,7.373,31.315,25.733,14.214,0.718,1.063,3.077,0,1,1,1,1,0,0,2.286,0.531,0.248
River Complex,2021,2021-08-09 03:00:00,2021-08-08 20:00:00,2021-08-08 19:00:00,222,221.5,135.479,14.5471745115472,75.749,7.373,34.933,28.212,16.882,1.724,1.063,3.077,0,1,1,1,1,0,0,0,0,0
River Complex,2021,2021-08-09 04:00:00,2021-08-08 21:00:00,2021-08-08 20:00:00,223,222.5,135.479,14.5471745115472,75.749,7.373,28.496,21.953,7.889,1.724,1.063,3.077,0,1,1,1,0,0,0,0,0,0
River Complex,2021,2021-08-09 05:00:00,2021-08-08 22:00:00,2021-08-08 21:00:00,224,223.5,135.479,14.5471745115472,75.749,7.373,12.086,9.571,4.732,1.696,1.063,3.077,0,1,1,1,1,0,0,0,0,0
River Complex,2021,2021-08-09 06:00:00,2021-08-08 23:00:00,2021-08-08 22:00:00,225,224.5,135.479,14.5471745115472,75.749,7.373,11.807,9.369,4.545,1.387,1.063,3.077,0,1,1,1,1,0,0,0,0,0
River Complex,2021,2021-08-09 07:00:00,2021-08-09 00:00:00,2021-08-08 23:00:00,226,225.5,135.479,14.5471745115472,75.749,7.373,13.628,10.887,4.12,1.387,1.063,3.077,0,1,1,1,0,0,0,0,0,0
River Complex,2021,2021-08-09 08:00:00,2021-08-09 01:00:00,2021-08-09 00:00:00,227,226.5,135.479,14.5471745115472,75.749,7.373,13.628,10.887,4.12,1.387,1.063,3.077,0,0,0,0,0,0,0,0,0,0
River Complex,2021,2021-08-09 09:00:00,2021-08-09 02:00:00,2021-08-09 01:00:00,228,227.5,135.479,14.5471745115472,75.749,7.373,5.422,3.474,4.12,1.387,1.063,3.077,0,1,1,0,0,0,0,0,0,0
River Complex,2021,2021-08-09 10:00:00,2021-08-09 03:00:00,2021-08-09 02:00:00,229,228.5,135.479,14.5471745115472,75.749,7.373,5.422,3.474,4.12,1.387,1.063,3.077,0,1,1,0,0,0,0,0,0,0
River Complex,2021,2021-08-09 11:00:00,2021-08-09 04:00:00,2021-08-09 03:00:00,230,229.5,135.479,14.5471745115472,75.749,7.373,5.422,3.474,4.12,1.387,1.063,3.077,0,1,1,0,0,0,0,0,0,0
River Complex,2021,2021-08-09 12:00:00,2021-08-09 05:00:00,2021-08-09 04:00:00,231,230.5,135.479,14.5471745115472,75.749,7.373,5.422,3.474,4.12,1.387,1.063,3.077,0,0,0,0,0,0,0,0,0,0
River Complex,2021,2021-08-09 13:00:00,2021-08-09 06:00:00,2021-08-09 05:00:00,232,231.5,135.479,14.5471745115472,75.749,7.373,5.422,3.474,4.12,1.387,1.063,3.077,0,0,0,0,0,0,0,0,0,0
River Complex,2021,2021-08-09 14:00:00,2021-08-09 07:00:00,2021-08-09 06:00:00,233,232.5,135.479,14.5471745115472,75.749,7.373,11.555,9.249,3.851,1.387,1.063,3.077,0,1,1,1,0,0,0,0,0,0
River Complex,2021,2021-08-09 15:00:00,2021-08-09 08:00:00,2021-08-09 07:00:00,234,233.5,135.479,14.5471745115472,75.749,7.373,6.4,5.422,2.277,1.387,1.063,3.077,0,1,1,1,0,0,0,0,0,0
River Complex,2021,2021-08-09 16:00:00,2021-08-09 09:00:00,2021-08-09 08:00:00,235,234.5,135.479,14.5471745115472,75.749,7.373,6.4,5.422,2.277,1.387,1.063,3.077,0,1,1,1,0,0,0,0,0,0
River Complex,2021,2021-08-09 17:00:00,2021-08-09 10:00:00,2021-08-09 09:00:00,236,235.5,135.479,14.5471745115472,75.749,7.373,6.4,5.422,2.277,1.387,1.063,3.077,0,1,1,1,0,0,0,0,0,0
River Complex,2021,2021-08-09 18:00:00,2021-08-09 11:00:00,2021-08-09 10:00:00,237,236.5,135.479,14.5471745115472,75.749,7.373,15.719,13.963,7.354,1.387,1.063,3.077,0,1,1,1,0,0,0,0,0,0
River Complex,2021,2021-08-09 19:00:00,2021-08-09 12:00:00,2021-08-09 11:00:00,238,237.5,135.479,14.5471745115472,75.749,7.373,11.098,11.098,10.542,3.405,1.063,3.077,0,1,1,1,1,0,0,0,0,0
River Complex,2021,2021-08-09 20:00:00,2021-08-09 13:00:00,2021-08-09 12:00:00,239,238.5,135.479,14.5471745115472,75.749,7.373,15.615,13.803,6.912,3.405,1.063,3.077,0,1,1,1,0,0,0,0,0,0
River Complex,2021,2021-08-09 21:00:00,2021-08-09 14:00:00,2021-08-09 13:00:00,240,239.5,135.479,14.5471745115472,75.749,7.373,25.515,22.161,12.287,2.733,1.063,3.077,0,1,1,1,1,0,0,0,0,0
River Complex,2021,2021-08-09 22:00:00,2021-08-09 15:00:00,2021-08-09 14:00:00,241,240.5,135.479,14.5471745115472,75.749,7.373,24.969,20.695,13.713,5.513,2.171,3.077,1,1,1,1,1,1,0,0,0,0
River Complex,2021,2021-08-09 23:00:00,2021-08-09 16:00:00,2021-08-09 15:00:00,242,241.5,138.896,14.9140778346154,76.087,9.355,22.755,18.925,11.99,5.483,2.1,3.077,0,1,1,1,1,1,0,3.417,0.931,0.463
River Complex,2021,2021-08-10 00:00:00,2021-08-09 17:00:00,2021-08-09 16:00:00,243,242.5,138.896,14.9140778346154,76.087,9.355,30.978,26.83,19.131,6.966,2.1,3.077,0,1,1,1,1,0,0,0,0,0
River Complex,2021,2021-08-10 01:00:00,2021-08-09 18:00:00,2021-08-09 17:00:00,244,243.5,138.896,14.9140778346154,76.087,9.355,19.21,14.73,1.613,6.966,2.1,3.077,0,1,1,1,0,0,0,0,0,0
River Complex,2021,2021-08-10 02:00:00,2021-08-09 19:00:00,2021-08-09 18:00:00,245,244.5,138.896,14.9140778346154,76.087,9.355,14.609,10.613,1.495,6.966,2.1,3.077,1,1,1,1,0,0,0,0,0,0
River Complex,2021,2021-08-10 03:00:00,2021-08-09 20:00:00,2021-08-09 19:00:00,246,245.5,141.775,15.223212943516,77.584,15.055,14.918,13.212,4.819,6.966,2.1,3.077,0,1,1,1,0,0,0,2.879,1.024,0.308
River Complex,2021,2021-08-10 04:00:00,2021-08-09 21:00:00,2021-08-09 20:00:00,247,246.5,141.775,15.223212943516,77.584,15.055,5.045,4.149,1.898,6.966,2.1,3.077,0,1,1,1,0,0,0,0,0,0
River Complex,2021,2021-08-10 05:00:00,2021-08-09 22:00:00,2021-08-09 21:00:00,248,247.5,141.775,15.223212943516,77.584,15.055,9.602,8.479,2.233,6.966,2.1,3.077,0,1,1,1,0,0,0,0,0,0
River Complex,2021,2021-08-10 06:00:00,2021-08-09 23:00:00,2021-08-09 22:00:00,249,248.5,141.775,15.223212943516,77.584,15.055,10.641,9.297,5.122,1.991,2.1,3.077,0,1,1,1,1,0,0,0,0,0
River Complex,2021,2021-08-10 07:00:00,2021-08-10 00:00:00,2021-08-09 23:00:00,250,249.5,141.775,15.223212943516,77.584,15.055,9.602,8.479,2.233,1.991,2.1,3.077,0,1,1,1,0,0,0,0,0,0
River Complex,2021,2021-08-10 08:00:00,2021-08-10 01:00:00,2021-08-10 00:00:00,251,250.5,141.775,15.223212943516,77.584,15.055,9.602,8.479,2.233,1.991,2.1,3.077,0,1,1,1,0,0,0,0,0,0
River Complex,2021,2021-08-10 09:00:00,2021-08-10 02:00:00,2021-08-10 01:00:00,252,251.5,141.775,15.223212943516,77.584,15.055,9.602,8.479,2.233,1.991,2.1,3.077,0,1,1,1,0,0,0,0,0,0
River Complex,2021,2021-08-10 10:00:00,2021-08-10 03:00:00,2021-08-10 02:00:00,253,252.5,141.775,15.223212943516,77.584,15.057,14.757,12.306,3.807,1.991,2.1,3.077,0,1,1,1,0,0,0,0,0,0
River Complex,2021,2021-08-10 11:00:00,2021-08-10 04:00:00,2021-08-10 03:00:00,254,253.5,141.775,15.223212943516,77.584,15.057,14.757,12.306,3.807,1.991,2.1,3.077,0,1,1,1,0,0,0,0,0,0
River Complex,2021,2021-08-10 12:00:00,2021-08-10 05:00:00,2021-08-10 04:00:00,255,254.5,141.775,15.223212943516,77.584,15.055,14.757,12.306,3.807,1.991,2.1,3.077,0,1,1,1,0,0,0,0,0,0
River Complex,2021,2021-08-10 13:00:00,2021-08-10 06:00:00,2021-08-10 05:00:00,256,255.5,141.775,15.223212943516,77.584,15.055,14.757,12.306,3.807,1.991,2.1,3.077,0,1,1,1,0,0,0,0,0,0
River Complex,2021,2021-08-10 14:00:00,2021-08-10 07:00:00,2021-08-10 06:00:00,257,256.5,141.775,15.223212943516,77.584,15.055,5.155,3.827,1.574,1.991,2.1,3.077,0,1,1,1,0,0,0,0,0,0
River Complex,2021,2021-08-10 15:00:00,2021-08-10 08:00:00,2021-08-10 07:00:00,258,257.5,141.775,15.223212943516,77.584,15.055,4.661,3.225,0.684,1.991,2.1,3.077,0,1,1,1,0,0,0,0,0,0
River Complex,2021,2021-08-10 16:00:00,2021-08-10 09:00:00,2021-08-10 08:00:00,259,258.5,141.775,15.223212943516,77.584,15.055,14.263,11.705,2.917,1.991,2.1,3.077,0,1,1,1,0,0,0,0,0,0
River Complex,2021,2021-08-10 17:00:00,2021-08-10 10:00:00,2021-08-10 09:00:00,260,259.5,141.775,15.223212943516,77.584,15.055,12.266,11.109,8.486,1.991,2.1,3.077,0,1,1,1,0,0,0,0,0,0
River Complex,2021,2021-08-10 18:00:00,2021-08-10 11:00:00,2021-08-10 10:00:00,261,260.5,141.775,15.223212943516,77.584,15.055,13.439,12.576,9.551,1.991,2.1,3.077,1,1,1,1,0,0,0,0,0,0
River Complex,2021,2021-08-10 19:00:00,2021-08-10 12:00:00,2021-08-10 11:00:00,262,261.5,156.898,16.847058116112,82.893,7.691,30.983,26.016,20.728,14.136,3.726,3.077,0,1,1,1,1,1,0,15.123,2.383,1.005
River Complex,2021,2021-08-10 20:00:00,2021-08-10 13:00:00,2021-08-10 12:00:00,263,262.5,156.898,16.847058116112,82.893,7.691,29.313,26.751,21.316,12.758,4.385,0.2,0,1,1,1,1,1,1,0,0,0
River Complex,2021,2021-08-10 21:00:00,2021-08-10 14:00:00,2021-08-10 13:00:00,264,263.5,156.898,16.847058116112,82.893,7.691,26.32,22.312,18.039,1.616,4.385,0.2,0,1,1,1,1,0,0,0,0,0
River Complex,2021,2021-08-10 22:00:00,2021-08-10 15:00:00,2021-08-10 14:00:00,265,264.5,156.898,16.847058116112,82.893,7.691,23.682,21.504,15.653,3.087,4.385,0.2,0,1,1,1,1,0,0,0,0,0
River Complex,2021,2021-08-10 23:00:00,2021-08-10 16:00:00,2021-08-10 15:00:00,266,265.5,156.898,16.847058116112,82.893,7.691,23.682,20.164,12.264,3.087,4.385,0.2,0,1,1,1,0,0,0,0,0,0
River Complex,2021,2021-08-11 00:00:00,2021-08-10 17:00:00,2021-08-10 16:00:00,267,266.5,156.898,16.847058116112,82.893,7.691,19.804,17.198,8.087,3.087,4.385,0.2,0,1,1,1,0,0,0,0,0,0
River Complex,2021,2021-08-11 01:00:00,2021-08-10 18:00:00,2021-08-10 17:00:00,268,267.5,156.898,16.847058116112,82.893,7.691,18.289,15.21,6.132,3.087,4.385,0.2,0,1,1,1,0,0,0,0,0,0
River Complex,2021,2021-08-11 02:00:00,2021-08-10 19:00:00,2021-08-10 18:00:00,269,268.5,156.898,16.847058116112,82.893,7.691,27.673,22.158,8.156,3.087,4.385,0.2,0,1,1,1,0,0,0,0,0,0
River Complex,2021,2021-08-11 03:00:00,2021-08-10 20:00:00,2021-08-10 19:00:00,270,269.5,156.898,16.847058116112,82.893,7.691,28.323,23.551,7.91,3.087,4.385,0.2,0,1,1,1,0,0,0,0,0,0
River Complex,2021,2021-08-11 04:00:00,2021-08-10 21:00:00,2021-08-10 20:00:00,271,270.5,156.898,16.847058116112,82.893,7.691,25.577,19.302,7.071,3.087,4.385,0.2,0,1,1,1,0,0,0,0,0,0
River Complex,2021,2021-08-11 05:00:00,2021-08-10 22:00:00,2021-08-10 21:00:00,272,271.5,156.898,16.847058116112,82.893,7.691,22.946,17.201,4.257,3.087,4.385,0.2,0,1,1,1,0,0,0,0,0,0
River Complex,2021,2021-08-11 06:00:00,2021-08-10 23:00:00,2021-08-10 22:00:00,273,272.5,156.898,16.847058116112,82.893,7.691,22.946,17.201,4.257,3.087,4.385,0.2,0,0,0,0,0,0,0,0,0,0
River Complex,2021,2021-08-11 07:00:00,2021-08-11 00:00:00,2021-08-10 23:00:00,274,273.5,156.898,16.847058116112,82.893,7.691,9.602,8.479,2.233,3.087,4.385,0.2,0,1,1,1,0,0,0,0,0,0
River Complex,2021,2021-08-11 08:00:00,2021-08-11 01:00:00,2021-08-11 00:00:00,275,274.5,156.898,16.847058116112,82.893,7.691,8.054,4.494,2.233,3.087,4.385,0.2,0,1,1,0,0,0,0,0,0,0
River Complex,2021,2021-08-11 09:00:00,2021-08-11 02:00:00,2021-08-11 01:00:00,276,275.5,156.898,16.847058116112,82.893,7.691,17.656,12.974,2.233,3.087,4.385,0.2,0,1,1,1,0,0,0,0,0,0
River Complex,2021,2021-08-11 10:00:00,2021-08-11 03:00:00,2021-08-11 02:00:00,277,276.5,156.898,16.847058116112,82.893,7.691,17.656,12.974,2.233,3.087,4.385,0.2,0,1,1,1,0,0,0,0,0,0
River Complex,2021,2021-08-11 11:00:00,2021-08-11 04:00:00,2021-08-11 03:00:00,278,277.5,156.898,16.847058116112,82.893,7.691,17.656,12.974,2.233,3.087,4.385,0.2,0,1,1,1,0,0,0,0,0,0
River Complex,2021,2021-08-11 12:00:00,2021-08-11 05:00:00,2021-08-11 04:00:00,279,278.5,156.898,16.847058116112,82.893,7.691,8.054,4.494,2.233,3.087,4.385,0.2,0,1,1,0,0,0,0,0,0,0
River Complex,2021,2021-08-11 13:00:00,2021-08-11 06:00:00,2021-08-11 05:00:00,280,279.5,156.898,16.847058116112,82.893,7.691,17.656,12.974,2.233,3.087,4.385,0.2,0,1,1,1,0,0,0,0,0,0
River Complex,2021,2021-08-11 14:00:00,2021-08-11 07:00:00,2021-08-11 06:00:00,281,280.5,156.898,16.847058116112,82.893,7.691,17.656,12.974,2.233,3.087,4.385,0.2,0,1,1,1,0,0,0,0,0,0
River Complex,2021,2021-08-11 15:00:00,2021-08-11 08:00:00,2021-08-11 07:00:00,282,281.5,156.898,16.847058116112,82.893,7.691,19.785,11.792,0.028,3.087,4.385,0.2,0,1,1,1,0,0,0,0,0,0
River Complex,2021,2021-08-11 16:00:00,2021-08-11 09:00:00,2021-08-11 08:00:00,283,282.5,156.898,16.847058116112,82.893,7.691,16.811,11.555,0.028,3.087,4.385,0.2,0,1,1,1,0,0,0,0,0,0
River Complex,2021,2021-08-11 17:00:00,2021-08-11 10:00:00,2021-08-11 09:00:00,284,283.5,156.898,16.847058116112,82.893,7.691,17.399,12.471,0.028,3.087,4.385,0.2,0,1,1,1,0,0,0,0,0,0
River Complex,2021,2021-08-11 18:00:00,2021-08-11 11:00:00,2021-08-11 10:00:00,285,284.5,156.898,16.847058116112,82.893,7.691,20.297,17.247,1.812,3.087,4.385,0.2,1,1,1,1,0,0,0,0,0,0
River Complex,2021,2021-08-11 19:00:00,2021-08-11 12:00:00,2021-08-11 11:00:00,286,285.5,161.065,17.294493336254,81.64,12.885,20.17,16.902,4.971,3.087,4.385,0.2,0,1,1,1,0,0,0,4.167,1.459,0.542
River Complex,2021,2021-08-11 20:00:00,2021-08-11 13:00:00,2021-08-11 12:00:00,287,286.5,161.065,17.294493336254,81.64,12.885,19.707,16.111,4.368,3.087,4.385,0.2,0,1,1,1,0,0,0,0,0,0
River Complex,2021,2021-08-11 21:00:00,2021-08-11 14:00:00,2021-08-11 13:00:00,288,287.5,161.065,17.294493336254,81.64,12.885,7.93,3.579,4.368,3.087,4.385,0.2,0,1,1,0,0,0,0,0,0,0
River Complex,2021,2021-08-11 22:00:00,2021-08-11 15:00:00,2021-08-11 14:00:00,289,288.5,161.065,17.294493336254,81.64,12.885,18.829,12.616,4.349,3.087,4.385,0.2,0,1,1,1,0,0,0,0,0,0
River Complex,2021,2021-08-11 23:00:00,2021-08-11 16:00:00,2021-08-11 15:00:00,290,289.5,161.065,17.294493336254,81.64,12.885,22.679,20.476,14.82,5.056,0.02,0.2,0,1,1,1,1,1,0,0,0,0
River Complex,2021,2021-08-12 00:00:00,2021-08-11 17:00:00,2021-08-11 16:00:00,291,290.5,161.065,17.294493336254,81.64,12.885,25.067,21.059,16.681,9.059,2.875,0.2,0,1,1,1,1,1,0,0,0,0
River Complex,2021,2021-08-12 01:00:00,2021-08-11 18:00:00,2021-08-11 17:00:00,292,291.5,161.065,17.294493336254,81.64,12.885,21.894,19.839,13.138,9.059,2.875,0.2,0,1,1,1,0,0,0,0,0,0
River Complex,2021,2021-08-12 02:00:00,2021-08-11 19:00:00,2021-08-11 18:00:00,293,292.5,161.065,17.294493336254,81.64,12.885,20.221,16.823,7.654,9.059,2.875,0.2,0,1,1,1,0,0,0,0,0,0
River Complex,2021,2021-08-12 03:00:00,2021-08-11 20:00:00,2021-08-11 19:00:00,294,293.5,161.065,17.294493336254,81.64,12.885,18.973,16.886,12.273,8.095,2.134,0.193,0,1,1,1,1,1,1,0,0,0
River Complex,2021,2021-08-12 04:00:00,2021-08-11 21:00:00,2021-08-11 20:00:00,295,294.5,161.065,17.294493336254,81.64,12.885,20.656,18.52,9.258,3.001,2.134,0.193,0,1,1,1,1,0,0,0,0,0
River Complex,2021,2021-08-12 05:00:00,2021-08-11 22:00:00,2021-08-11 21:00:00,296,295.5,161.065,17.294493336254,81.64,12.885,17.753,13.372,2.233,3.001,2.134,0.193,0,1,1,1,0,0,0,0,0,0
River Complex,2021,2021-08-12 06:00:00,2021-08-11 23:00:00,2021-08-11 22:00:00,297,296.5,161.065,17.294493336254,81.64,12.885,16.48,13.591,2.233,3.001,2.134,0.193,0,1,1,1,0,0,0,0,0,0
River Complex,2021,2021-08-12 07:00:00,2021-08-12 00:00:00,2021-08-11 23:00:00,298,297.5,161.065,17.294493336254,81.64,12.885,17.244,15.284,4.934,3.001,2.134,0.193,0,1,1,1,0,0,0,0,0,0
River Complex,2021,2021-08-12 08:00:00,2021-08-12 01:00:00,2021-08-12 00:00:00,299,298.5,161.065,17.294493336254,81.64,12.885,21.384,17.841,5.343,3.001,2.134,0.193,1,1,1,1,0,0,0,0,0,0
River Complex,2021,2021-08-12 09:00:00,2021-08-12 02:00:00,2021-08-12 01:00:00,300,299.5,170.659,18.3246573636219,83.528,5.492,27.864,23.213,15.185,10.21,7.315,3.109,1,1,1,1,1,1,1,9.594,2.021,0.745
River Complex,2021,2021-08-12 10:00:00,2021-08-12 03:00:00,2021-08-12 02:00:00,301,300.5,171.246,18.387686995065,83.648,6.672,21.273,15.364,11.32,9.114,6.286,3.109,0,1,1,1,1,1,0,0.587,0.256,0.107
River Complex,2021,2021-08-12 11:00:00,2021-08-12 04:00:00,2021-08-12 03:00:00,302,301.5,171.246,18.387686995065,83.648,6.672,18.611,15.246,11.225,4.936,2.035,3.109,0,1,1,1,1,1,0,0,0,0
River Complex,2021,2021-08-12 12:00:00,2021-08-12 05:00:00,2021-08-12 04:00:00,303,302.5,171.246,18.387686995065,83.648,6.672,14.665,12.503,7.742,4.936,2.035,3.109,0,1,1,1,0,0,0,0,0,0
River Complex,2021,2021-08-12 13:00:00,2021-08-12 06:00:00,2021-08-12 05:00:00,304,303.5,171.246,18.387686995065,83.648,6.672,15.373,14.163,9.37,4.875,2.135,3.109,0,1,1,1,1,1,0,0,0,0
River Complex,2021,2021-08-12 14:00:00,2021-08-12 07:00:00,2021-08-12 06:00:00,305,304.5,171.246,18.387686995065,83.648,6.672,13.641,12.18,9.366,4.98,2.201,3.109,0,1,1,1,1,1,0,0,0,0
River Complex,2021,2021-08-12 15:00:00,2021-08-12 08:00:00,2021-08-12 07:00:00,306,305.5,171.246,18.387686995065,83.648,6.672,8.549,5.867,3.739,4.98,2.201,3.109,0,1,1,1,0,0,0,0,0,0
River Complex,2021,2021-08-12 16:00:00,2021-08-12 09:00:00,2021-08-12 08:00:00,307,306.5,171.246,18.387686995065,83.648,6.672,11.091,10.155,6.566,2.636,0.428,3.109,0,1,1,1,1,1,0,0,0,0
River Complex,2021,2021-08-12 17:00:00,2021-08-12 10:00:00,2021-08-12 09:00:00,308,307.5,171.246,18.387686995065,83.648,6.672,10.345,9.623,7.872,3.539,0.729,3.109,0,1,1,1,1,1,0,0,0,0
River Complex,2021,2021-08-12 18:00:00,2021-08-12 11:00:00,2021-08-12 10:00:00,309,308.5,171.246,18.387686995065,83.648,6.672,13.421,12.623,10.394,5.312,2.134,3.109,1,1,1,1,1,1,0,0,0,0
River Complex,2021,2021-08-12 19:00:00,2021-08-12 12:00:00,2021-08-12 11:00:00,310,309.5,176.447,18.9461488573061,85.936,8.03,21.669,17.572,15.383,12.619,8.395,3.109,1,1,1,1,1,1,0,5.201,2.345,0.78
River Complex,2021,2021-08-12 20:00:00,2021-08-12 13:00:00,2021-08-12 12:00:00,311,310.5,178.706,19.1887109312923,85.687,6.991,26.195,19.296,13.075,8.116,4.698,3.109,1,1,1,1,1,1,0,2.259,0.743,0.281
River Complex,2021,2021-08-12 21:00:00,2021-08-12 14:00:00,2021-08-12 13:00:00,312,311.5,180.56,19.3877857808587,85.478,5.921,25.883,18.985,12.661,7.631,4.163,3.109,0,1,1,1,1,1,0,1.854,0.632,0.265
River Complex,2021,2021-08-12 22:00:00,2021-08-12 15:00:00,2021-08-12 14:00:00,313,312.5,180.56,19.3877857808587,85.478,5.921,25.883,20.997,13.969,11.364,1.967,3.109,0,1,1,1,1,1,0,0,0,0
River Complex,2021,2021-08-12 23:00:00,2021-08-12 16:00:00,2021-08-12 15:00:00,314,313.5,180.56,19.3877857808587,85.478,5.92,25.883,18.985,12.661,7.631,1.574,3.109,0,1,1,1,1,1,0,0,0,0
River Complex,2021,2021-08-13 00:00:00,2021-08-12 17:00:00,2021-08-12 16:00:00,315,314.5,180.56,19.3877857808587,85.478,5.921,20.399,14.861,12.866,7.173,3.006,3.109,0,1,1,1,1,1,0,0,0,0
River Complex,2021,2021-08-13 01:00:00,2021-08-12 18:00:00,2021-08-12 17:00:00,316,315.5,180.56,19.3877857808587,85.478,5.921,15.187,14.409,11.987,7.173,3.006,3.109,0,1,1,1,0,0,0,0,0,0
River Complex,2021,2021-08-13 02:00:00,2021-08-12 19:00:00,2021-08-12 18:00:00,317,316.5,180.56,19.3877857808587,85.478,5.921,19.429,16.914,14.783,7.173,3.006,3.109,0,1,1,1,0,0,0,0,0,0
River Complex,2021,2021-08-13 03:00:00,2021-08-12 20:00:00,2021-08-12 19:00:00,318,317.5,180.56,19.3877857808587,85.478,5.92,20.082,17.282,15.626,7.765,3.006,3.109,1,1,1,1,1,0,0,0,0,0
River Complex,2021,2021-08-13 04:00:00,2021-08-12 21:00:00,2021-08-12 20:00:00,319,318.5,181.382,19.4760487400516,85.399,23.017,31.079,27.121,17.284,14.824,4.741,3.233,0,1,1,1,1,1,1,0.822,0.273,0.139
River Complex,2021,2021-08-13 05:00:00,2021-08-12 22:00:00,2021-08-12 21:00:00,320,319.5,181.382,19.4760487400516,85.399,23.017,19.301,16.643,14.767,7.237,4.741,3.233,0,1,1,1,1,0,0,0,0,0
River Complex,2021,2021-08-13 06:00:00,2021-08-12 23:00:00,2021-08-12 22:00:00,321,320.5,181.382,19.4760487400516,85.399,23.019,10.748,9.642,4.751,7.237,4.741,3.233,1,1,1,1,0,0,0,0,0,0
River Complex,2021,2021-08-13 07:00:00,2021-08-13 00:00:00,2021-08-12 23:00:00,322,321.5,196.146,21.0613459779149,80.701,4.395,23.164,19.472,11.899,5.211,3.154,1.277,0,1,1,1,1,1,1,14.764,1.508,0.641
River Complex,2021,2021-08-13 08:00:00,2021-08-13 01:00:00,2021-08-13 00:00:00,323,322.5,196.146,21.0613459779149,80.701,4.395,18.38,13.731,7.746,2.03,3.154,1.277,0,1,1,1,1,0,0,0,0,0
River Complex,2021,2021-08-13 09:00:00,2021-08-13 02:00:00,2021-08-13 01:00:00,324,323.5,196.146,21.0613459779149,80.701,4.394,10.455,6.317,1.928,2.03,3.154,1.277,0,1,1,1,0,0,0,0,0,0
River Complex,2021,2021-08-13 10:00:00,2021-08-13 03:00:00,2021-08-13 02:00:00,325,324.5,196.146,21.0613459779149,80.701,4.394,16.026,11.218,4.155,2.03,3.154,1.277,0,1,1,1,0,0,0,0,0,0
River Complex,2021,2021-08-13 11:00:00,2021-08-13 04:00:00,2021-08-13 03:00:00,326,325.5,196.146,21.0613459779149,80.701,4.395,6.973,6.233,4.616,2.537,3.154,1.277,0,1,1,1,1,0,0,0,0,0
River Complex,2021,2021-08-13 12:00:00,2021-08-13 05:00:00,2021-08-13 04:00:00,327,326.5,196.146,21.0613459779149,80.701,4.394,6.973,6.233,4.616,2.537,3.154,1.277,0,0,0,0,0,0,0,0,0,0
River Complex,2021,2021-08-13 13:00:00,2021-08-13 06:00:00,2021-08-13 05:00:00,328,327.5,196.146,21.0613459779149,80.701,4.394,6.973,6.233,4.616,2.537,3.154,1.277,0,0,0,0,0,0,0,0,0,0
River Complex,2021,2021-08-13 14:00:00,2021-08-13 07:00:00,2021-08-13 06:00:00,329,328.5,196.146,21.0613459779149,80.701,4.395,4.347,3.528,1.619,2.537,3.154,1.277,0,1,1,1,0,0,0,0,0,0
River Complex,2021,2021-08-13 15:00:00,2021-08-13 08:00:00,2021-08-13 07:00:00,330,329.5,196.146,21.0613459779149,80.701,4.394,18.882,15.358,6.208,2.537,3.154,1.277,0,1,1,1,0,0,0,0,0,0
River Complex,2021,2021-08-13 16:00:00,2021-08-13 09:00:00,2021-08-13 08:00:00,331,330.5,196.146,21.0613459779149,80.701,4.395,8.676,6.745,1.928,2.537,3.154,1.277,0,1,1,1,0,0,0,0,0,0
River Complex,2021,2021-08-13 17:00:00,2021-08-13 10:00:00,2021-08-13 09:00:00,332,331.5,196.146,21.0613459779149,80.701,4.394,17.253,11.197,6.781,2.537,3.154,1.277,0,1,1,1,0,0,0,0,0,0
River Complex,2021,2021-08-13 18:00:00,2021-08-13 11:00:00,2021-08-13 10:00:00,333,332.5,196.146,21.0613459779149,80.701,4.395,15.997,12.646,5.639,2.537,3.154,1.277,0,1,1,1,0,0,0,0,0,0
River Complex,2021,2021-08-13 19:00:00,2021-08-13 12:00:00,2021-08-13 11:00:00,334,333.5,196.146,21.0613459779149,80.701,4.395,26.514,23.387,12.407,3.968,0.627,1.277,0,1,1,1,1,1,0,0,0,0
River Complex,2021,2021-08-13 20:00:00,2021-08-13 13:00:00,2021-08-13 12:00:00,335,334.5,196.146,21.0613459779149,80.701,4.394,21.662,19.588,13.858,7.259,4.007,1.277,0,1,1,1,1,1,0,0,0,0
River Complex,2021,2021-08-13 21:00:00,2021-08-13 14:00:00,2021-08-13 13:00:00,336,335.5,196.146,21.0613459779149,80.701,4.394,15.332,12.975,7.672,7.259,4.007,1.277,0,1,1,1,0,0,0,0,0,0
River Complex,2021,2021-08-13 22:00:00,2021-08-13 15:00:00,2021-08-13 14:00:00,337,336.5,196.146,21.0613459779149,80.701,4.395,15.332,12.975,7.672,7.259,4.007,1.277,0,0,0,0,0,0,0,0,0,0
River Complex,2021,2021-08-13 23:00:00,2021-08-13 16:00:00,2021-08-13 15:00:00,338,337.5,196.146,21.0613459779149,80.701,4.394,15.332,12.975,7.672,7.259,4.007,1.277,0,0,0,0,0,0,0,0,0,0
River Complex,2021,2021-08-14 00:00:00,2021-08-13 17:00:00,2021-08-13 16:00:00,339,338.5,196.146,21.0613459779149,80.701,4.395,14.943,11.355,3.502,7.259,4.007,1.277,0,1,1,1,0,0,0,0,0,0
River Complex,2021,2021-08-14 01:00:00,2021-08-13 18:00:00,2021-08-13 17:00:00,340,339.5,196.146,21.0613459779149,80.701,4.395,14.943,11.355,3.502,7.259,4.007,1.277,0,0,0,0,0,0,0,0,0,0
River Complex,2021,2021-08-14 02:00:00,2021-08-13 19:00:00,2021-08-13 18:00:00,341,340.5,196.146,21.0613459779149,80.701,4.394,4.11,3.196,0.834,7.259,4.007,1.277,1,1,1,1,0,0,0,0,0,0
River Complex,2021,2021-08-14 03:00:00,2021-08-13 20:00:00,2021-08-13 19:00:00,342,341.5,196.615,21.1117052575517,80.92,11.113,9.647,7.699,3.722,7.259,4.007,1.277,0,1,1,1,0,0,0,0.469,0.252,0.107
River Complex,2021,2021-08-14 04:00:00,2021-08-13 21:00:00,2021-08-13 20:00:00,343,342.5,196.615,21.1117052575517,80.92,11.113,4.347,3.528,1.619,7.259,4.007,1.277,0,1,1,1,0,0,0,0,0,0
River Complex,2021,2021-08-14 05:00:00,2021-08-13 22:00:00,2021-08-13 21:00:00,344,343.5,196.615,21.1117052575517,80.92,11.113,4.347,3.528,1.619,7.259,4.007,1.277,0,0,0,0,0,0,0,0,0,0
River Complex,2021,2021-08-14 06:00:00,2021-08-13 23:00:00,2021-08-13 22:00:00,345,344.5,196.615,21.1117052575517,80.92,11.113,4.347,3.528,1.619,7.259,4.007,1.277,0,1,1,1,0,0,0,0,0,0
River Complex,2021,2021-08-14 07:00:00,2021-08-14 00:00:00,2021-08-13 23:00:00,346,345.5,196.615,21.1117052575517,80.92,11.113,4.347,3.528,1.619,7.259,4.007,1.277,0,1,1,1,0,0,0,0,0,0
River Complex,2021,2021-08-14 08:00:00,2021-08-14 01:00:00,2021-08-14 00:00:00,347,346.5,196.615,21.1117052575517,80.92,11.113,4.347,3.528,1.619,7.259,4.007,1.277,0,0,0,0,0,0,0,0,0,0
River Complex,2021,2021-08-14 09:00:00,2021-08-14 02:00:00,2021-08-14 01:00:00,348,347.5,196.615,21.1117052575517,80.92,11.113,4.347,3.528,1.619,7.259,4.007,1.277,0,0,0,0,0,0,0,0,0,0
River Complex,2021,2021-08-14 10:00:00,2021-08-14 03:00:00,2021-08-14 02:00:00,349,348.5,196.615,21.1117052575517,80.92,11.113,4.347,3.528,1.619,7.259,4.007,1.277,0,1,1,1,0,0,0,0,0,0
River Complex,2021,2021-08-14 11:00:00,2021-08-14 04:00:00,2021-08-14 03:00:00,350,349.5,196.615,21.1117052575517,80.92,11.113,11.999,10.422,6.908,1.005,4.007,1.277,0,1,1,1,1,0,0,0,0,0
River Complex,2021,2021-08-14 12:00:00,2021-08-14 05:00:00,2021-08-14 04:00:00,351,350.5,196.615,21.1117052575517,80.92,11.113,4.347,3.528,1.619,1.005,4.007,1.277,0,1,1,1,0,0,0,0,0,0
River Complex,2021,2021-08-14 13:00:00,2021-08-14 06:00:00,2021-08-14 05:00:00,352,351.5,196.615,21.1117052575517,80.92,11.113,6.973,6.233,4.616,2.537,4.007,1.277,0,1,1,1,1,0,0,0,0,0
River Complex,2021,2021-08-14 14:00:00,2021-08-14 07:00:00,2021-08-14 06:00:00,353,352.5,196.615,21.1117052575517,80.92,11.113,6.973,6.233,4.616,2.537,4.007,1.277,0,1,1,1,1,0,0,0,0,0
River Complex,2021,2021-08-14 15:00:00,2021-08-14 08:00:00,2021-08-14 07:00:00,354,353.5,196.615,21.1117052575517,80.92,11.113,4.507,3.467,0.988,2.537,4.007,1.277,0,1,1,1,0,0,0,0,0,0
River Complex,2021,2021-08-14 16:00:00,2021-08-14 09:00:00,2021-08-14 08:00:00,355,354.5,196.615,21.1117052575517,80.92,11.113,4.347,3.528,1.619,2.537,4.007,1.277,0,1,1,1,0,0,0,0,0,0
River Complex,2021,2021-08-14 17:00:00,2021-08-14 10:00:00,2021-08-14 09:00:00,356,355.5,196.615,21.1117052575517,80.92,11.113,4.347,3.528,1.619,2.537,4.007,1.277,0,1,1,1,0,0,0,0,0,0
River Complex,2021,2021-08-14 18:00:00,2021-08-14 11:00:00,2021-08-14 10:00:00,357,356.5,196.615,21.1117052575517,80.92,11.113,4.347,3.528,1.619,2.537,4.007,1.277,0,1,1,1,0,0,0,0,0,0
River Complex,2021,2021-08-14 19:00:00,2021-08-14 12:00:00,2021-08-14 11:00:00,358,357.5,196.615,21.1117052575517,80.92,11.113,8.693,6.726,0.975,2.537,4.007,1.277,0,1,1,1,0,0,0,0,0,0
River Complex,2021,2021-08-14 20:00:00,2021-08-14 13:00:00,2021-08-14 12:00:00,359,358.5,196.615,21.1117052575517,80.92,11.113,8.693,6.726,0.975,2.537,4.007,1.277,0,1,1,1,0,0,0,0,0,0
River Complex,2021,2021-08-14 21:00:00,2021-08-14 14:00:00,2021-08-14 13:00:00,360,359.5,196.615,21.1117052575517,80.92,11.113,12.937,10.938,6.168,2.411,4.007,1.277,0,1,1,1,1,0,0,0,0,0
River Complex,2021,2021-08-14 22:00:00,2021-08-14 15:00:00,2021-08-14 14:00:00,361,360.5,196.615,21.1117052575517,80.92,11.113,12.937,10.938,6.168,2.411,4.007,1.277,0,1,1,1,1,0,0,0,0,0
River Complex,2021,2021-08-14 23:00:00,2021-08-14 16:00:00,2021-08-14 15:00:00,362,361.5,196.615,21.1117052575517,80.92,11.113,13.174,11.27,6.952,2.411,4.007,1.277,0,1,1,1,1,0,0,0,0,0
River Complex,2021,2021-08-15 00:00:00,2021-08-14 17:00:00,2021-08-14 16:00:00,363,362.5,196.615,21.1117052575517,80.92,11.113,4.347,3.528,1.619,2.411,4.007,1.277,0,1,1,1,0,0,0,0,0,0
River Complex,2021,2021-08-15 01:00:00,2021-08-14 18:00:00,2021-08-14 17:00:00,364,363.5,196.615,21.1117052575517,80.92,11.113,14.312,11.15,3.729,2.411,4.007,1.277,0,1,1,1,0,0,0,0,0,0
River Complex,2021,2021-08-15 02:00:00,2021-08-14 19:00:00,2021-08-14 18:00:00,365,364.5,196.615,21.1117052575517,80.92,11.113,7.776,6.822,4.542,2.411,4.007,1.277,0,1,1,1,0,0,0,0,0,0
River Complex,2021,2021-08-15 03:00:00,2021-08-14 20:00:00,2021-08-14 19:00:00,366,365.5,196.615,21.1117052575517,80.92,11.113,5.523,4.501,2.005,2.411,4.007,1.277,0,1,1,1,0,0,0,0,0,0
River Complex,2021,2021-08-15 04:00:00,2021-08-14 21:00:00,2021-08-14 20:00:00,367,366.5,196.615,21.1117052575517,80.92,11.113,10.152,8.158,3.825,2.411,4.007,1.277,0,1,1,1,0,0,0,0,0,0
River Complex,2021,2021-08-15 05:00:00,2021-08-14 22:00:00,2021-08-14 21:00:00,368,367.5,196.615,21.1117052575517,80.92,11.113,9.87,8.029,3.625,2.411,4.007,1.277,0,1,1,1,0,0,0,0,0,0
River Complex,2021,2021-08-15 06:00:00,2021-08-14 23:00:00,2021-08-14 22:00:00,369,368.5,196.615,21.1117052575517,80.92,11.113,13.744,12.247,8.568,3.399,4.007,1.277,0,1,1,1,1,0,0,0,0,0
River Complex,2021,2021-08-15 07:00:00,2021-08-15 00:00:00,2021-08-14 23:00:00,370,369.5,196.615,21.1117052575517,80.92,11.113,5.783,4.721,2.105,3.399,4.007,1.277,1,1,1,1,0,0,0,0,0,0
River Complex,2021,2021-08-15 08:00:00,2021-08-15 01:00:00,2021-08-15 00:00:00,371,370.5,200.133,21.4894535427592,79.822,6.913,8.456,7.553,5.564,1.418,4.007,1.277,0,1,1,1,1,0,0,3.518,0.767,0.317
River Complex,2021,2021-08-15 09:00:00,2021-08-15 02:00:00,2021-08-15 01:00:00,372,371.5,200.133,21.4894535427592,79.822,6.913,3.528,2.243,5.564,1.418,4.007,1.277,0,1,1,0,0,0,0,0,0,0
River Complex,2021,2021-08-15 10:00:00,2021-08-15 03:00:00,2021-08-15 02:00:00,373,372.5,200.133,21.4894535427592,79.822,6.913,6.475,5.669,3.598,1.418,4.007,1.277,0,1,1,1,0,0,0,0,0,0
River Complex,2021,2021-08-15 11:00:00,2021-08-15 04:00:00,2021-08-15 03:00:00,374,373.5,200.133,21.4894535427592,79.822,6.913,8.54,7.66,5.775,3.452,0.606,1.277,0,1,1,1,1,1,0,0,0,0
River Complex,2021,2021-08-15 12:00:00,2021-08-15 05:00:00,2021-08-15 04:00:00,375,374.5,200.133,21.4894535427592,79.822,6.913,8.54,7.66,5.669,3.271,0.453,1.277,0,1,1,1,1,1,0,0,0,0
River Complex,2021,2021-08-15 13:00:00,2021-08-15 06:00:00,2021-08-15 05:00:00,376,375.5,200.133,21.4894535427592,79.822,6.913,4.347,3.528,1.619,3.271,0.453,1.277,0,1,1,1,0,0,0,0,0,0
River Complex,2021,2021-08-15 14:00:00,2021-08-15 07:00:00,2021-08-15 06:00:00,377,376.5,200.133,21.4894535427592,79.822,6.913,4.347,3.528,1.619,3.271,0.453,1.277,0,1,1,1,0,0,0,0,0,0
River Complex,2021,2021-08-15 15:00:00,2021-08-15 08:00:00,2021-08-15 07:00:00,378,377.5,200.133,21.4894535427592,79.822,6.913,4.347,3.528,1.619,3.271,0.453,1.277,0,1,1,1,0,0,0,0,0,0
River Complex,2021,2021-08-15 16:00:00,2021-08-15 09:00:00,2021-08-15 08:00:00,379,378.5,200.133,21.4894535427592,79.822,6.913,4.347,3.528,1.619,3.271,0.453,1.277,0,0,0,0,0,0,0,0,0,0
River Complex,2021,2021-08-15 17:00:00,2021-08-15 10:00:00,2021-08-15 09:00:00,380,379.5,200.133,21.4894535427592,79.822,6.913,8.726,7.641,4.626,3.271,0.453,1.277,0,1,1,1,0,0,0,0,0,0
River Complex,2021,2021-08-15 18:00:00,2021-08-15 11:00:00,2021-08-15 10:00:00,381,380.5,200.133,21.4894535427592,79.822,6.913,12.937,10.938,6.168,2.411,0.453,1.277,0,1,1,1,1,0,0,0,0,0
River Complex,2021,2021-08-15 19:00:00,2021-08-15 12:00:00,2021-08-15 11:00:00,382,381.5,200.133,21.4894535427592,79.822,6.913,15.03,11.256,6.101,3.082,0.453,1.277,1,1,1,1,1,0,0,0,0,0
River Complex,2021,2021-08-15 20:00:00,2021-08-15 13:00:00,2021-08-15 12:00:00,383,382.5,203.805,21.8837377108325,80.579,2.761,24.234,20.436,15.963,10.466,5.638,1.934,0,1,1,1,1,1,1,3.672,1.536,0.531
River Complex,2021,2021-08-15 21:00:00,2021-08-15 14:00:00,2021-08-15 13:00:00,384,383.5,203.805,21.8837377108325,80.579,2.761,25.252,21.544,17.292,12.009,5.94,1.934,1,1,1,1,1,1,1,0,0,0
River Complex,2021,2021-08-15 22:00:00,2021-08-15 15:00:00,2021-08-15 14:00:00,385,384.5,204.293,21.9361371318619,80.574,11.17,38.216,32.693,22.598,14.767,8.309,1.721,1,1,1,1,1,1,1,0.488,0.31,0.177
River Complex,2021,2021-08-15 23:00:00,2021-08-15 16:00:00,2021-08-15 15:00:00,386,385.5,206.578,22.18149097828,82.781,6.078,48.149,42.031,31.077,17.851,7.618,1.721,1,1,1,1,1,1,0,2.285,1.331,0.205
River Complex,2021,2021-08-16 00:00:00,2021-08-15 17:00:00,2021-08-15 16:00:00,387,386.5,210.877,22.643099812307,84.705,4.249,41.751,39.18,33.722,15.366,7.857,2.755,0,1,1,1,1,1,1,4.299,1.53,0.707
River Complex,2021,2021-08-16 01:00:00,2021-08-15 18:00:00,2021-08-15 17:00:00,388,387.5,210.877,22.643099812307,84.705,4.249,33.637,29.874,20.189,6.819,7.857,2.755,1,1,1,1,1,0,0,0,0,0
River Complex,2021,2021-08-16 02:00:00,2021-08-15 19:00:00,2021-08-15 18:00:00,389,388.5,211.345,22.693351716081,84.91,6.328,36.439,30.559,19.839,6.819,7.857,2.755,1,1,1,1,0,0,0,0.468,0.277,0.11
River Complex,2021,2021-08-16 03:00:00,2021-08-15 20:00:00,2021-08-15 19:00:00,390,389.5,211.578,22.7183702921053,84.899,3.295,31.858,26.463,16.503,9.647,7.857,2.755,1,1,1,1,1,0,0,0.233,0.075,0.037
River Complex,2021,2021-08-16 04:00:00,2021-08-15 21:00:00,2021-08-15 20:00:00,391,390.5,211.895,22.7524084406018,85.138,11.057,22.983,17.284,12.059,9.56,5.4,0.219,1,1,1,1,1,1,1,0.317,0.219,0.096
River Complex,2021,2021-08-16 05:00:00,2021-08-15 22:00:00,2021-08-15 21:00:00,392,391.5,214.474,23.0293307906729,86.045,1.476,17.925,16.257,12.515,8.821,6.154,4.415,0,1,1,1,1,1,1,2.579,0.866,0.233
River Complex,2021,2021-08-16 06:00:00,2021-08-15 23:00:00,2021-08-15 22:00:00,393,392.5,214.474,23.0293307906729,86.045,1.476,15.219,13.766,10.393,7.278,3.357,1.805,0,1,1,1,1,1,1,0,0,0
River Complex,2021,2021-08-16 07:00:00,2021-08-16 00:00:00,2021-08-15 23:00:00,394,393.5,214.474,23.0293307906729,86.045,1.476,15.094,13.553,10.087,6.97,2.774,0.3,0,1,1,1,1,1,1,0,0,0
River Complex,2021,2021-08-16 08:00:00,2021-08-16 01:00:00,2021-08-16 00:00:00,395,394.5,214.474,23.0293307906729,86.045,1.476,13.947,11.339,7.559,3.712,1.086,0.3,0,1,1,1,1,1,0,0,0,0
River Complex,2021,2021-08-16 09:00:00,2021-08-16 02:00:00,2021-08-16 01:00:00,396,395.5,214.474,23.0293307906729,86.045,1.476,13.616,10.939,6.858,2.682,1.086,0.3,1,1,1,1,1,0,0,0,0,0
River Complex,2021,2021-08-16 10:00:00,2021-08-16 03:00:00,2021-08-16 02:00:00,397,396.5,214.502,23.0323373148303,86.065,8.234,6.774,5.63,3.861,0.832,1.086,0.3,0,1,1,1,1,0,0,0.028,0.034,0.019
River Complex,2021,2021-08-16 11:00:00,2021-08-16 04:00:00,2021-08-16 03:00:00,398,397.5,214.502,23.0323373148303,86.065,8.234,14.932,12.254,7.067,1.848,1.086,0.3,0,1,1,1,1,0,0,0,0,0
River Complex,2021,2021-08-16 12:00:00,2021-08-16 05:00:00,2021-08-16 04:00:00,399,398.5,214.502,23.0323373148303,86.065,8.234,16.617,14.291,10.442,4.665,1.086,0.3,0,1,1,1,1,0,0,0,0,0
River Complex,2021,2021-08-16 13:00:00,2021-08-16 06:00:00,2021-08-16 05:00:00,400,399.5,214.502,23.0323373148303,86.065,8.234,15.612,13.257,8.568,3.833,1.086,0.3,0,1,1,1,1,0,0,0,0,0
River Complex,2021,2021-08-16 14:00:00,2021-08-16 07:00:00,2021-08-16 06:00:00,401,400.5,214.502,23.0323373148303,86.065,8.234,20.951,17.829,11.547,2.156,1.086,0.3,0,1,1,1,1,0,0,0,0,0
River Complex,2021,2021-08-16 15:00:00,2021-08-16 08:00:00,2021-08-16 07:00:00,402,401.5,214.502,23.0323373148303,86.065,8.234,20.227,16.988,9.678,2.156,1.086,0.3,0,1,1,1,0,0,0,0,0,0
River Complex,2021,2021-08-16 16:00:00,2021-08-16 09:00:00,2021-08-16 08:00:00,403,402.5,214.502,23.0323373148303,86.065,8.234,19.257,17.068,9.631,3.514,1.086,0.3,0,1,1,1,1,0,0,0,0,0
River Complex,2021,2021-08-16 17:00:00,2021-08-16 10:00:00,2021-08-16 09:00:00,404,403.5,214.502,23.0323373148303,86.065,8.234,16.172,13.917,9.747,3.833,1.086,0.3,1,1,1,1,1,0,0,0,0,0
River Complex,2021,2021-08-16 18:00:00,2021-08-16 11:00:00,2021-08-16 10:00:00,405,404.5,216.087,23.2025280573129,86.646,1.147,16.736,14.481,10.313,4.421,1.086,0.3,1,1,1,1,1,0,0,1.585,0.869,0.192
River Complex,2021,2021-08-16 19:00:00,2021-08-16 12:00:00,2021-08-16 11:00:00,406,405.5,216.109,23.2048903262938,86.645,9.717,20.397,18.611,11.892,7.431,2.094,0.3,1,1,1,1,1,1,0,0.022,0.036,0.019
River Complex,2021,2021-08-16 20:00:00,2021-08-16 13:00:00,2021-08-16 12:00:00,407,406.5,220.373,23.662741005124,87.564,12.267,21.501,19.836,16.276,12.053,4.537,0.3,1,1,1,1,1,1,0,4.264,1.016,0.439
River Complex,2021,2021-08-16 21:00:00,2021-08-16 14:00:00,2021-08-16 13:00:00,408,407.5,229.497,24.6424383769924,84.316,4.733,37.459,29.196,16.019,10.859,5.813,1.348,1,1,1,1,1,1,1,9.124,1.218,0.744
River Complex,2021,2021-08-16 22:00:00,2021-08-16 15:00:00,2021-08-16 14:00:00,409,408.5,230.815,24.7839597641167,84.307,11.534,44.404,37.994,26.109,14.909,3.586,1.348,0,1,1,1,1,1,0,1.318,0.58,0.278
River Complex,2021,2021-08-16 23:00:00,2021-08-16 16:00:00,2021-08-16 15:00:00,410,409.5,230.815,24.7839597641167,84.307,11.534,48.061,44.536,36.633,27.608,14.965,2.755,0,1,1,1,1,1,1,0,0,0
River Complex,2021,2021-08-17 00:00:00,2021-08-16 17:00:00,2021-08-16 16:00:00,411,410.5,230.815,24.7839597641167,84.307,11.533,59.793,55.9,45.608,29.195,14.322,2.755,0,1,1,1,1,1,1,0,0,0
River Complex,2021,2021-08-17 01:00:00,2021-08-16 18:00:00,2021-08-16 17:00:00,412,411.5,230.815,24.7839597641167,84.307,11.534,58.779,53.683,39.193,23.231,10.466,2.755,1,1,1,1,1,1,0,0,0,0
River Complex,2021,2021-08-17 02:00:00,2021-08-16 19:00:00,2021-08-16 18:00:00,413,412.5,233.647,25.0880482074673,84.544,2.013,43.419,38.305,29.6,16.39,8.657,2.755,1,1,1,1,1,1,0,2.832,0.752,0.246
River Complex,2021,2021-08-17 03:00:00,2021-08-16 20:00:00,2021-08-16 19:00:00,414,413.5,233.676,25.0911621074875,84.563,5.359,36.867,33.399,24.502,11.743,8.657,2.755,0,1,1,1,1,0,0,0.029,0.038,0.014
River Complex,2021,2021-08-17 04:00:00,2021-08-16 21:00:00,2021-08-16 20:00:00,415,414.5,233.676,25.0911621074875,84.563,5.359,44.9,40.504,31.643,17.928,1.394,2.755,0,1,1,1,1,1,0,0,0,0
River Complex,2021,2021-08-17 05:00:00,2021-08-16 22:00:00,2021-08-16 21:00:00,416,415.5,233.676,25.0911621074875,84.563,5.359,34.306,30.302,20.952,10.844,1.775,2.755,1,1,1,1,1,1,0,0,0,0
River Complex,2021,2021-08-17 06:00:00,2021-08-16 23:00:00,2021-08-16 22:00:00,417,416.5,235.142,25.2485751223011,84.825,1.368,19.714,15.946,11.796,6.922,3.907,2.755,0,1,1,1,1,1,0,1.466,0.61,0.274
River Complex,2021,2021-08-17 07:00:00,2021-08-17 00:00:00,2021-08-16 23:00:00,418,417.5,235.142,25.2485751223011,84.825,1.368,15.107,13.783,10.325,3.854,3.907,2.755,0,1,1,1,1,0,0,0,0,0
River Complex,2021,2021-08-17 08:00:00,2021-08-17 01:00:00,2021-08-17 00:00:00,419,418.5,235.142,25.2485751223011,84.825,1.368,14.905,10.481,6.523,2.569,3.907,2.755,0,1,1,1,1,0,0,0,0,0
River Complex,2021,2021-08-17 09:00:00,2021-08-17 02:00:00,2021-08-17 01:00:00,420,419.5,235.142,25.2485751223011,84.825,1.368,18.501,11.567,4.112,2.569,3.907,2.755,0,1,1,1,0,0,0,0,0,0
River Complex,2021,2021-08-17 10:00:00,2021-08-17 03:00:00,2021-08-17 02:00:00,421,420.5,235.142,25.2485751223011,84.825,1.368,22.399,16.586,5.611,2.569,3.907,2.755,1,1,1,1,0,0,0,0,0,0
River Complex,2021,2021-08-17 11:00:00,2021-08-17 04:00:00,2021-08-17 03:00:00,422,421.5,235.163,25.2508300154192,84.859,3.671,16.357,10.091,2.656,2.569,3.907,2.755,0,1,1,1,0,0,0,0.021,0.037,0.015
River Complex,2021,2021-08-17 12:00:00,2021-08-17 05:00:00,2021-08-17 04:00:00,423,422.5,235.163,25.2508300154192,84.859,3.671,13.245,7.004,2.656,2.569,3.907,2.755,0,1,1,1,0,0,0,0,0,0
River Complex,2021,2021-08-17 13:00:00,2021-08-17 06:00:00,2021-08-17 05:00:00,424,423.5,235.163,25.2508300154192,84.859,3.671,11.75,9.031,2.656,2.569,3.907,2.755,0,1,1,1,0,0,0,0,0,0
River Complex,2021,2021-08-17 14:00:00,2021-08-17 07:00:00,2021-08-17 06:00:00,425,424.5,235.163,25.2508300154192,84.859,3.671,7.619,6.544,2.656,2.569,3.907,2.755,0,1,1,1,0,0,0,0,0,0
River Complex,2021,2021-08-17 15:00:00,2021-08-17 08:00:00,2021-08-17 07:00:00,426,425.5,235.163,25.2508300154192,84.859,3.671,13.848,10.69,5.139,1.224,3.907,2.755,0,1,1,1,1,0,0,0,0,0
River Complex,2021,2021-08-17 16:00:00,2021-08-17 09:00:00,2021-08-17 08:00:00,427,426.5,235.163,25.2508300154192,84.859,3.671,10.682,9.539,1.897,1.224,3.907,2.755,0,1,1,1,0,0,0,0,0,0
River Complex,2021,2021-08-17 17:00:00,2021-08-17 10:00:00,2021-08-17 09:00:00,428,427.5,235.163,25.2508300154192,84.859,3.671,19.141,16.447,7.144,1.186,3.907,2.755,0,1,1,1,1,0,0,0,0,0
River Complex,2021,2021-08-17 18:00:00,2021-08-17 11:00:00,2021-08-17 10:00:00,429,428.5,235.163,25.2508300154192,84.859,3.671,12.772,10.331,4.067,1.186,3.907,2.755,0,1,1,1,0,0,0,0,0,0
River Complex,2021,2021-08-17 19:00:00,2021-08-17 12:00:00,2021-08-17 11:00:00,430,429.5,235.163,25.2508300154192,84.859,3.671,19.423,17.453,11.323,0.147,3.907,2.755,0,1,1,1,1,0,0,0,0,0
River Complex,2021,2021-08-17 20:00:00,2021-08-17 13:00:00,2021-08-17 12:00:00,431,430.5,235.163,25.2508300154192,84.859,3.671,27.655,24.52,16.015,1.687,3.907,2.755,1,1,1,1,1,0,0,0,0,0
River Complex,2021,2021-08-17 21:00:00,2021-08-17 14:00:00,2021-08-17 13:00:00,432,431.5,236.398,25.383439205934,85.134,0.286,28.389,25.219,18.968,10.706,3.205,2.755,1,1,1,1,1,1,0,1.235,0.501,0.336
River Complex,2021,2021-08-17 22:00:00,2021-08-17 15:00:00,2021-08-17 14:00:00,433,432.5,236.403,25.3839760852478,85.124,5.599,37.8,33.567,24.289,10.459,3.205,2.755,1,1,1,1,1,1,0,0.005,0.03,0.017
River Complex,2021,2021-08-17 23:00:00,2021-08-17 16:00:00,2021-08-17 15:00:00,434,433.5,237.296,25.479862730697,85.246,15.164,35.502,32.822,27.179,10.058,3.885,2.755,1,1,1,1,1,1,0,0.893,0.342,0.159
River Complex,2021,2021-08-18 00:00:00,2021-08-17 17:00:00,2021-08-17 16:00:00,435,434.5,256.54,27.5462038337478,89.84,7.215,68.44,63.703,50.161,28.206,11.495,2.315,1,1,1,1,1,1,1,19.244,2.931,1.269
River Complex,2021,2021-08-18 01:00:00,2021-08-17 18:00:00,2021-08-17 17:00:00,436,435.5,261.184,28.0448573404287,90.986,3.843,73.751,68.087,50.769,30.593,11.069,2.315,0,1,1,1,1,1,0,4.644,1.234,0.644
River Complex,2021,2021-08-18 02:00:00,2021-08-17 19:00:00,2021-08-17 18:00:00,437,436.5,261.184,28.0448573404287,90.986,3.843,58.6,53.491,38.446,18.444,2.787,2.315,0,1,1,1,1,1,0,0,0,0
River Complex,2021,2021-08-18 03:00:00,2021-08-17 20:00:00,2021-08-17 19:00:00,438,437.5,261.184,28.0448573404287,90.986,3.843,48.648,43.803,27.644,14.098,9.499,0.297,1,1,1,1,1,1,1,0,0,0
River Complex,2021,2021-08-18 04:00:00,2021-08-17 21:00:00,2021-08-17 20:00:00,439,438.5,263.073,28.2476903451919,92.551,14.351,38.39,35.009,27.115,17.044,9.833,0.297,1,1,1,1,1,1,0,1.889,1.033,0.492
River Complex,2021,2021-08-18 05:00:00,2021-08-17 22:00:00,2021-08-17 21:00:00,440,439.5,271.065,29.1058382404103,92.402,2.203,33.09,28.922,23.642,16.87,11.928,5.873,1,1,1,1,1,1,1,7.992,1.558,0.557
River Complex,2021,2021-08-18 06:00:00,2021-08-17 23:00:00,2021-08-17 22:00:00,441,440.5,271.118,29.1115291611368,92.405,3.564,33.401,30.204,23.376,16.866,11.622,5.873,0,1,1,1,1,1,1,0.053,0.034,0.024
River Complex,2021,2021-08-18 07:00:00,2021-08-18 00:00:00,2021-08-17 23:00:00,442,441.5,271.118,29.1115291611368,92.405,3.564,32.464,28.09,24.215,16.866,9.06,1.454,0,1,1,1,1,1,1,0,0,0
River Complex,2021,2021-08-18 08:00:00,2021-08-18 01:00:00,2021-08-18 00:00:00,443,442.5,271.118,29.1115291611368,92.405,3.564,30.16,26.915,17.232,10.496,4.061,0.761,0,1,1,1,1,1,1,0,0,0
River Complex,2021,2021-08-18 09:00:00,2021-08-18 02:00:00,2021-08-18 01:00:00,444,443.5,271.118,29.1115291611368,92.405,3.564,20.584,16.33,11.552,7.173,2.211,0.761,0,1,1,1,1,1,0,0,0,0
River Complex,2021,2021-08-18 10:00:00,2021-08-18 03:00:00,2021-08-18 02:00:00,445,444.5,271.118,29.1115291611368,92.405,3.564,17.743,13.239,8.82,4.444,2.211,0.761,0,1,1,1,1,1,0,0,0,0
River Complex,2021,2021-08-18 11:00:00,2021-08-18 04:00:00,2021-08-18 03:00:00,446,445.5,271.118,29.1115291611368,92.405,3.564,16.974,12.853,8.82,4.444,2.211,0.761,1,1,1,1,1,1,0,0,0,0
River Complex,2021,2021-08-18 12:00:00,2021-08-18 05:00:00,2021-08-18 04:00:00,447,446.5,271.776,29.1821824788362,92.717,1.167,21.657,18.756,11.664,5.325,0.761,0.761,1,1,1,1,1,1,0,0.658,0.711,0.185
River Complex,2021,2021-08-18 13:00:00,2021-08-18 06:00:00,2021-08-18 05:00:00,448,447.5,271.792,29.1839004926405,92.758,6.816,18.581,16.529,9.159,4.538,0.761,0.761,0,1,1,1,1,0,0,0.016,0.036,0.014
River Complex,2021,2021-08-18 14:00:00,2021-08-18 07:00:00,2021-08-18 06:00:00,449,448.5,271.792,29.1839004926405,92.758,6.816,19.984,14.631,6.317,1.37,0.761,0.761,1,1,1,1,1,0,0,0,0,0
River Complex,2021,2021-08-18 15:00:00,2021-08-18 08:00:00,2021-08-18 07:00:00,450,449.5,278.232,29.8754010488474,95.91,6.3,13.646,12.723,9.922,3.984,0.935,0.761,1,1,1,1,1,1,0,6.44,2.769,0.945
River Complex,2021,2021-08-18 16:00:00,2021-08-18 09:00:00,2021-08-18 08:00:00,451,450.5,281.923,30.2717253583133,96.398,1.84,22.079,17.588,14.321,8.192,3.555,0.761,0,1,1,1,1,1,0,3.691,1.446,0.586
River Complex,2021,2021-08-18 17:00:00,2021-08-18 10:00:00,2021-08-18 09:00:00,452,451.5,281.923,30.2717253583133,96.398,1.838,31.714,26.621,20.064,10.859,6.503,0.761,1,1,1,1,1,1,0,0,0,0
River Complex,2021,2021-08-18 18:00:00,2021-08-18 11:00:00,2021-08-18 10:00:00,453,452.5,281.965,30.2762351445494,96.394,12.546,45.463,38.819,25.777,11.649,6.583,0.761,0,1,1,1,1,1,0,0.042,0.041,0.023
River Complex,2021,2021-08-18 19:00:00,2021-08-18 12:00:00,2021-08-18 11:00:00,454,453.5,281.965,30.2762351445494,96.394,12.546,40.704,34.884,28.233,18.338,6.885,0.761,0,1,1,1,1,1,0,0,0,0
River Complex,2021,2021-08-18 20:00:00,2021-08-18 13:00:00,2021-08-18 12:00:00,455,454.5,281.965,30.2762351445494,96.394,12.546,45.798,36.255,25.568,17.436,10.982,0.761,1,1,1,1,1,1,0,0,0,0
River Complex,2021,2021-08-18 21:00:00,2021-08-18 14:00:00,2021-08-18 13:00:00,456,455.5,292.35,31.3913334793645,93.039,7.286,48.308,39.758,30.489,19.938,10.306,0.761,1,1,1,1,1,1,0,10.385,1.695,0.828
River Complex,2021,2021-08-18 22:00:00,2021-08-18 15:00:00,2021-08-18 14:00:00,457,456.5,292.99,31.4600540315341,93.311,4.183,50.192,42.595,31.831,17.438,9.12,0.761,1,1,1,1,1,1,0,0.64,0.359,0.088
River Complex,2021,2021-08-18 23:00:00,2021-08-18 16:00:00,2021-08-18 15:00:00,458,457.5,293.517,31.5166411112113,93.699,2.742,56.561,53.242,39.358,18.751,9.515,2.755,1,1,1,1,1,1,1,0.527,0.334,0.126
River Complex,2021,2021-08-19 00:00:00,2021-08-18 17:00:00,2021-08-18 16:00:00,459,458.5,293.871,31.5546521666302,93.882,8.374,52.912,46.436,34.33,22.997,11.083,2.755,1,1,1,1,1,1,0,0.354,0.229,0.129
River Complex,2021,2021-08-19 01:00:00,2021-08-18 18:00:00,2021-08-18 17:00:00,460,459.5,298.252,32.0250658214039,96.489,8.453,55.646,48.563,38.768,27.349,14.498,2.808,0,1,1,1,1,1,1,4.381,1.532,0.523
River Complex,2021,2021-08-19 02:00:00,2021-08-18 19:00:00,2021-08-18 18:00:00,461,460.5,298.252,32.0250658214039,96.489,8.453,59.204,50.3,38.1,22.296,6.746,2.808,1,1,1,1,1,1,0,0,0,0
River Complex,2021,2021-08-19 03:00:00,2021-08-18 20:00:00,2021-08-18 19:00:00,462,461.5,301.584,32.382842196137,98.568,17.533,50.358,46.42,38.235,25.96,14.139,10.187,1,1,1,1,1,1,1,3.332,1.526,0.394
River Complex,2021,2021-08-19 04:00:00,2021-08-18 21:00:00,2021-08-18 20:00:00,463,462.5,310.959,33.3894909095595,97.006,10.764,38.723,36.292,31.482,18.111,10.936,9.401,1,1,1,1,1,1,1,9.375,1.528,0.535
River Complex,2021,2021-08-19 05:00:00,2021-08-18 22:00:00,2021-08-18 21:00:00,464,463.5,314.937,33.8166320916389,99.06,3.31,34.51,32.285,26.399,13.113,5.203,1.461,0,1,1,1,1,1,1,3.978,1.974,0.37
River Complex,2021,2021-08-19 06:00:00,2021-08-18 23:00:00,2021-08-18 22:00:00,465,464.5,314.937,33.8166320916389,99.06,3.31,33.209,30.559,22.469,7.974,5.203,1.461,0,1,1,1,1,0,0,0,0,0
River Complex,2021,2021-08-19 07:00:00,2021-08-19 00:00:00,2021-08-18 23:00:00,466,465.5,314.937,33.8166320916389,99.06,3.31,33.382,28.766,19.687,5.921,5.203,1.461,0,1,1,1,1,0,0,0,0,0
River Complex,2021,2021-08-19 08:00:00,2021-08-19 01:00:00,2021-08-19 00:00:00,467,466.5,314.937,33.8166320916389,99.06,3.31,31.443,28.087,19.279,8.049,5.203,1.461,0,1,1,1,1,0,0,0,0,0
River Complex,2021,2021-08-19 09:00:00,2021-08-19 02:00:00,2021-08-19 01:00:00,468,467.5,314.937,33.8166320916389,99.06,3.31,23.781,19.517,9.584,3.645,1.16,1.461,0,1,1,1,1,1,0,0,0,0
River Complex,2021,2021-08-19 10:00:00,2021-08-19 03:00:00,2021-08-19 02:00:00,469,468.5,314.937,33.8166320916389,99.06,3.31,22.297,18.398,10.861,0.036,1.16,1.461,0,1,1,1,1,0,0,0,0,0
River Complex,2021,2021-08-19 11:00:00,2021-08-19 04:00:00,2021-08-19 03:00:00,470,469.5,314.937,33.8166320916389,99.06,3.31,19.889,14.652,7.452,0.036,1.16,1.461,0,1,1,1,0,0,0,0,0,0
River Complex,2021,2021-08-19 12:00:00,2021-08-19 05:00:00,2021-08-19 04:00:00,471,470.5,314.937,33.8166320916389,99.06,3.31,20.136,14.874,7.548,0.036,1.16,1.461,0,1,1,1,0,0,0,0,0,0
River Complex,2021,2021-08-19 13:00:00,2021-08-19 06:00:00,2021-08-19 05:00:00,472,471.5,314.937,33.8166320916389,99.06,3.31,10.989,8.14,3.308,0.036,1.16,1.461,0,1,1,1,0,0,0,0,0,0
River Complex,2021,2021-08-19 14:00:00,2021-08-19 07:00:00,2021-08-19 06:00:00,473,472.5,314.937,33.8166320916389,99.06,3.31,14.796,10.79,5.187,0.036,1.16,1.461,0,1,1,1,0,0,0,0,0,0
River Complex,2021,2021-08-19 15:00:00,2021-08-19 08:00:00,2021-08-19 07:00:00,474,473.5,314.937,33.8166320916389,99.06,3.31,12.408,9.422,3.157,0.036,1.16,1.461,1,1,1,1,0,0,0,0,0,0
River Complex,2021,2021-08-19 16:00:00,2021-08-19 09:00:00,2021-08-19 08:00:00,475,474.5,315.002,33.8236115227186,99.098,5.295,19.63,15.577,8.456,2.431,1.16,1.461,0,1,1,1,1,0,0,0.065,0.047,0.02
River Complex,2021,2021-08-19 17:00:00,2021-08-19 10:00:00,2021-08-19 09:00:00,476,475.5,315.002,33.8236115227186,99.098,5.295,8.919,7.744,5.554,3.42,1.16,1.461,0,1,1,1,1,0,0,0,0,0
River Complex,2021,2021-08-19 18:00:00,2021-08-19 11:00:00,2021-08-19 10:00:00,477,476.5,315.002,33.8236115227186,99.098,5.295,23.03,19.492,8.276,2.431,1.16,1.461,1,1,1,1,1,0,0,0,0,0
River Complex,2021,2021-08-19 19:00:00,2021-08-19 12:00:00,2021-08-19 11:00:00,478,477.5,315.558,33.883312502416,99.379,5.004,20.294,16.717,8.468,1.64,1.16,1.461,1,1,1,1,1,0,0,0.556,0.252,0.105
River Complex,2021,2021-08-19 20:00:00,2021-08-19 13:00:00,2021-08-19 12:00:00,479,478.5,321.893,34.5635385930326,104.368,4.558,28.11,24.448,14.37,2.372,1.16,1.461,1,1,1,1,1,0,0,6.335,2.79,1.266
River Complex,2021,2021-08-19 21:00:00,2021-08-19 14:00:00,2021-08-19 13:00:00,480,479.5,322.146,34.5907046863122,104.52,19.132,55.271,47.947,29.948,17.302,7.456,1.461,1,1,1,1,1,1,0,0.253,0.123,0.056
River Complex,2021,2021-08-19 22:00:00,2021-08-19 15:00:00,2021-08-19 14:00:00,481,480.5,331.174,35.5600939753551,104.622,5.48,74.074,67.621,51.243,33.617,17.989,2.776,1,1,1,1,1,1,1,9.028,3.072,0.472
River Complex,2021,2021-08-19 23:00:00,2021-08-19 16:00:00,2021-08-19 15:00:00,482,481.5,332.227,35.6731607588467,105.344,26.33,72.588,68.954,60.565,40.237,23.772,4.718,1,1,1,1,1,1,1,1.053,0.744,0.192
River Complex,2021,2021-08-20 00:00:00,2021-08-19 17:00:00,2021-08-19 16:00:00,483,482.5,345.152,37.0609937850851,108.426,8.98,93.339,89.975,79.978,56.697,28.432,1.751,1,1,1,1,1,1,1,12.925,1.358,0.491
River Complex,2021,2021-08-20 01:00:00,2021-08-19 18:00:00,2021-08-19 17:00:00,484,483.5,350.852,37.6730362028459,108.63,10.239,94.154,89.846,80.021,49.951,20.996,1.701,1,1,1,1,1,1,1,5.7,1.734,0.635
River Complex,2021,2021-08-20 02:00:00,2021-08-19 19:00:00,2021-08-19 18:00:00,485,484.5,356.793,38.3109562035331,111.064,18.122,80.237,75.587,64.693,42.15,13.396,1.701,1,1,1,1,1,1,0,5.941,2.011,0.58
River Complex,2021,2021-08-20 03:00:00,2021-08-19 20:00:00,2021-08-19 19:00:00,486,485.5,362.28,38.900127562525,112.915,6.87,70.133,66.412,58.235,40.488,14.789,9.248,1,1,1,1,1,1,1,5.487,0.98,0.303
River Complex,2021,2021-08-20 04:00:00,2021-08-19 21:00:00,2021-08-19 20:00:00,487,486.5,363.503,39.0314482426866,114.098,9.827,63.557,59.083,46.089,22.154,11.215,2.818,1,1,1,1,1,1,1,1.223,0.75,0.178
River Complex,2021,2021-08-20 05:00:00,2021-08-19 22:00:00,2021-08-19 21:00:00,488,487.5,366.665,39.3709707207497,115.677,9.913,45.978,41.296,31.704,17.169,5.46,2.818,0,1,1,1,1,1,0,3.162,1.09,0.322
River Complex,2021,2021-08-20 06:00:00,2021-08-19 23:00:00,2021-08-19 22:00:00,489,488.5,366.665,39.3709707207497,115.677,9.913,37.713,31.69,24.067,12.733,0.313,2.818,0,1,1,1,1,1,0,0,0,0
River Complex,2021,2021-08-20 07:00:00,2021-08-20 00:00:00,2021-08-19 23:00:00,490,489.5,366.665,39.3709707207497,115.677,9.913,25.133,19.473,12.936,3.811,0.131,2.818,0,1,1,1,1,1,0,0,0,0
River Complex,2021,2021-08-20 08:00:00,2021-08-20 01:00:00,2021-08-20 00:00:00,491,490.5,366.665,39.3709707207497,115.677,9.913,22.537,17.007,10.247,2.134,0.131,2.818,0,1,1,1,1,0,0,0,0,0
River Complex,2021,2021-08-20 09:00:00,2021-08-20 02:00:00,2021-08-20 01:00:00,492,491.5,366.665,39.3709707207497,115.677,9.913,13.999,11.555,7.572,2.134,0.131,2.818,0,1,1,1,1,0,0,0,0,0
River Complex,2021,2021-08-20 10:00:00,2021-08-20 03:00:00,2021-08-20 02:00:00,493,492.5,366.665,39.3709707207497,115.677,9.913,12.669,10.764,6.483,2.134,0.131,2.818,0,1,1,1,1,0,0,0,0,0
River Complex,2021,2021-08-20 11:00:00,2021-08-20 04:00:00,2021-08-20 03:00:00,494,493.5,366.665,39.3709707207497,115.677,9.913,15.697,12.862,4.55,2.134,0.131,2.818,0,1,1,1,1,0,0,0,0,0
River Complex,2021,2021-08-20 12:00:00,2021-08-20 05:00:00,2021-08-20 04:00:00,495,494.5,366.665,39.3709707207497,115.677,9.913,20.451,16.911,6.445,2.134,0.131,2.818,0,1,1,1,1,0,0,0,0,0
River Complex,2021,2021-08-20 13:00:00,2021-08-20 06:00:00,2021-08-20 05:00:00,496,495.5,366.665,39.3709707207497,115.677,9.913,7.741,6.603,4.55,2.134,0.131,2.818,0,1,1,1,1,0,0,0,0,0
River Complex,2021,2021-08-20 14:00:00,2021-08-20 07:00:00,2021-08-20 06:00:00,497,496.5,366.665,39.3709707207497,115.677,9.913,7.741,6.603,4.55,2.134,0.131,2.818,0,1,1,1,1,0,0,0,0,0
River Complex,2021,2021-08-20 15:00:00,2021-08-20 08:00:00,2021-08-20 07:00:00,498,497.5,366.665,39.3709707207497,115.677,9.913,17.145,13.197,0.657,2.134,0.131,2.818,0,1,1,1,0,0,0,0,0,0
River Complex,2021,2021-08-20 16:00:00,2021-08-20 09:00:00,2021-08-20 08:00:00,499,498.5,366.665,39.3709707207497,115.677,9.913,17.568,14.217,3.509,2.134,0.131,2.818,0,1,1,1,0,0,0,0,0,0
River Complex,2021,2021-08-20 17:00:00,2021-08-20 10:00:00,2021-08-20 09:00:00,500,499.5,366.665,39.3709707207497,115.677,9.913,18.706,15.512,5.207,1.852,0.131,2.818,0,1,1,1,1,0,0,0,0,0
River Complex,2021,2021-08-20 18:00:00,2021-08-20 11:00:00,2021-08-20 10:00:00,501,500.5,366.665,39.3709707207497,115.677,9.913,7.741,6.603,4.55,2.134,0.131,2.818,0,1,1,1,1,0,0,0,0,0
River Complex,2021,2021-08-20 19:00:00,2021-08-20 12:00:00,2021-08-20 11:00:00,502,501.5,366.665,39.3709707207497,115.677,9.913,7.741,6.603,4.55,1.852,0.131,2.818,0,1,1,1,1,0,0,0,0,0
River Complex,2021,2021-08-20 20:00:00,2021-08-20 13:00:00,2021-08-20 12:00:00,503,502.5,366.665,39.3709707207497,115.677,9.913,17.484,14.72,8.319,2.134,0.131,2.818,0,1,1,1,1,0,0,0,0,0
River Complex,2021,2021-08-20 21:00:00,2021-08-20 14:00:00,2021-08-20 13:00:00,504,503.5,366.665,39.3709707207497,115.677,9.913,20.927,18.218,12.785,9.327,6.56,1.938,0,1,1,1,1,1,1,0,0,0
River Complex,2021,2021-08-20 22:00:00,2021-08-20 15:00:00,2021-08-20 14:00:00,505,504.5,366.665,39.3709707207497,115.677,9.913,32.605,28.376,19.193,10.247,3.923,1.938,0,1,1,1,1,1,0,0,0,0
River Complex,2021,2021-08-20 23:00:00,2021-08-20 16:00:00,2021-08-20 15:00:00,506,505.5,366.665,39.3709707207497,115.677,9.913,30.891,27.241,19.844,10.516,1.399,1.938,0,1,1,1,1,1,0,0,0,0
River Complex,2021,2021-08-21 00:00:00,2021-08-20 17:00:00,2021-08-20 16:00:00,507,506.5,366.665,39.3709707207497,115.677,9.913,39.145,31.651,21.028,10.339,2.335,1.938,1,1,1,1,1,1,0,0,0,0
River Complex,2021,2021-08-21 01:00:00,2021-08-20 18:00:00,2021-08-20 17:00:00,508,507.5,372.585,40.0066358283189,115.361,2.635,48.361,40.596,27.838,13.936,3.063,1.938,1,1,1,1,1,1,0,5.92,1.911,0.597
River Complex,2021,2021-08-21 02:00:00,2021-08-20 19:00:00,2021-08-20 18:00:00,509,508.5,372.869,40.0371305733442,115.334,5.567,39.705,32.575,19.013,6.601,3.063,1.938,1,1,1,1,1,0,0,0.284,0.163,0.108
River Complex,2021,2021-08-21 03:00:00,2021-08-20 20:00:00,2021-08-20 19:00:00,510,509.5,373.048,40.0563508527791,115.353,3.274,24.405,21.371,13.166,4.417,1.018,1.938,1,1,1,1,1,1,0,0.179,0.089,0.032
River Complex,2021,2021-08-21 04:00:00,2021-08-20 21:00:00,2021-08-20 20:00:00,511,510.5,373.283,40.0815841805289,115.347,1.232,23.144,17.418,11.957,4.76,1.346,1.938,1,1,1,1,1,1,0,0.235,0.135,0.072
River Complex,2021,2021-08-21 05:00:00,2021-08-20 22:00:00,2021-08-20 21:00:00,512,511.5,373.301,40.0835169460587,115.357,2.714,21.72,15.418,7.626,2.134,1.346,1.938,0,1,1,1,1,0,0,0.018,0.021,0.015
River Complex,2021,2021-08-21 06:00:00,2021-08-20 23:00:00,2021-08-20 22:00:00,513,512.5,373.301,40.0835169460587,115.357,2.714,18.242,14.084,6.308,2.415,1.346,1.938,1,1,1,1,1,0,0,0,0,0
River Complex,2021,2021-08-21 07:00:00,2021-08-21 00:00:00,2021-08-20 23:00:00,514,513.5,374.003,40.1588948017197,115.952,6.464,16.491,11.836,4.283,0.243,1.346,1.938,0,1,1,1,1,0,0,0.702,0.478,0.259
River Complex,2021,2021-08-21 08:00:00,2021-08-21 01:00:00,2021-08-21 00:00:00,515,514.5,374.003,40.1588948017197,115.952,6.464,8.701,6.424,2.224,0.243,1.346,1.938,0,1,1,1,0,0,0,0,0,0
River Complex,2021,2021-08-21 09:00:00,2021-08-21 02:00:00,2021-08-21 01:00:00,516,515.5,374.003,40.1588948017197,115.952,6.464,8.701,6.424,2.224,0.243,1.346,1.938,0,1,1,1,0,0,0,0,0,0
River Complex,2021,2021-08-21 10:00:00,2021-08-21 03:00:00,2021-08-21 02:00:00,517,516.5,374.003,40.1588948017197,115.952,6.464,8.701,6.424,2.224,0.243,1.346,1.938,0,1,1,1,0,0,0,0,0,0
River Complex,2021,2021-08-21 11:00:00,2021-08-21 04:00:00,2021-08-21 03:00:00,518,517.5,374.003,40.1588948017197,115.952,6.464,8.701,6.398,2.045,0.243,1.346,1.938,0,1,1,1,0,0,0,0,0,0
River Complex,2021,2021-08-21 12:00:00,2021-08-21 05:00:00,2021-08-21 04:00:00,519,518.5,374.003,40.1588948017197,115.952,6.464,8.701,6.322,1.744,0.243,1.346,1.938,0,1,1,1,0,0,0,0,0,0
River Complex,2021,2021-08-21 13:00:00,2021-08-21 06:00:00,2021-08-21 05:00:00,520,519.5,374.003,40.1588948017197,115.952,6.464,8.701,6.322,1.744,0.243,1.346,1.938,0,1,1,1,0,0,0,0,0,0
River Complex,2021,2021-08-21 14:00:00,2021-08-21 07:00:00,2021-08-21 06:00:00,521,520.5,374.003,40.1588948017197,115.952,6.464,8.701,6.322,1.744,0.243,1.346,1.938,0,1,1,1,0,0,0,0,0,0
River Complex,2021,2021-08-21 15:00:00,2021-08-21 08:00:00,2021-08-21 07:00:00,522,521.5,374.003,40.1588948017197,115.952,6.464,8.701,6.322,1.744,0.243,1.346,1.938,0,0,0,0,0,0,0,0,0,0
River Complex,2021,2021-08-21 16:00:00,2021-08-21 09:00:00,2021-08-21 08:00:00,523,522.5,374.003,40.1588948017197,115.952,6.464,8.701,6.322,1.744,0.243,1.346,1.938,0,0,0,0,0,0,0,0,0,0
River Complex,2021,2021-08-21 17:00:00,2021-08-21 10:00:00,2021-08-21 09:00:00,524,523.5,374.003,40.1588948017197,115.952,6.464,10.962,8.803,5.475,0.243,1.346,1.938,1,1,1,1,0,0,0,0,0,0
River Complex,2021,2021-08-21 18:00:00,2021-08-21 11:00:00,2021-08-21 10:00:00,525,524.5,378.947,40.6897610672302,117.063,3.223,16.802,11.473,7.087,4.745,1.74,1.938,0,1,1,1,1,1,0,4.944,1.654,0.765
River Complex,2021,2021-08-21 19:00:00,2021-08-21 12:00:00,2021-08-21 11:00:00,526,525.5,378.947,40.6897610672302,117.063,3.223,16.802,11.354,6.209,2.889,1.74,1.938,0,1,1,1,1,0,0,0,0,0
River Complex,2021,2021-08-21 20:00:00,2021-08-21 13:00:00,2021-08-21 12:00:00,527,526.5,378.947,40.6897610672302,117.063,3.223,4.745,3.937,1.744,2.889,1.74,1.938,0,1,1,1,0,0,0,0,0,0
River Complex,2021,2021-08-21 21:00:00,2021-08-21 14:00:00,2021-08-21 13:00:00,528,527.5,378.947,40.6897610672302,117.063,3.223,9.332,7.397,2.765,2.889,1.74,1.938,0,1,1,1,0,0,0,0,0,0
River Complex,2021,2021-08-21 22:00:00,2021-08-21 15:00:00,2021-08-21 14:00:00,529,528.5,378.947,40.6897610672302,117.063,3.223,23.518,19.606,7.37,2.889,1.74,1.938,1,1,1,1,0,0,0,0,0,0
River Complex,2021,2021-08-21 23:00:00,2021-08-21 16:00:00,2021-08-21 15:00:00,530,529.5,378.999,40.695344612094,117.109,5.554,15.442,12.046,5.49,2.889,1.74,1.938,0,1,1,1,0,0,0,0.052,0.044,0.016
River Complex,2021,2021-08-22 00:00:00,2021-08-21 17:00:00,2021-08-21 16:00:00,531,530.5,378.999,40.695344612094,117.109,5.554,16.035,13.128,6.667,1.956,1.74,1.938,1,1,1,1,1,0,0,0,0,0
River Complex,2021,2021-08-22 01:00:00,2021-08-21 18:00:00,2021-08-21 17:00:00,532,531.5,383.509,41.1796097531644,122.522,9.827,20.905,16.849,10.542,6.147,3.966,1.938,0,1,1,1,1,1,0,4.51,2.261,0.812
River Complex,2021,2021-08-22 02:00:00,2021-08-21 19:00:00,2021-08-21 18:00:00,533,532.5,383.509,41.1796097531644,122.522,9.827,19.718,17.093,9.298,6.147,3.966,1.938,0,1,1,1,0,0,0,0,0,0
River Complex,2021,2021-08-22 03:00:00,2021-08-21 20:00:00,2021-08-21 19:00:00,534,533.5,383.509,41.1796097531644,122.522,9.827,16.073,13.671,9.886,5.742,3.966,1.938,0,1,1,1,1,0,0,0,0,0
River Complex,2021,2021-08-22 04:00:00,2021-08-21 21:00:00,2021-08-21 20:00:00,535,534.5,383.509,41.1796097531644,122.522,9.827,11.146,9.51,8.062,6.211,1.965,1.938,0,1,1,1,1,1,0,0,0,0
River Complex,2021,2021-08-22 05:00:00,2021-08-21 22:00:00,2021-08-21 21:00:00,536,535.5,383.509,41.1796097531644,122.522,9.827,14.874,13.263,9.223,5.742,1.965,1.938,0,1,1,1,1,0,0,0,0,0
River Complex,2021,2021-08-22 06:00:00,2021-08-21 23:00:00,2021-08-21 22:00:00,537,536.5,383.509,41.1796097531644,122.522,9.827,10.142,9.51,8.062,6.211,1.965,1.938,0,1,1,1,1,1,0,0,0,0
River Complex,2021,2021-08-22 07:00:00,2021-08-22 00:00:00,2021-08-21 23:00:00,538,537.5,383.509,41.1796097531644,122.522,9.827,10.142,9.51,8.062,6.211,1.965,1.938,0,1,1,1,1,1,0,0,0,0
River Complex,2021,2021-08-22 08:00:00,2021-08-22 01:00:00,2021-08-22 00:00:00,539,538.5,383.509,41.1796097531644,122.522,9.827,10.142,9.51,8.062,6.211,1.965,1.938,0,1,1,1,1,1,0,0,0,0
River Complex,2021,2021-08-22 09:00:00,2021-08-22 02:00:00,2021-08-22 01:00:00,540,539.5,383.509,41.1796097531644,122.522,9.827,7.122,4.768,3.146,1.244,1.965,1.938,0,1,1,1,1,0,0,0,0,0
River Complex,2021,2021-08-22 10:00:00,2021-08-22 03:00:00,2021-08-22 02:00:00,541,540.5,383.509,41.1796097531644,122.522,9.827,7.122,4.768,3.146,1.244,1.965,1.938,0,1,1,1,1,0,0,0,0,0
River Complex,2021,2021-08-22 11:00:00,2021-08-22 04:00:00,2021-08-22 03:00:00,542,541.5,383.509,41.1796097531644,122.522,9.827,7.122,4.768,3.146,1.244,1.965,1.938,0,1,1,1,1,0,0,0,0,0
River Complex,2021,2021-08-22 12:00:00,2021-08-22 05:00:00,2021-08-22 04:00:00,543,542.5,383.509,41.1796097531644,122.522,9.827,7.122,4.768,3.146,1.244,1.965,1.938,0,0,0,0,0,0,0,0,0,0
River Complex,2021,2021-08-22 13:00:00,2021-08-22 06:00:00,2021-08-22 05:00:00,544,543.5,383.509,41.1796097531644,122.522,9.827,7.122,4.768,3.146,1.244,1.965,1.938,0,0,0,0,0,0,0,0,0,0
River Complex,2021,2021-08-22 14:00:00,2021-08-22 07:00:00,2021-08-22 06:00:00,545,544.5,383.509,41.1796097531644,122.522,9.827,7.122,4.768,3.146,1.244,1.965,1.938,0,0,0,0,0,0,0,0,0,0
River Complex,2021,2021-08-22 15:00:00,2021-08-22 08:00:00,2021-08-22 07:00:00,546,545.5,383.509,41.1796097531644,122.522,9.827,7.122,4.768,3.146,1.244,1.965,1.938,0,0,0,0,0,0,0,0,0,0
River Complex,2021,2021-08-22 16:00:00,2021-08-22 09:00:00,2021-08-22 08:00:00,547,546.5,383.509,41.1796097531644,122.522,9.827,7.122,4.768,3.146,1.244,1.965,1.938,0,0,0,0,0,0,0,0,0,0
River Complex,2021,2021-08-22 17:00:00,2021-08-22 10:00:00,2021-08-22 09:00:00,548,547.5,383.509,41.1796097531644,122.522,9.827,7.122,4.768,3.146,1.244,1.965,1.938,0,0,0,0,0,0,0,0,0,0
River Complex,2021,2021-08-22 18:00:00,2021-08-22 11:00:00,2021-08-22 10:00:00,549,548.5,383.509,41.1796097531644,122.522,9.827,4.754,4.049,1.895,1.244,1.965,1.938,0,1,1,1,0,0,0,0,0,0
River Complex,2021,2021-08-22 19:00:00,2021-08-22 12:00:00,2021-08-22 11:00:00,550,549.5,383.509,41.1796097531644,122.522,9.827,4.754,4.049,1.895,1.244,1.965,1.938,0,1,1,1,0,0,0,0,0,0
River Complex,2021,2021-08-22 20:00:00,2021-08-22 13:00:00,2021-08-22 12:00:00,551,550.5,383.509,41.1796097531644,122.522,9.827,9.661,7.915,3.203,1.244,1.965,1.938,0,1,1,1,0,0,0,0,0,0
River Complex,2021,2021-08-22 21:00:00,2021-08-22 14:00:00,2021-08-22 13:00:00,552,551.5,383.509,41.1796097531644,122.522,9.827,13.195,10.488,1.895,1.244,1.965,1.938,0,1,1,1,0,0,0,0,0,0
River Complex,2021,2021-08-22 22:00:00,2021-08-22 15:00:00,2021-08-22 14:00:00,553,552.5,383.509,41.1796097531644,122.522,9.827,19.733,14.982,6.878,1.244,1.965,1.938,1,1,1,1,0,0,0,0,0,0
River Complex,2021,2021-08-22 23:00:00,2021-08-22 16:00:00,2021-08-22 15:00:00,554,553.5,388.837,41.7517083499766,122.735,4.572,39.215,34.49,17.104,5.528,0.79,1.938,0,1,1,1,1,1,0,5.328,1.02,0.542
River Complex,2021,2021-08-23 00:00:00,2021-08-22 17:00:00,2021-08-22 16:00:00,555,554.5,388.837,41.7517083499766,122.735,4.572,37.74,32.035,14.77,2.17,0.79,1.938,1,1,1,1,1,0,0,0,0,0
River Complex,2021,2021-08-23 01:00:00,2021-08-22 18:00:00,2021-08-22 17:00:00,556,555.5,389.806,41.8557555609959,123.263,5.392,30.113,22.052,13.284,2.17,0.79,1.938,1,1,1,1,0,0,0,0.969,0.648,0.212
River Complex,2021,2021-08-23 02:00:00,2021-08-22 19:00:00,2021-08-22 18:00:00,557,556.5,389.907,41.8666005231352,123.29,1.335,30.752,23.628,5.04,2.17,0.79,1.938,0,1,1,1,0,0,0,0.101,0.045,0.019
River Complex,2021,2021-08-23 03:00:00,2021-08-22 20:00:00,2021-08-22 19:00:00,558,557.5,389.907,41.8666005231352,123.29,1.335,22.069,17.075,5.238,2.17,0.79,1.938,0,1,1,1,0,0,0,0,0,0
River Complex,2021,2021-08-23 04:00:00,2021-08-22 21:00:00,2021-08-22 20:00:00,559,558.5,389.907,41.8666005231352,123.29,1.335,23.015,18.799,10.185,2.17,0.79,1.938,0,1,1,1,0,0,0,0,0,0
River Complex,2021,2021-08-23 05:00:00,2021-08-22 22:00:00,2021-08-22 21:00:00,560,559.5,389.907,41.8666005231352,123.29,1.335,15.63,12.639,3.512,2.17,0.79,1.938,0,1,1,1,0,0,0,0,0,0
River Complex,2021,2021-08-23 06:00:00,2021-08-22 23:00:00,2021-08-22 22:00:00,561,560.5,389.907,41.8666005231352,123.29,1.335,13.782,11.064,4.427,2.283,0.79,1.938,0,1,1,1,1,0,0,0,0,0
River Complex,2021,2021-08-23 07:00:00,2021-08-23 00:00:00,2021-08-22 23:00:00,562,561.5,389.907,41.8666005231352,123.29,1.335,6.58,5.56,3.512,2.283,0.79,1.938,0,1,1,1,0,0,0,0,0,0
River Complex,2021,2021-08-23 08:00:00,2021-08-23 01:00:00,2021-08-23 00:00:00,563,562.5,389.907,41.8666005231352,123.29,1.335,5.282,4.322,2.358,2.283,0.79,1.938,0,1,1,1,0,0,0,0,0,0
River Complex,2021,2021-08-23 09:00:00,2021-08-23 02:00:00,2021-08-23 01:00:00,564,563.5,389.907,41.8666005231352,123.29,1.335,6.58,5.56,3.512,2.283,0.79,1.938,0,1,1,1,0,0,0,0,0,0
River Complex,2021,2021-08-23 10:00:00,2021-08-23 03:00:00,2021-08-23 02:00:00,565,564.5,389.907,41.8666005231352,123.29,1.335,6.58,5.56,3.512,2.283,0.79,1.938,0,1,1,1,0,0,0,0,0,0
River Complex,2021,2021-08-23 11:00:00,2021-08-23 04:00:00,2021-08-23 03:00:00,566,565.5,389.907,41.8666005231352,123.29,1.335,4.758,4.045,1.895,2.283,0.79,1.938,0,1,1,1,0,0,0,0,0,0
River Complex,2021,2021-08-23 12:00:00,2021-08-23 05:00:00,2021-08-23 04:00:00,567,566.5,389.907,41.8666005231352,123.29,1.335,4.758,4.045,1.895,2.283,0.79,1.938,0,1,1,1,0,0,0,0,0,0
River Complex,2021,2021-08-23 13:00:00,2021-08-23 06:00:00,2021-08-23 05:00:00,568,567.5,389.907,41.8666005231352,123.29,1.335,7.077,5.433,1.895,2.283,0.79,1.938,0,1,1,1,0,0,0,0,0,0
River Complex,2021,2021-08-23 14:00:00,2021-08-23 07:00:00,2021-08-23 06:00:00,569,568.5,389.907,41.8666005231352,123.29,1.335,4.758,4.045,1.895,2.283,0.79,1.938,0,1,1,1,0,0,0,0,0,0
River Complex,2021,2021-08-23 15:00:00,2021-08-23 08:00:00,2021-08-23 07:00:00,570,569.5,389.907,41.8666005231352,123.29,1.335,4.758,4.045,1.895,2.283,0.79,1.938,0,1,1,1,0,0,0,0,0,0
River Complex,2021,2021-08-23 16:00:00,2021-08-23 09:00:00,2021-08-23 08:00:00,571,570.5,389.907,41.8666005231352,123.29,1.335,4.758,4.045,1.895,2.283,0.79,1.938,0,1,1,1,0,0,0,0,0,0
River Complex,2021,2021-08-23 17:00:00,2021-08-23 10:00:00,2021-08-23 09:00:00,572,571.5,389.907,41.8666005231352,123.29,1.335,4.758,4.045,1.895,2.283,0.79,1.938,0,0,0,0,0,0,0,0,0,0
River Complex,2021,2021-08-23 18:00:00,2021-08-23 11:00:00,2021-08-23 10:00:00,573,572.5,389.907,41.8666005231352,123.29,1.335,4.758,4.045,1.895,2.283,0.79,1.938,0,0,0,0,0,0,0,0,0,0
River Complex,2021,2021-08-23 19:00:00,2021-08-23 12:00:00,2021-08-23 11:00:00,574,573.5,389.907,41.8666005231352,123.29,1.335,9.7,7.886,3.883,2.283,0.79,1.938,1,1,1,1,0,0,0,0,0,0
River Complex,2021,2021-08-23 20:00:00,2021-08-23 13:00:00,2021-08-23 12:00:00,575,574.5,390.84,41.966782203095,127.138,0.935,16.25,14.542,10.602,3.806,0.79,1.938,1,1,1,1,1,0,0,0.933,0.707,0.699
River Complex,2021,2021-08-23 21:00:00,2021-08-23 14:00:00,2021-08-23 13:00:00,576,575.5,390.859,41.9688223444875,127.184,4.327,17.61,13.79,9.188,3.846,0.754,1.938,0,1,1,1,1,1,0,0.019,0.048,0.02
River Complex,2021,2021-08-23 22:00:00,2021-08-23 15:00:00,2021-08-23 14:00:00,577,576.5,390.859,41.9688223444875,127.184,4.327,14.796,12.98,7.183,3.617,0.754,1.938,0,1,1,1,1,0,0,0,0,0
River Complex,2021,2021-08-23 23:00:00,2021-08-23 16:00:00,2021-08-23 15:00:00,578,577.5,390.859,41.9688223444875,127.184,4.327,29.589,20.927,11.591,6.9,0.754,1.938,0,1,1,1,1,1,0,0,0,0
River Complex,2021,2021-08-24 00:00:00,2021-08-23 17:00:00,2021-08-23 16:00:00,579,578.5,390.859,41.9688223444875,127.184,4.327,32.769,22.939,11.953,5.165,0.754,1.938,0,1,1,1,1,1,0,0,0,0
River Complex,2021,2021-08-24 01:00:00,2021-08-23 18:00:00,2021-08-23 17:00:00,580,579.5,390.859,41.9688223444875,127.184,4.327,25.739,17.636,5.955,1.063,0.754,1.938,0,1,1,1,1,0,0,0,0,0
River Complex,2021,2021-08-24 02:00:00,2021-08-23 19:00:00,2021-08-23 18:00:00,581,580.5,390.859,41.9688223444875,127.184,4.327,14.709,10.503,3.645,1.063,0.754,1.938,0,1,1,1,0,0,0,0,0,0
River Complex,2021,2021-08-24 03:00:00,2021-08-23 20:00:00,2021-08-23 19:00:00,582,581.5,390.859,41.9688223444875,127.184,4.327,4.628,3.871,1.831,1.063,0.754,1.938,0,1,1,1,0,0,0,0,0,0
River Complex,2021,2021-08-24 04:00:00,2021-08-23 21:00:00,2021-08-23 20:00:00,583,582.5,390.859,41.9688223444875,127.184,4.327,10.826,7.117,3.645,1.063,0.754,1.938,0,1,1,1,0,0,0,0,0,0
River Complex,2021,2021-08-24 05:00:00,2021-08-23 22:00:00,2021-08-23 21:00:00,584,583.5,390.859,41.9688223444875,127.184,4.327,12.612,8.898,3.645,1.063,0.754,1.938,0,1,1,1,0,0,0,0,0,0
River Complex,2021,2021-08-24 06:00:00,2021-08-23 23:00:00,2021-08-23 22:00:00,585,584.5,390.859,41.9688223444875,127.184,4.327,12.612,8.898,3.645,1.063,0.754,1.938,0,0,0,0,0,0,0,0,0,0
River Complex,2021,2021-08-24 07:00:00,2021-08-24 00:00:00,2021-08-23 23:00:00,586,585.5,390.859,41.9688223444875,127.184,4.327,12.612,8.898,3.645,1.063,0.754,1.938,0,0,0,0,0,0,0,0,0,0
River Complex,2021,2021-08-24 08:00:00,2021-08-24 01:00:00,2021-08-24 00:00:00,587,586.5,390.859,41.9688223444875,127.184,4.327,12.612,8.898,3.645,1.063,0.754,1.938,0,0,0,0,0,0,0,0,0,0
River Complex,2021,2021-08-24 09:00:00,2021-08-24 02:00:00,2021-08-24 01:00:00,588,587.5,390.859,41.9688223444875,127.184,4.327,12.612,8.898,3.645,1.063,0.754,1.938,0,0,0,0,0,0,0,0,0,0
River Complex,2021,2021-08-24 10:00:00,2021-08-24 03:00:00,2021-08-24 02:00:00,589,588.5,390.859,41.9688223444875,127.184,4.327,12.612,8.898,3.645,1.063,0.754,1.938,0,0,0,0,0,0,0,0,0,0
River Complex,2021,2021-08-24 11:00:00,2021-08-24 04:00:00,2021-08-24 03:00:00,590,589.5,390.859,41.9688223444875,127.184,4.327,12.612,8.898,3.645,1.063,0.754,1.938,0,0,0,0,0,0,0,0,0,0
River Complex,2021,2021-08-24 12:00:00,2021-08-24 05:00:00,2021-08-24 04:00:00,591,590.5,390.859,41.9688223444875,127.184,4.327,12.612,8.898,3.645,1.063,0.754,1.938,0,0,0,0,0,0,0,0,0,0
River Complex,2021,2021-08-24 13:00:00,2021-08-24 06:00:00,2021-08-24 05:00:00,592,591.5,390.859,41.9688223444875,127.184,4.327,12.612,8.898,3.645,1.063,0.754,1.938,0,0,0,0,0,0,0,0,0,0
River Complex,2021,2021-08-24 14:00:00,2021-08-24 07:00:00,2021-08-24 06:00:00,593,592.5,390.859,41.9688223444875,127.184,4.327,12.612,8.898,3.645,1.063,0.754,1.938,0,0,0,0,0,0,0,0,0,0
River Complex,2021,2021-08-24 15:00:00,2021-08-24 08:00:00,2021-08-24 07:00:00,594,593.5,390.859,41.9688223444875,127.184,4.327,12.612,8.898,3.645,1.063,0.754,1.938,0,0,0,0,0,0,0,0,0,0
River Complex,2021,2021-08-24 16:00:00,2021-08-24 09:00:00,2021-08-24 08:00:00,595,594.5,390.859,41.9688223444875,127.184,4.327,12.612,8.898,3.645,1.063,0.754,1.938,0,0,0,0,0,0,0,0,0,0
River Complex,2021,2021-08-24 17:00:00,2021-08-24 10:00:00,2021-08-24 09:00:00,596,595.5,390.859,41.9688223444875,127.184,4.327,12.612,8.898,3.645,1.063,0.754,1.938,0,0,0,0,0,0,0,0,0,0
River Complex,2021,2021-08-24 18:00:00,2021-08-24 11:00:00,2021-08-24 10:00:00,597,596.5,390.859,41.9688223444875,127.184,4.327,12.612,8.898,3.645,1.063,0.754,1.938,0,0,0,0,0,0,0,0,0,0
River Complex,2021,2021-08-24 19:00:00,2021-08-24 12:00:00,2021-08-24 11:00:00,598,597.5,390.859,41.9688223444875,127.184,4.327,4.932,4.165,1.95,1.063,0.754,1.938,0,1,1,1,0,0,0,0,0,0
River Complex,2021,2021-08-24 20:00:00,2021-08-24 13:00:00,2021-08-24 12:00:00,599,598.5,390.859,41.9688223444875,127.184,4.327,11.733,9.045,2.881,1.063,0.754,1.938,1,1,1,1,0,0,0,0,0,0
River Complex,2021,2021-08-24 21:00:00,2021-08-24 14:00:00,2021-08-24 13:00:00,600,599.5,391.653,42.054078779523,127.681,6.639,17.192,13.935,5.144,1.263,0.754,1.938,1,1,1,1,1,0,0,0.794,0.416,0.183
River Complex,2021,2021-08-24 22:00:00,2021-08-24 15:00:00,2021-08-24 14:00:00,601,600.5,393.486,42.2508987359713,128.062,3.149,18.644,14.653,7.521,1.263,0.754,1.938,1,1,1,1,0,0,0,1.833,1.128,0.276
River Complex,2021,2021-08-24 23:00:00,2021-08-24 16:00:00,2021-08-24 15:00:00,602,601.5,393.563,42.2591666774043,128.073,11.088,21.343,16.591,11.479,3.579,1.078,1.938,0,1,1,1,1,1,0,0.077,0.039,0.024
River Complex,2021,2021-08-25 00:00:00,2021-08-24 17:00:00,2021-08-24 16:00:00,603,602.5,393.563,42.2591666774043,128.073,11.088,8.545,6.015,3.04,3.579,1.078,1.938,0,1,1,1,0,0,0,0,0,0
River Complex,2021,2021-08-25 01:00:00,2021-08-24 18:00:00,2021-08-24 17:00:00,604,603.5,393.563,42.2591666774043,128.073,11.088,12.265,7.287,1.117,3.579,1.078,1.938,0,1,1,1,0,0,0,0,0,0
River Complex,2021,2021-08-25 02:00:00,2021-08-24 19:00:00,2021-08-24 18:00:00,605,604.5,393.563,42.2591666774043,128.073,11.088,15.477,10.094,5.554,3.579,1.078,1.938,0,1,1,1,0,0,0,0,0,0
River Complex,2021,2021-08-25 03:00:00,2021-08-24 20:00:00,2021-08-24 19:00:00,606,605.5,393.563,42.2591666774043,128.073,11.088,15.117,11.247,6.456,3.065,1.078,1.938,0,1,1,1,1,0,0,0,0,0
River Complex,2021,2021-08-25 04:00:00,2021-08-24 21:00:00,2021-08-24 20:00:00,607,606.5,393.563,42.2591666774043,128.073,11.088,9.828,7.981,4.523,3.065,1.078,1.938,0,1,1,1,0,0,0,0,0,0
River Complex,2021,2021-08-25 05:00:00,2021-08-24 22:00:00,2021-08-24 21:00:00,608,607.5,393.563,42.2591666774043,128.073,11.088,10.066,8.227,4.857,1.597,1.078,1.938,0,1,1,1,1,0,0,0,0,0
River Complex,2021,2021-08-25 06:00:00,2021-08-24 23:00:00,2021-08-24 22:00:00,609,608.5,393.563,42.2591666774043,128.073,11.088,10.734,8.904,5.574,3.354,1.078,1.938,0,1,1,1,1,0,0,0,0,0
River Complex,2021,2021-08-25 07:00:00,2021-08-25 00:00:00,2021-08-24 23:00:00,610,609.5,393.563,42.2591666774043,128.073,11.088,6.381,5.727,4.018,2.002,1.078,1.938,0,1,1,1,1,0,0,0,0,0
River Complex,2021,2021-08-25 08:00:00,2021-08-25 01:00:00,2021-08-25 00:00:00,611,610.5,393.563,42.2591666774043,128.073,11.088,4.628,3.871,1.831,2.002,1.078,1.938,0,1,1,1,0,0,0,0,0,0
River Complex,2021,2021-08-25 09:00:00,2021-08-25 02:00:00,2021-08-25 01:00:00,612,611.5,393.563,42.2591666774043,128.073,11.088,4.628,3.871,1.831,2.002,1.078,1.938,0,1,1,1,0,0,0,0,0,0
River Complex,2021,2021-08-25 10:00:00,2021-08-25 03:00:00,2021-08-25 02:00:00,613,612.5,393.563,42.2591666774043,128.073,11.088,4.628,3.871,1.831,2.002,1.078,1.938,0,1,1,1,0,0,0,0,0,0
River Complex,2021,2021-08-25 11:00:00,2021-08-25 04:00:00,2021-08-25 03:00:00,614,613.5,393.563,42.2591666774043,128.073,11.088,4.262,2.503,1.831,2.002,1.078,1.938,0,1,1,0,0,0,0,0,0,0
River Complex,2021,2021-08-25 12:00:00,2021-08-25 05:00:00,2021-08-25 04:00:00,615,614.5,393.563,42.2591666774043,128.073,11.088,5.078,3.762,1.683,2.002,1.078,1.938,0,1,1,1,0,0,0,0,0,0
River Complex,2021,2021-08-25 13:00:00,2021-08-25 06:00:00,2021-08-25 05:00:00,616,615.5,393.563,42.2591666774043,128.073,11.088,6.965,5.989,3.817,2.002,1.078,1.938,0,1,1,1,0,0,0,0,0,0
River Complex,2021,2021-08-25 14:00:00,2021-08-25 07:00:00,2021-08-25 06:00:00,617,616.5,393.563,42.2591666774043,128.073,11.088,4.866,4.046,1.907,2.002,1.078,1.938,0,1,1,1,0,0,0,0,0,0
River Complex,2021,2021-08-25 15:00:00,2021-08-25 08:00:00,2021-08-25 07:00:00,618,617.5,393.563,42.2591666774043,128.073,11.088,4.866,4.046,1.907,2.002,1.078,1.938,0,0,0,0,0,0,0,0,0,0
River Complex,2021,2021-08-25 16:00:00,2021-08-25 09:00:00,2021-08-25 08:00:00,619,618.5,393.563,42.2591666774043,128.073,11.088,4.866,4.046,1.907,2.002,1.078,1.938,0,0,0,0,0,0,0,0,0,0
River Complex,2021,2021-08-25 17:00:00,2021-08-25 10:00:00,2021-08-25 09:00:00,620,619.5,393.563,42.2591666774043,128.073,11.088,4.866,4.046,1.907,2.002,1.078,1.938,0,0,0,0,0,0,0,0,0,0
River Complex,2021,2021-08-25 18:00:00,2021-08-25 11:00:00,2021-08-25 10:00:00,621,620.5,393.563,42.2591666774043,128.073,11.088,4.866,4.046,1.907,2.002,1.078,1.938,0,0,0,0,0,0,0,0,0,0
River Complex,2021,2021-08-25 19:00:00,2021-08-25 12:00:00,2021-08-25 11:00:00,622,621.5,393.563,42.2591666774043,128.073,11.088,4.481,3.493,0.93,2.002,1.078,1.938,0,1,1,1,0,0,0,0,0,0
River Complex,2021,2021-08-25 20:00:00,2021-08-25 13:00:00,2021-08-25 12:00:00,623,622.5,393.563,42.2591666774043,128.073,11.088,18.818,16.478,10.172,2.002,1.078,1.938,0,1,1,1,0,0,0,0,0,0
River Complex,2021,2021-08-25 21:00:00,2021-08-25 14:00:00,2021-08-25 13:00:00,624,623.5,393.563,42.2591666774043,128.073,11.088,23.653,20.378,13.145,9.022,2.935,1.938,1,1,1,1,1,1,0,0,0,0
River Complex,2021,2021-08-25 22:00:00,2021-08-25 15:00:00,2021-08-25 14:00:00,625,624.5,404.724,43.4575886817251,130.665,7.917,31.473,29.437,20.81,15.515,10.367,6.425,1,1,1,1,1,1,1,11.161,2.861,1.007
River Complex,2021,2021-08-25 23:00:00,2021-08-25 16:00:00,2021-08-25 15:00:00,626,625.5,404.918,43.4784195991015,130.762,1.191,41.325,35.131,27.165,19.13,8.498,6.425,0,1,1,1,1,1,0,0.194,0.085,0.025
River Complex,2021,2021-08-26 00:00:00,2021-08-25 17:00:00,2021-08-25 16:00:00,627,626.5,404.918,43.4784195991015,130.762,1.191,37.757,34.432,21.968,13.796,1.521,6.425,0,1,1,1,1,1,0,0,0,0
River Complex,2021,2021-08-26 01:00:00,2021-08-25 18:00:00,2021-08-25 17:00:00,628,627.5,404.918,43.4784195991015,130.762,1.191,36.717,34.181,26.323,5.531,1.521,6.425,0,1,1,1,1,0,0,0,0,0
River Complex,2021,2021-08-26 02:00:00,2021-08-25 19:00:00,2021-08-25 18:00:00,629,628.5,404.918,43.4784195991015,130.762,1.191,39.824,36.32,28.37,7.269,1.521,6.425,1,1,1,1,1,0,0,0,0,0
River Complex,2021,2021-08-26 03:00:00,2021-08-25 20:00:00,2021-08-25 19:00:00,630,629.5,404.963,43.4832515129259,130.758,13.954,36.456,31.966,19.339,6.383,4.041,1.877,1,1,1,1,1,1,1,0.045,0.042,0.038
River Complex,2021,2021-08-26 04:00:00,2021-08-25 21:00:00,2021-08-25 20:00:00,631,630.5,408.016,43.8110700219476,131.166,9.675,22.188,18.937,12.582,7.709,3.298,1.877,1,1,1,1,1,1,0,3.053,0.533,0.219
River Complex,2021,2021-08-26 05:00:00,2021-08-25 22:00:00,2021-08-25 21:00:00,632,631.5,411.927,44.2310170212218,134.142,1.083,30.723,26.016,21.235,14.149,8.781,2.971,1,1,1,1,1,1,1,3.911,2.034,0.404
River Complex,2021,2021-08-26 06:00:00,2021-08-25 23:00:00,2021-08-25 22:00:00,633,632.5,411.948,44.2332719143398,134.147,7.471,21.571,18.298,13.167,5.732,8.781,2.971,0,1,1,1,1,0,0,0.021,0.04,0.019
River Complex,2021,2021-08-26 07:00:00,2021-08-26 00:00:00,2021-08-25 23:00:00,634,633.5,411.948,44.2332719143398,134.147,7.471,18.969,15.457,8.972,1.844,8.781,2.971,0,1,1,1,1,0,0,0,0,0
River Complex,2021,2021-08-26 08:00:00,2021-08-26 01:00:00,2021-08-26 00:00:00,635,634.5,411.948,44.2332719143398,134.147,7.471,9.794,6.321,2.611,1.844,8.781,2.971,0,1,1,1,0,0,0,0,0,0
River Complex,2021,2021-08-26 09:00:00,2021-08-26 02:00:00,2021-08-26 01:00:00,636,635.5,411.948,44.2332719143398,134.147,7.471,6.756,4.91,1.354,1.844,8.781,2.971,0,1,1,1,0,0,0,0,0,0
River Complex,2021,2021-08-26 10:00:00,2021-08-26 03:00:00,2021-08-26 02:00:00,637,636.5,411.948,44.2332719143398,134.147,7.471,11.088,8.598,4.02,1.844,8.781,2.971,0,1,1,1,0,0,0,0,0,0
River Complex,2021,2021-08-26 11:00:00,2021-08-26 04:00:00,2021-08-26 03:00:00,638,637.5,411.948,44.2332719143398,134.147,7.471,11.088,8.598,4.02,1.844,8.781,2.971,0,0,0,0,0,0,0,0,0,0
River Complex,2021,2021-08-26 12:00:00,2021-08-26 05:00:00,2021-08-26 04:00:00,639,638.5,411.948,44.2332719143398,134.147,7.471,7.007,5.231,1.907,1.844,8.781,2.971,0,1,1,1,0,0,0,0,0,0
River Complex,2021,2021-08-26 13:00:00,2021-08-26 06:00:00,2021-08-26 05:00:00,640,639.5,411.948,44.2332719143398,134.147,7.471,7.007,5.231,1.907,1.844,8.781,2.971,0,1,1,1,0,0,0,0,0,0
River Complex,2021,2021-08-26 14:00:00,2021-08-26 07:00:00,2021-08-26 06:00:00,641,640.5,411.948,44.2332719143398,134.147,7.471,2.296,1.379,1.907,1.844,8.781,2.971,0,1,1,0,0,0,0,0,0,0
River Complex,2021,2021-08-26 15:00:00,2021-08-26 08:00:00,2021-08-26 07:00:00,642,641.5,411.948,44.2332719143398,134.147,7.471,2.296,1.379,1.907,1.844,8.781,2.971,0,1,1,0,0,0,0,0,0,0
River Complex,2021,2021-08-26 16:00:00,2021-08-26 09:00:00,2021-08-26 08:00:00,643,642.5,411.948,44.2332719143398,134.147,7.471,2.296,1.379,1.907,1.844,8.781,2.971,0,1,1,0,0,0,0,0,0,0
River Complex,2021,2021-08-26 17:00:00,2021-08-26 10:00:00,2021-08-26 09:00:00,644,643.5,411.948,44.2332719143398,134.147,7.471,12.771,10.291,6.738,4.818,1.907,2.971,0,1,1,1,1,1,0,0,0,0
River Complex,2021,2021-08-26 18:00:00,2021-08-26 11:00:00,2021-08-26 10:00:00,645,644.5,411.948,44.2332719143398,134.147,7.471,10.822,8.773,2.753,4.818,1.907,2.971,0,1,1,1,0,0,0,0,0,0
River Complex,2021,2021-08-26 19:00:00,2021-08-26 12:00:00,2021-08-26 11:00:00,646,645.5,411.948,44.2332719143398,134.147,7.471,21.182,16.833,8.423,3.603,1.907,2.971,0,1,1,1,1,0,0,0,0,0
River Complex,2021,2021-08-26 20:00:00,2021-08-26 13:00:00,2021-08-26 12:00:00,647,646.5,411.948,44.2332719143398,134.147,7.471,19.965,16.088,5.825,2.567,1.907,2.971,0,1,1,1,1,0,0,0,0,0
River Complex,2021,2021-08-26 21:00:00,2021-08-26 14:00:00,2021-08-26 13:00:00,648,647.5,411.948,44.2332719143398,134.147,7.471,31.264,25.652,7.208,2.567,1.907,2.971,1,1,1,1,0,0,0,0,0,0
River Complex,2021,2021-08-26 22:00:00,2021-08-26 15:00:00,2021-08-26 14:00:00,649,648.5,414.376,44.4939805091334,132.991,18.367,28.183,23.908,11.615,4.08,1.907,2.971,0,1,1,1,1,0,0,2.428,0.97,0.325
River Complex,2021,2021-08-26 23:00:00,2021-08-26 16:00:00,2021-08-26 15:00:00,650,649.5,414.376,44.4939805091334,132.991,18.367,28.931,24.413,12.311,4.334,1.907,2.971,0,1,1,1,1,0,0,0,0,0
River Complex,2021,2021-08-27 00:00:00,2021-08-26 17:00:00,2021-08-26 16:00:00,651,650.5,414.376,44.4939805091334,132.991,18.367,36.38,31.669,15.989,6.249,1.907,2.971,1,1,1,1,1,0,0,0,0,0
River Complex,2021,2021-08-27 01:00:00,2021-08-26 18:00:00,2021-08-26 17:00:00,652,651.5,419.855,45.0822928612231,135.758,2.199,57.678,53.261,36.774,21.373,10.75,2.971,1,1,1,1,1,1,0,5.479,1.686,0.298
River Complex,2021,2021-08-27 02:00:00,2021-08-26 19:00:00,2021-08-26 18:00:00,653,652.5,419.994,45.0972181061475,135.74,9.632,42.066,36.224,23.75,10.187,3.761,2.971,1,1,1,1,1,1,0,0.139,0.128,0.063
River Complex,2021,2021-08-27 03:00:00,2021-08-26 20:00:00,2021-08-26 19:00:00,654,653.5,424.671,45.5994150162997,136.488,4.204,40.909,34.541,25.222,13.227,7.045,4.606,0,1,1,1,1,1,1,4.677,1.276,0.486
River Complex,2021,2021-08-27 04:00:00,2021-08-26 21:00:00,2021-08-26 20:00:00,655,654.5,424.671,45.5994150162997,136.488,4.204,33.72,27.127,20.054,9.494,4.23,1.817,1,1,1,1,1,1,1,0,0,0
River Complex,2021,2021-08-27 05:00:00,2021-08-26 22:00:00,2021-08-26 21:00:00,656,655.5,424.759,45.608864092223,136.474,4.933,22.089,18.939,10.505,4.549,0.927,1.817,0,1,1,1,1,1,0,0.088,0.043,0.021
River Complex,2021,2021-08-27 06:00:00,2021-08-26 23:00:00,2021-08-26 22:00:00,657,656.5,424.759,45.608864092223,136.474,4.933,14.822,11.813,6.748,3.434,0.927,1.817,0,1,1,1,1,0,0,0,0,0
River Complex,2021,2021-08-27 07:00:00,2021-08-27 00:00:00,2021-08-26 23:00:00,658,657.5,424.759,45.608864092223,136.474,4.933,9.645,7.433,4.228,3.434,0.927,1.817,0,1,1,1,0,0,0,0,0,0
River Complex,2021,2021-08-27 08:00:00,2021-08-27 01:00:00,2021-08-27 00:00:00,659,658.5,424.759,45.608864092223,136.474,4.933,9.645,7.433,4.228,3.434,0.927,1.817,0,1,1,1,0,0,0,0,0,0
River Complex,2021,2021-08-27 09:00:00,2021-08-27 02:00:00,2021-08-27 01:00:00,660,659.5,424.759,45.608864092223,136.474,4.933,10.198,8.231,5.687,3.434,0.927,1.817,0,1,1,1,1,0,0,0,0,0
River Complex,2021,2021-08-27 10:00:00,2021-08-27 03:00:00,2021-08-27 02:00:00,661,660.5,424.759,45.608864092223,136.474,4.933,10.198,9.054,6.58,4.549,0.927,1.817,0,1,1,1,1,1,0,0,0,0
River Complex,2021,2021-08-27 11:00:00,2021-08-27 04:00:00,2021-08-27 03:00:00,662,661.5,424.759,45.608864092223,136.474,4.933,6.624,5.687,3.125,4.549,0.927,1.817,0,1,1,1,0,0,0,0,0,0
River Complex,2021,2021-08-27 12:00:00,2021-08-27 05:00:00,2021-08-27 04:00:00,663,662.5,424.759,45.608864092223,136.474,4.933,8.043,6.922,4.528,1.528,0.927,1.817,0,1,1,1,1,0,0,0,0,0
River Complex,2021,2021-08-27 13:00:00,2021-08-27 06:00:00,2021-08-27 05:00:00,664,663.5,424.759,45.608864092223,136.474,4.933,11.584,7.944,4.528,1.528,0.927,1.817,0,1,1,1,1,0,0,0,0,0
River Complex,2021,2021-08-27 14:00:00,2021-08-27 07:00:00,2021-08-27 06:00:00,665,664.5,424.759,45.608864092223,136.474,4.933,6.624,5.687,3.125,1.528,0.927,1.817,0,1,1,1,0,0,0,0,0,0
River Complex,2021,2021-08-27 15:00:00,2021-08-27 08:00:00,2021-08-27 07:00:00,666,665.5,424.759,45.608864092223,136.474,4.933,6.624,5.687,3.125,1.528,0.927,1.817,0,1,1,1,0,0,0,0,0,0
River Complex,2021,2021-08-27 16:00:00,2021-08-27 09:00:00,2021-08-27 08:00:00,667,666.5,424.759,45.608864092223,136.474,4.933,10.166,8.313,3.125,1.528,0.927,1.817,0,1,1,1,0,0,0,0,0,0
River Complex,2021,2021-08-27 17:00:00,2021-08-27 10:00:00,2021-08-27 09:00:00,668,667.5,424.759,45.608864092223,136.474,4.933,7.836,6.583,4.328,0.763,0.927,1.817,1,1,1,1,1,0,0,0,0,0
River Complex,2021,2021-08-27 18:00:00,2021-08-27 11:00:00,2021-08-27 10:00:00,669,668.5,427.753,45.9303474253416,137.411,0.878,20.394,18.442,10.721,7.056,3.467,1.817,1,1,1,1,1,1,0,2.994,0.942,0.607
River Complex,2021,2021-08-27 19:00:00,2021-08-27 12:00:00,2021-08-27 11:00:00,670,669.5,427.772,45.9323875667341,137.39,6.649,20.753,18.962,15.453,10.246,3.27,1.817,0,1,1,1,1,1,0,0.019,0.042,0.022
River Complex,2021,2021-08-27 20:00:00,2021-08-27 13:00:00,2021-08-27 12:00:00,671,670.5,427.772,45.9323875667341,137.39,6.649,29.944,25.91,15.362,4.857,2.931,1.817,1,1,1,1,1,1,0,0,0,0
River Complex,2021,2021-08-27 21:00:00,2021-08-27 14:00:00,2021-08-27 13:00:00,672,671.5,429.067,46.0714393090148,137.505,9.684,31.839,29.046,21.381,9.73,4.381,1.817,1,1,1,1,1,1,0,1.295,0.563,0.195
River Complex,2021,2021-08-27 22:00:00,2021-08-27 15:00:00,2021-08-27 14:00:00,673,672.5,432.758,46.4677636184807,138.829,11.257,50.235,47.811,34.493,17.204,10.424,1.817,1,1,1,1,1,1,0,3.691,1.093,0.381
River Complex,2021,2021-08-27 23:00:00,2021-08-27 16:00:00,2021-08-27 15:00:00,674,673.5,442.299,47.4922367251221,137.219,6.122,47.97,45.031,38.747,26.284,14.896,3.812,1,1,1,1,1,1,1,9.541,2.16,0.848
River Complex,2021,2021-08-28 00:00:00,2021-08-27 17:00:00,2021-08-27 16:00:00,675,674.5,445.772,47.8651530965051,136.659,12.139,42.328,38.375,26.393,10.788,3.245,3.812,1,1,1,1,1,1,0,3.473,1.287,0.567
River Complex,2021,2021-08-28 01:00:00,2021-08-27 18:00:00,2021-08-27 17:00:00,676,675.5,449.687,48.2855295992303,138.558,6.68,58.896,53.806,34.36,17.993,7.298,1.75,0,1,1,1,1,1,1,3.915,0.997,0.323
River Complex,2021,2021-08-28 02:00:00,2021-08-27 19:00:00,2021-08-27 18:00:00,677,676.5,449.687,48.2855295992303,138.558,6.68,55.039,45.519,30.576,16.91,2.609,1.75,1,1,1,1,1,1,0,0,0,0
River Complex,2021,2021-08-28 03:00:00,2021-08-27 20:00:00,2021-08-27 19:00:00,678,677.5,453.45,48.6895849708152,139.535,3.52,46.56,36.87,27.918,13.491,0.9,1.75,0,1,1,1,1,1,0,3.763,1.412,0.563
River Complex,2021,2021-08-28 04:00:00,2021-08-27 21:00:00,2021-08-27 20:00:00,679,678.5,453.45,48.6895849708152,139.535,3.52,35.959,30.321,18.913,0.747,0.9,1.75,1,1,1,1,1,0,0,0,0,0
River Complex,2021,2021-08-28 05:00:00,2021-08-27 22:00:00,2021-08-27 21:00:00,680,679.5,454.004,48.7490711987871,139.728,3.917,34.218,28.865,19.76,6.216,3.505,1.75,1,1,1,1,1,1,0,0.554,0.27,0.157
River Complex,2021,2021-08-28 06:00:00,2021-08-27 23:00:00,2021-08-27 22:00:00,681,680.5,454.08,48.7572317643572,139.765,5.165,33.231,27.704,18.904,8.825,4.087,0.194,0,1,1,1,1,1,1,0.076,0.04,0.019
River Complex,2021,2021-08-28 07:00:00,2021-08-28 00:00:00,2021-08-27 23:00:00,682,681.5,454.08,48.7572317643572,139.765,5.165,29.059,25.484,16.449,6.619,4.087,0.194,1,1,1,1,1,0,0,0,0,0
River Complex,2021,2021-08-28 08:00:00,2021-08-28 01:00:00,2021-08-28 00:00:00,683,682.5,455.325,48.8909147134997,139.75,0.833,28.259,23.882,14.3,8.81,3.814,1.491,1,1,1,1,1,1,1,1.245,0.469,0.241
River Complex,2021,2021-08-28 09:00:00,2021-08-28 02:00:00,2021-08-28 01:00:00,684,683.5,455.34,48.8925253514412,139.75,4.647,31.694,27.453,17.248,8.803,3.814,1.491,0,1,1,1,1,1,1,0.015,0.029,0.018
River Complex,2021,2021-08-28 10:00:00,2021-08-28 03:00:00,2021-08-28 02:00:00,685,684.5,455.34,48.8925253514412,139.75,4.647,27.232,19.774,11.571,6.144,3.814,1.491,0,1,1,1,1,1,1,0,0,0
River Complex,2021,2021-08-28 11:00:00,2021-08-28 04:00:00,2021-08-28 03:00:00,686,685.5,455.34,48.8925253514412,139.75,4.647,21.751,18.448,11.414,2.682,3.814,1.491,0,1,1,1,1,0,0,0,0,0
River Complex,2021,2021-08-28 12:00:00,2021-08-28 05:00:00,2021-08-28 04:00:00,687,686.5,455.34,48.8925253514412,139.75,4.647,29.684,23.782,16.059,7.752,2.331,1.491,0,1,1,1,1,1,0,0,0,0
River Complex,2021,2021-08-28 13:00:00,2021-08-28 06:00:00,2021-08-28 05:00:00,688,687.5,455.34,48.8925253514412,139.75,4.647,30.186,25.768,14.891,3.526,0.251,1.491,0,1,1,1,1,1,0,0,0,0
River Complex,2021,2021-08-28 14:00:00,2021-08-28 07:00:00,2021-08-28 06:00:00,689,688.5,455.34,48.8925253514412,139.75,4.647,26.601,23.315,16.059,6.185,0.251,1.491,0,1,1,1,1,1,0,0,0,0
River Complex,2021,2021-08-28 15:00:00,2021-08-28 08:00:00,2021-08-28 07:00:00,690,689.5,455.34,48.8925253514412,139.75,4.647,21.751,18.448,11.413,6.185,0.251,1.491,0,1,1,1,0,0,0,0,0,0
River Complex,2021,2021-08-28 16:00:00,2021-08-28 09:00:00,2021-08-28 08:00:00,691,690.5,455.34,48.8925253514412,139.75,4.647,16.292,13.868,7.004,6.185,0.251,1.491,0,1,1,1,0,0,0,0,0,0
River Complex,2021,2021-08-28 17:00:00,2021-08-28 10:00:00,2021-08-28 09:00:00,692,691.5,455.34,48.8925253514412,139.75,4.647,19.561,15.887,6.504,2.117,0.251,1.491,0,1,1,1,1,0,0,0,0,0
River Complex,2021,2021-08-28 18:00:00,2021-08-28 11:00:00,2021-08-28 10:00:00,693,692.5,455.34,48.8925253514412,139.75,4.647,19.776,16.114,6.632,2.659,0.251,1.491,0,1,1,1,1,0,0,0,0,0
River Complex,2021,2021-08-28 19:00:00,2021-08-28 12:00:00,2021-08-28 11:00:00,694,693.5,455.34,48.8925253514412,139.75,4.647,21.103,17.333,6.741,3.066,0.251,1.491,0,1,1,1,1,0,0,0,0,0
River Complex,2021,2021-08-28 20:00:00,2021-08-28 13:00:00,2021-08-28 12:00:00,695,694.5,455.34,48.8925253514412,139.75,4.647,37.258,33.065,21.89,3.066,0.251,1.491,0,1,1,1,1,0,0,0,0,0
River Complex,2021,2021-08-28 21:00:00,2021-08-28 14:00:00,2021-08-28 13:00:00,696,695.5,455.34,48.8925253514412,139.75,4.647,47.944,41.82,29.837,15.41,5.383,1.491,0,1,1,1,1,1,0,0,0,0
River Complex,2021,2021-08-28 22:00:00,2021-08-28 15:00:00,2021-08-28 14:00:00,697,696.5,455.34,48.8925253514412,139.75,4.647,37.881,32.782,23.001,11.457,5.383,1.491,0,1,1,1,1,0,0,0,0,0
River Complex,2021,2021-08-28 23:00:00,2021-08-28 16:00:00,2021-08-28 15:00:00,698,697.5,455.34,48.8925253514412,139.75,4.647,32.823,26.821,17.812,7.628,5.383,1.491,0,1,1,1,1,0,0,0,0,0
River Complex,2021,2021-08-29 00:00:00,2021-08-28 17:00:00,2021-08-28 16:00:00,699,698.5,455.34,48.8925253514412,139.75,4.647,17.019,13.254,4.872,7.628,5.383,1.491,0,1,1,1,0,0,0,0,0,0
River Complex,2021,2021-08-29 01:00:00,2021-08-28 18:00:00,2021-08-28 17:00:00,700,699.5,455.34,48.8925253514412,139.75,4.647,15.031,11.413,1.688,7.628,5.383,1.491,0,1,1,1,0,0,0,0,0,0
River Complex,2021,2021-08-29 02:00:00,2021-08-28 19:00:00,2021-08-28 18:00:00,701,700.5,455.34,48.8925253514412,139.75,4.647,22.856,17.036,5.826,7.628,5.383,1.491,1,1,1,1,0,0,0,0,0,0
River Complex,2021,2021-08-29 03:00:00,2021-08-28 20:00:00,2021-08-28 19:00:00,702,701.5,455.454,48.9047661997964,139.843,17.452,20.609,16.233,7.398,7.628,5.383,1.491,0,1,1,1,0,0,0,0.114,0.078,0.025
River Complex,2021,2021-08-29 04:00:00,2021-08-28 21:00:00,2021-08-28 20:00:00,703,702.5,455.454,48.9047661997964,139.843,17.452,21.67,15.612,2.568,7.628,5.383,1.491,0,1,1,1,0,0,0,0,0,0
River Complex,2021,2021-08-29 05:00:00,2021-08-28 22:00:00,2021-08-28 21:00:00,704,703.5,455.454,48.9047661997964,139.843,17.452,22.643,14.935,3.227,7.628,5.383,1.491,0,1,1,1,0,0,0,0,0,0
River Complex,2021,2021-08-29 06:00:00,2021-08-28 23:00:00,2021-08-28 22:00:00,705,704.5,455.454,48.9047661997964,139.843,17.452,16.029,13.362,3.002,7.628,5.383,1.491,0,1,1,1,0,0,0,0,0,0
River Complex,2021,2021-08-29 07:00:00,2021-08-29 00:00:00,2021-08-28 23:00:00,706,705.5,455.454,48.9047661997964,139.843,17.452,16.961,13.562,3.13,7.628,5.383,1.491,0,1,1,1,0,0,0,0,0,0
River Complex,2021,2021-08-29 08:00:00,2021-08-29 01:00:00,2021-08-29 00:00:00,707,706.5,455.454,48.9047661997964,139.843,17.452,16.961,13.562,3.13,7.628,5.383,1.491,0,0,0,0,0,0,0,0,0,0
River Complex,2021,2021-08-29 09:00:00,2021-08-29 02:00:00,2021-08-29 01:00:00,708,707.5,455.454,48.9047661997964,139.843,17.452,16.961,13.562,3.13,7.628,5.383,1.491,0,0,0,0,0,0,0,0,0,0
River Complex,2021,2021-08-29 10:00:00,2021-08-29 03:00:00,2021-08-29 02:00:00,709,708.5,455.454,48.9047661997964,139.843,17.452,4.766,3.823,1.758,7.628,5.383,1.491,0,1,1,1,0,0,0,0,0,0
River Complex,2021,2021-08-29 11:00:00,2021-08-29 04:00:00,2021-08-29 03:00:00,710,709.5,455.454,48.9047661997964,139.843,17.452,4.766,3.823,1.758,7.628,5.383,1.491,0,0,0,0,0,0,0,0,0,0
River Complex,2021,2021-08-29 12:00:00,2021-08-29 05:00:00,2021-08-29 04:00:00,711,710.5,455.454,48.9047661997964,139.843,17.452,4.766,3.823,1.758,7.628,5.383,1.491,0,0,0,0,0,0,0,0,0,0
River Complex,2021,2021-08-29 13:00:00,2021-08-29 06:00:00,2021-08-29 05:00:00,712,711.5,455.454,48.9047661997964,139.843,17.452,7.858,6.83,2.316,7.628,5.383,1.491,0,1,1,1,0,0,0,0,0,0
River Complex,2021,2021-08-29 14:00:00,2021-08-29 07:00:00,2021-08-29 06:00:00,713,712.5,455.454,48.9047661997964,139.843,17.452,4.766,3.823,1.758,7.628,5.383,1.491,0,1,1,1,0,0,0,0,0,0
River Complex,2021,2021-08-29 15:00:00,2021-08-29 08:00:00,2021-08-29 07:00:00,714,713.5,455.454,48.9047661997964,139.843,17.452,4.766,3.823,1.758,7.628,5.383,1.491,0,0,0,0,0,0,0,0,0,0
River Complex,2021,2021-08-29 16:00:00,2021-08-29 09:00:00,2021-08-29 08:00:00,715,714.5,455.454,48.9047661997964,139.843,17.452,4.766,3.823,1.758,7.628,5.383,1.491,0,0,0,0,0,0,0,0,0,0
River Complex,2021,2021-08-29 17:00:00,2021-08-29 10:00:00,2021-08-29 09:00:00,716,715.5,455.454,48.9047661997964,139.843,17.447,6.94,6.096,3.449,7.628,5.383,1.491,0,1,1,1,0,0,0,0,0,0
River Complex,2021,2021-08-29 18:00:00,2021-08-29 11:00:00,2021-08-29 10:00:00,717,716.5,455.454,48.9047661997964,139.843,17.452,26.069,23.428,13.918,2.484,5.383,1.491,0,1,1,1,1,0,0,0,0,0
River Complex,2021,2021-08-29 19:00:00,2021-08-29 12:00:00,2021-08-29 11:00:00,718,717.5,455.454,48.9047661997964,139.843,17.452,42.157,33.926,19.672,4.761,1.976,1.491,1,1,1,1,1,1,0,0,0,0
River Complex,2021,2021-08-29 20:00:00,2021-08-29 13:00:00,2021-08-29 12:00:00,719,718.5,474.942,50.9973070133619,138.778,5.969,55.468,45.339,31.388,10.505,2.783,1.491,1,1,1,1,1,1,0,19.488,2.749,1.117
River Complex,2021,2021-08-29 21:00:00,2021-08-29 14:00:00,2021-08-29 13:00:00,720,719.5,475.871,51.0970591898706,138.811,4.103,52.267,47.687,39.45,14.023,2.783,1.491,1,1,1,1,1,0,0,0.929,0.349,0.156
River Complex,2021,2021-08-29 22:00:00,2021-08-29 15:00:00,2021-08-29 14:00:00,721,720.5,477.664,51.2895841118083,140.628,17.703,48.59,44.231,36.039,18.102,1.268,1.491,1,1,1,1,1,1,0,1.793,1.296,0.437
River Complex,2021,2021-08-29 23:00:00,2021-08-29 16:00:00,2021-08-29 15:00:00,722,721.5,498.4,53.5161300021046,143.913,25.202,68.622,63.564,54.437,39.521,17.769,11.531,1,1,1,1,1,1,1,20.736,2.596,1.171
River Complex,2021,2021-08-30 00:00:00,2021-08-29 17:00:00,2021-08-29 16:00:00,723,722.5,512.938,55.077160294983,147.721,13.272,73.885,68.113,53.509,41.961,30.226,11.531,1,1,1,1,1,1,0,14.538,1.847,0.577
River Complex,2021,2021-08-30 01:00:00,2021-08-29 18:00:00,2021-08-29 17:00:00,724,723.5,513.311,55.1172114917943,147.781,15.513,68.849,66.025,52.192,31.292,23.773,11.531,0,1,1,1,1,1,0,0.373,0.092,0.028
River Complex,2021,2021-08-30 02:00:00,2021-08-29 19:00:00,2021-08-29 18:00:00,725,724.5,513.311,55.1172114917943,147.781,15.513,47.498,44.151,35.332,31.292,23.773,11.531,1,1,1,1,0,0,0,0,0,0
River Complex,2021,2021-08-30 03:00:00,2021-08-29 20:00:00,2021-08-29 19:00:00,726,725.5,517.914,55.6114625881019,148.98,2.736,51.748,44.803,34.615,20.705,8.126,11.531,0,1,1,1,1,1,0,4.603,1.646,0.297
River Complex,2021,2021-08-30 04:00:00,2021-08-29 21:00:00,2021-08-29 20:00:00,727,726.5,517.914,55.6114625881019,148.98,2.736,29.407,26.438,18.581,2.851,8.126,11.531,1,1,1,1,1,0,0,0,0,0
River Complex,2021,2021-08-30 05:00:00,2021-08-29 22:00:00,2021-08-29 21:00:00,728,727.5,517.966,55.6170461329657,148.925,8.358,20.49,16.6,7.838,0.86,8.126,11.531,0,1,1,1,1,0,0,0.052,0.041,0.019
River Complex,2021,2021-08-30 06:00:00,2021-08-29 23:00:00,2021-08-29 22:00:00,729,728.5,517.966,55.6170461329657,148.925,8.358,25.067,19.918,5.896,0.86,8.126,11.531,0,1,1,1,0,0,0,0,0,0
River Complex,2021,2021-08-30 07:00:00,2021-08-30 00:00:00,2021-08-29 23:00:00,730,729.5,517.966,55.6170461329657,148.925,8.358,20.94,14.385,4.865,0.86,8.126,11.531,0,1,1,1,0,0,0,0,0,0
River Complex,2021,2021-08-30 08:00:00,2021-08-30 01:00:00,2021-08-30 00:00:00,731,730.5,517.966,55.6170461329657,148.925,8.358,20.94,14.524,5.616,1.915,8.126,11.531,0,1,1,1,1,0,0,0,0,0
River Complex,2021,2021-08-30 09:00:00,2021-08-30 02:00:00,2021-08-30 01:00:00,732,731.5,517.966,55.6170461329657,148.925,8.358,20.94,14.385,4.865,1.915,8.126,11.531,0,1,1,1,0,0,0,0,0,0
River Complex,2021,2021-08-30 10:00:00,2021-08-30 03:00:00,2021-08-30 02:00:00,733,732.5,517.966,55.6170461329657,148.925,8.358,15.15,9.918,4.391,1.915,8.126,11.531,0,1,1,1,0,0,0,0,0,0
River Complex,2021,2021-08-30 11:00:00,2021-08-30 04:00:00,2021-08-30 03:00:00,734,733.5,517.966,55.6170461329657,148.925,8.358,15.15,9.918,4.391,1.915,8.126,11.531,0,0,0,0,0,0,0,0,0,0
River Complex,2021,2021-08-30 12:00:00,2021-08-30 05:00:00,2021-08-30 04:00:00,735,734.5,517.966,55.6170461329657,148.925,8.358,11.954,6.577,4.391,1.915,8.126,11.531,0,1,1,0,0,0,0,0,0,0
River Complex,2021,2021-08-30 13:00:00,2021-08-30 06:00:00,2021-08-30 05:00:00,736,735.5,517.966,55.6170461329657,148.925,8.358,22.286,13.421,0.474,1.915,8.126,11.531,0,1,1,1,0,0,0,0,0,0
River Complex,2021,2021-08-30 14:00:00,2021-08-30 07:00:00,2021-08-30 06:00:00,737,736.5,517.966,55.6170461329657,148.925,8.358,12.687,7.062,0.474,1.915,8.126,11.531,0,1,1,1,0,0,0,0,0,0
River Complex,2021,2021-08-30 15:00:00,2021-08-30 08:00:00,2021-08-30 07:00:00,738,737.5,517.966,55.6170461329657,148.925,8.358,15.579,12.225,5.551,1.915,8.126,11.531,0,1,1,1,0,0,0,0,0,0
River Complex,2021,2021-08-30 16:00:00,2021-08-30 09:00:00,2021-08-30 08:00:00,739,738.5,517.966,55.6170461329657,148.925,8.358,19.146,16.071,8.236,1.915,8.126,11.531,0,1,1,1,0,0,0,0,0,0
River Complex,2021,2021-08-30 17:00:00,2021-08-30 10:00:00,2021-08-30 09:00:00,740,739.5,517.966,55.6170461329657,148.925,8.358,13.306,11.379,3.929,1.915,8.126,11.531,0,1,1,1,0,0,0,0,0,0
River Complex,2021,2021-08-30 18:00:00,2021-08-30 11:00:00,2021-08-30 10:00:00,741,740.5,517.966,55.6170461329657,148.925,8.358,10.991,8.09,1.629,1.915,8.126,11.531,0,1,1,1,0,0,0,0,0,0
River Complex,2021,2021-08-30 19:00:00,2021-08-30 12:00:00,2021-08-30 11:00:00,742,741.5,517.966,55.6170461329657,148.925,8.358,10.331,7.866,1.485,1.915,8.126,11.531,0,1,1,1,0,0,0,0,0,0
River Complex,2021,2021-08-30 20:00:00,2021-08-30 13:00:00,2021-08-30 12:00:00,743,742.5,517.966,55.6170461329657,148.925,8.358,27.438,23.286,10.137,1.915,8.126,11.531,0,1,1,1,0,0,0,0,0,0
River Complex,2021,2021-08-30 21:00:00,2021-08-30 14:00:00,2021-08-30 13:00:00,744,743.5,517.966,55.6170461329657,148.925,8.358,29.052,25.039,11.809,1.915,8.126,11.531,0,1,1,1,0,0,0,0,0,0
River Complex,2021,2021-08-30 22:00:00,2021-08-30 15:00:00,2021-08-30 14:00:00,745,744.5,517.966,55.6170461329657,148.925,8.358,50.899,44.981,25.266,10.888,1.56,11.531,1,1,1,1,1,1,0,0,0,0
River Complex,2021,2021-08-30 23:00:00,2021-08-30 16:00:00,2021-08-30 15:00:00,746,745.5,522.152,56.0665214945002,149.314,4.347,60.439,56.051,32.379,13.72,5.611,3.077,0,1,1,1,1,1,1,4.186,1.237,0.501
River Complex,2021,2021-08-31 00:00:00,2021-08-30 17:00:00,2021-08-30 16:00:00,747,746.5,522.152,56.0665214945002,149.314,4.347,65.857,59.481,40.046,18.666,6.705,3.077,1,1,1,1,1,1,0,0,0,0
River Complex,2021,2021-08-31 01:00:00,2021-08-30 18:00:00,2021-08-30 17:00:00,748,747.5,523.451,56.206002740232,149.867,4.032,70.586,65.13,42.948,17.29,6.717,3.077,1,1,1,1,1,1,0,1.299,0.574,0.299
River Complex,2021,2021-08-31 02:00:00,2021-08-30 19:00:00,2021-08-30 18:00:00,749,748.5,523.524,56.2138411782139,149.824,4.75,45.843,40.74,27.227,12.598,5.935,3.077,1,1,1,1,1,1,0,0.073,0.035,0.018
River Complex,2021,2021-08-31 03:00:00,2021-08-30 20:00:00,2021-08-30 19:00:00,750,749.5,524.156,56.2817027234814,149.945,9.216,56.786,48.788,31.909,10.236,5.136,0.332,0,1,1,1,1,1,1,0.632,0.34,0.133
River Complex,2021,2021-08-31 04:00:00,2021-08-30 21:00:00,2021-08-30 20:00:00,751,750.5,524.156,56.2817027234814,149.945,9.216,31.674,26.532,16.312,6.317,3.829,0.332,1,1,1,1,1,1,0,0,0,0
River Complex,2021,2021-08-31 05:00:00,2021-08-30 22:00:00,2021-08-30 21:00:00,752,751.5,527.508,56.6416266154699,150.303,3.676,20.886,14.245,6.445,6.317,3.829,0.332,1,1,1,1,0,0,0,3.352,1.219,0.364
River Complex,2021,2021-08-31 06:00:00,2021-08-30 23:00:00,2021-08-30 22:00:00,753,752.5,527.564,56.6476396637847,150.304,8.296,19.062,16.797,11.32,3.886,3.829,0.332,0,1,1,1,1,0,0,0.056,0.037,0.015
River Complex,2021,2021-08-31 07:00:00,2021-08-31 00:00:00,2021-08-30 23:00:00,754,753.5,527.564,56.6476396637847,150.304,8.296,15.61,12.615,5.241,1.818,3.829,0.332,0,1,1,1,1,0,0,0,0,0
River Complex,2021,2021-08-31 08:00:00,2021-08-31 01:00:00,2021-08-31 00:00:00,755,754.5,527.564,56.6476396637847,150.304,8.296,15.893,13.027,5.498,3.296,3.829,0.332,0,1,1,1,1,0,0,0,0,0
River Complex,2021,2021-08-31 09:00:00,2021-08-31 02:00:00,2021-08-31 01:00:00,756,755.5,527.564,56.6476396637847,150.304,8.296,15.712,12.814,5.241,1.818,3.829,0.332,0,1,1,1,1,0,0,0,0,0
River Complex,2021,2021-08-31 10:00:00,2021-08-31 03:00:00,2021-08-31 02:00:00,757,756.5,527.564,56.6476396637847,150.304,8.296,15.61,12.615,5.241,1.818,3.829,0.332,0,1,1,1,1,0,0,0,0,0
River Complex,2021,2021-08-31 11:00:00,2021-08-31 04:00:00,2021-08-31 03:00:00,758,757.5,527.564,56.6476396637847,150.304,8.296,15.712,12.814,5.241,1.818,3.829,0.332,0,1,1,1,1,0,0,0,0,0
River Complex,2021,2021-08-31 12:00:00,2021-08-31 05:00:00,2021-08-31 04:00:00,759,758.5,527.564,56.6476396637847,150.304,8.297,15.712,12.814,5.241,1.818,3.829,0.332,0,1,1,1,1,0,0,0,0,0
River Complex,2021,2021-08-31 13:00:00,2021-08-31 06:00:00,2021-08-31 05:00:00,760,759.5,527.564,56.6476396637847,150.304,8.296,8.287,7.119,5.241,1.818,3.829,0.332,0,1,1,1,1,0,0,0,0,0
River Complex,2021,2021-08-31 14:00:00,2021-08-31 07:00:00,2021-08-31 06:00:00,761,760.5,527.564,56.6476396637847,150.304,8.296,7.162,5.907,3.629,1.818,3.829,0.332,0,1,1,1,0,0,0,0,0,0
River Complex,2021,2021-08-31 15:00:00,2021-08-31 08:00:00,2021-08-31 07:00:00,762,761.5,527.564,56.6476396637847,150.304,8.296,11.76,9.33,6.079,3.682,3.829,0.332,0,1,1,1,1,0,0,0,0,0
River Complex,2021,2021-08-31 16:00:00,2021-08-31 09:00:00,2021-08-31 08:00:00,763,762.5,527.564,56.6476396637847,150.304,8.296,8.711,7.773,6.079,3.682,3.829,0.332,0,1,1,1,1,0,0,0,0,0
River Complex,2021,2021-08-31 17:00:00,2021-08-31 10:00:00,2021-08-31 09:00:00,764,763.5,527.564,56.6476396637847,150.304,8.296,18.027,14.581,9.719,4.347,3.829,0.332,0,1,1,1,1,0,0,0,0,0
River Complex,2021,2021-08-31 18:00:00,2021-08-31 11:00:00,2021-08-31 10:00:00,765,764.5,527.564,56.6476396637847,150.304,8.296,18.027,14.581,9.719,4.347,3.829,0.332,0,1,1,1,1,0,0,0,0,0
River Complex,2021,2021-08-31 19:00:00,2021-08-31 12:00:00,2021-08-31 11:00:00,766,765.5,527.564,56.6476396637847,150.304,8.296,23.091,21.03,14.731,4.347,3.829,0.332,0,1,1,1,1,0,0,0,0,0
River Complex,2021,2021-08-31 20:00:00,2021-08-31 13:00:00,2021-08-31 12:00:00,767,766.5,527.564,56.6476396637847,150.304,8.296,15.967,13.97,10.442,5.704,1.638,0.332,1,1,1,1,1,1,0,0,0,0
River Complex,2021,2021-08-31 21:00:00,2021-08-31 14:00:00,2021-08-31 13:00:00,768,767.5,529.064,56.8087034579323,150.786,12.726,16.431,14.435,10.912,6.171,2.545,0.332,0,1,1,1,1,1,0,1.5,0.736,0.181
River Complex,2021,2021-08-31 22:00:00,2021-08-31 15:00:00,2021-08-31 14:00:00,769,768.5,529.064,56.8087034579323,150.786,12.726,22.668,17.86,10.912,6.373,3.044,0.332,0,1,1,1,1,1,0,0,0,0
River Complex,2021,2021-08-31 23:00:00,2021-08-31 16:00:00,2021-08-31 15:00:00,770,769.5,529.064,56.8087034579323,150.786,12.726,28.556,21.106,13.875,9.428,3.044,0.332,1,1,1,1,1,1,0,0,0,0
River Complex,2021,2021-09-01 00:00:00,2021-08-31 17:00:00,2021-08-31 16:00:00,771,770.5,534.639,57.4073238928475,150.754,1.911,28.675,24.814,17.094,9.712,1.142,0.332,1,1,1,1,1,1,0,5.575,1.124,0.438
River Complex,2021,2021-09-01 01:00:00,2021-08-31 18:00:00,2021-08-31 17:00:00,772,771.5,534.668,57.4104377928677,150.752,2.445,41.039,36.794,25.798,14.94,1.908,0.332,0,1,1,1,1,1,0,0.029,0.032,0.015
River Complex,2021,2021-09-01 02:00:00,2021-08-31 19:00:00,2021-08-31 18:00:00,773,772.5,534.668,57.4104377928677,150.752,2.445,24.216,22.236,12.998,5.243,1.308,0.332,0,1,1,1,1,1,0,0,0,0
River Complex,2021,2021-09-01 03:00:00,2021-08-31 20:00:00,2021-08-31 19:00:00,774,773.5,534.668,57.4104377928677,150.752,2.445,19.702,17,11.038,5.757,1.142,0.332,0,1,1,1,1,1,0,0,0,0
River Complex,2021,2021-09-01 04:00:00,2021-08-31 21:00:00,2021-08-31 20:00:00,775,774.5,534.668,57.4104377928677,150.752,2.445,17.639,13.889,7.906,3.341,1.142,0.332,0,1,1,1,1,0,0,0,0,0
River Complex,2021,2021-09-01 05:00:00,2021-08-31 22:00:00,2021-08-31 21:00:00,776,775.5,534.668,57.4104377928677,150.752,2.445,18.666,15.845,9.172,2.88,1.142,0.332,0,1,1,1,1,0,0,0,0,0
River Complex,2021,2021-09-01 06:00:00,2021-08-31 23:00:00,2021-08-31 22:00:00,777,776.5,534.668,57.4104377928677,150.752,2.445,14.503,12.482,8.149,2.88,1.142,0.332,0,1,1,1,0,0,0,0,0,0
River Complex,2021,2021-09-01 07:00:00,2021-09-01 00:00:00,2021-08-31 23:00:00,778,777.5,534.668,57.4104377928677,150.752,2.445,16.741,14.401,10.68,5.78,1.142,0.332,0,1,1,1,1,0,0,0,0,0
River Complex,2021,2021-09-01 08:00:00,2021-09-01 01:00:00,2021-09-01 00:00:00,779,778.5,534.668,57.4104377928677,150.752,2.445,8.758,7.59,6.018,3.324,1.142,0.332,0,1,1,1,1,0,0,0,0,0
River Complex,2021,2021-09-01 09:00:00,2021-09-01 02:00:00,2021-09-01 01:00:00,780,779.5,534.668,57.4104377928677,150.752,2.445,9.3,8.347,6.649,4.707,1.529,0.332,0,1,1,1,1,1,0,0,0,0
River Complex,2021,2021-09-01 10:00:00,2021-09-01 03:00:00,2021-09-01 02:00:00,781,780.5,534.668,57.4104377928677,150.752,2.445,8.758,7.59,6.018,3.324,1.529,0.332,0,1,1,1,1,0,0,0,0,0
River Complex,2021,2021-09-01 11:00:00,2021-09-01 04:00:00,2021-09-01 03:00:00,782,781.5,534.668,57.4104377928677,150.752,2.445,7.633,6.268,3.617,1.51,1.529,0.332,0,1,1,1,1,0,0,0,0,0
River Complex,2021,2021-09-01 12:00:00,2021-09-01 05:00:00,2021-09-01 04:00:00,783,782.5,534.668,57.4104377928677,150.752,2.445,7.633,6.268,3.042,1.51,1.529,0.332,0,1,1,1,0,0,0,0,0,0
River Complex,2021,2021-09-01 13:00:00,2021-09-01 06:00:00,2021-09-01 05:00:00,784,783.5,534.668,57.4104377928677,150.752,2.445,7.633,6.268,3.042,1.51,1.529,0.332,0,1,1,1,0,0,0,0,0,0
River Complex,2021,2021-09-01 14:00:00,2021-09-01 07:00:00,2021-09-01 06:00:00,785,784.5,534.668,57.4104377928677,150.752,2.445,7.633,6.268,3.042,1.51,1.529,0.332,0,1,1,1,0,0,0,0,0,0
River Complex,2021,2021-09-01 15:00:00,2021-09-01 08:00:00,2021-09-01 07:00:00,786,785.5,534.668,57.4104377928677,150.752,2.445,12.305,10.503,5.05,0.87,1.529,0.332,0,1,1,1,1,0,0,0,0,0
River Complex,2021,2021-09-01 16:00:00,2021-09-01 09:00:00,2021-09-01 08:00:00,787,786.5,534.668,57.4104377928677,150.752,2.445,8.122,6.998,4.012,0.87,1.529,0.332,0,1,1,1,0,0,0,0,0,0
River Complex,2021,2021-09-01 17:00:00,2021-09-01 10:00:00,2021-09-01 09:00:00,788,787.5,534.668,57.4104377928677,150.752,2.445,12.893,11.167,6.841,2.618,1.529,0.332,0,1,1,1,1,0,0,0,0,0
River Complex,2021,2021-09-01 18:00:00,2021-09-01 11:00:00,2021-09-01 10:00:00,789,788.5,534.668,57.4104377928677,150.752,2.445,8.379,7.533,4.939,1.98,1.529,0.332,0,1,1,1,1,0,0,0,0,0
River Complex,2021,2021-09-01 19:00:00,2021-09-01 12:00:00,2021-09-01 11:00:00,790,789.5,534.668,57.4104377928677,150.752,2.445,15.052,13.215,8.742,2.785,0.474,0.332,1,1,1,1,1,1,0,0,0,0
River Complex,2021,2021-09-01 20:00:00,2021-09-01 13:00:00,2021-09-01 12:00:00,791,790.5,534.728,57.4168803446336,150.743,10.781,16.192,14.365,10.862,4.707,1.529,0.332,0,1,1,1,1,1,0,0.06,0.051,0.025
River Complex,2021,2021-09-01 21:00:00,2021-09-01 14:00:00,2021-09-01 13:00:00,792,791.5,534.728,57.4168803446336,150.743,10.781,23.67,21.12,15.312,6.602,3.938,0.332,1,1,1,1,1,1,0,0,0,0
River Complex,2021,2021-09-01 22:00:00,2021-09-01 15:00:00,2021-09-01 14:00:00,793,792.5,538.909,57.8658188268543,151.454,2.73,32.197,28.269,20.508,9.383,5.115,0.332,0,1,1,1,1,1,0,4.181,1.043,0.388
River Complex,2021,2021-09-01 23:00:00,2021-09-01 16:00:00,2021-09-01 15:00:00,794,793.5,538.909,57.8658188268543,151.454,2.73,23.093,20.581,15.164,9.283,0.171,0.332,1,1,1,1,1,1,0,0,0,0
River Complex,2021,2021-09-02 00:00:00,2021-09-01 17:00:00,2021-09-01 16:00:00,795,794.5,539.226,57.8998569753508,151.686,2.98,18.442,16.27,12.193,6.478,0.585,0.332,1,1,1,1,1,1,0,0.317,0.249,0.116
River Complex,2021,2021-09-02 01:00:00,2021-09-01 18:00:00,2021-09-01 17:00:00,796,795.5,539.284,57.9060847753912,151.702,5.86,17.952,16.232,10.813,4.278,0.585,0.332,0,1,1,1,1,0,0,0.058,0.044,0.019
River Complex,2021,2021-09-02 02:00:00,2021-09-01 19:00:00,2021-09-01 18:00:00,797,796.5,539.284,57.9060847753912,151.702,5.86,16.36,14.532,9.612,4.431,0.585,0.332,0,1,1,1,1,0,0,0,0,0
River Complex,2021,2021-09-02 03:00:00,2021-09-01 20:00:00,2021-09-01 19:00:00,798,797.5,539.284,57.9060847753912,151.702,5.86,21.743,16.838,10.636,4.608,1.259,0.332,0,1,1,1,1,1,0,0,0,0
River Complex,2021,2021-09-02 04:00:00,2021-09-01 21:00:00,2021-09-01 20:00:00,799,798.5,539.284,57.9060847753912,151.702,5.86,18.934,16.953,8.466,1.689,1.259,0.332,0,1,1,1,1,0,0,0,0,0
River Complex,2021,2021-09-02 05:00:00,2021-09-01 22:00:00,2021-09-01 21:00:00,800,799.5,539.284,57.9060847753912,151.702,5.86,14.259,11.372,5.701,1.551,1.259,0.332,0,1,1,1,1,0,0,0,0,0
River Complex,2021,2021-09-02 06:00:00,2021-09-01 23:00:00,2021-09-01 22:00:00,801,800.5,539.284,57.9060847753912,151.702,5.86,13.851,10.62,4.926,1.551,1.259,0.332,0,1,1,1,0,0,0,0,0,0
River Complex,2021,2021-09-02 07:00:00,2021-09-02 00:00:00,2021-09-01 23:00:00,802,801.5,539.284,57.9060847753912,151.702,5.86,18.586,13.67,5.098,1.551,1.259,0.332,0,1,1,1,0,0,0,0,0,0
River Complex,2021,2021-09-02 08:00:00,2021-09-02 01:00:00,2021-09-02 00:00:00,803,802.5,539.284,57.9060847753912,151.702,5.86,7.457,5.397,5.098,1.551,1.259,0.332,0,1,1,0,0,0,0,0,0,0
River Complex,2021,2021-09-02 09:00:00,2021-09-02 02:00:00,2021-09-02 01:00:00,804,803.5,539.284,57.9060847753912,151.702,5.86,11.13,7.787,2.96,1.551,1.259,0.332,0,1,1,1,0,0,0,0,0,0
River Complex,2021,2021-09-02 10:00:00,2021-09-02 03:00:00,2021-09-02 02:00:00,805,804.5,539.284,57.9060847753912,151.702,5.86,7.457,5.599,2.96,1.551,1.259,0.332,0,1,1,0,0,0,0,0,0,0
River Complex,2021,2021-09-02 11:00:00,2021-09-02 04:00:00,2021-09-02 03:00:00,806,805.5,539.284,57.9060847753912,151.702,5.86,7.457,5.397,2.96,1.551,1.259,0.332,0,1,1,0,0,0,0,0,0,0
River Complex,2021,2021-09-02 12:00:00,2021-09-02 05:00:00,2021-09-02 04:00:00,807,806.5,539.284,57.9060847753912,151.702,5.86,7.457,5.397,2.96,1.551,1.259,0.332,0,0,0,0,0,0,0,0,0,0
River Complex,2021,2021-09-02 13:00:00,2021-09-02 06:00:00,2021-09-02 05:00:00,808,807.5,539.284,57.9060847753912,151.702,5.86,1.855,5.397,2.96,1.551,1.259,0.332,0,1,0,0,0,0,0,0,0,0
River Complex,2021,2021-09-02 14:00:00,2021-09-02 07:00:00,2021-09-02 06:00:00,809,808.5,539.284,57.9060847753912,151.702,5.86,4.341,3.661,1.612,1.551,1.259,0.332,0,1,1,1,0,0,0,0,0,0
River Complex,2021,2021-09-02 15:00:00,2021-09-02 08:00:00,2021-09-02 07:00:00,810,809.5,539.284,57.9060847753912,151.702,5.86,4.341,3.661,1.612,1.551,1.259,0.332,0,0,0,0,0,0,0,0,0,0
River Complex,2021,2021-09-02 16:00:00,2021-09-02 09:00:00,2021-09-02 08:00:00,811,810.5,539.284,57.9060847753912,151.702,5.86,3.63,2.569,1.612,1.551,1.259,0.332,0,1,1,0,0,0,0,0,0,0
River Complex,2021,2021-09-02 17:00:00,2021-09-02 10:00:00,2021-09-02 09:00:00,812,811.5,539.284,57.9060847753912,151.702,5.86,3.947,2.766,1.612,1.551,1.259,0.332,0,1,1,0,0,0,0,0,0,0
River Complex,2021,2021-09-02 18:00:00,2021-09-02 11:00:00,2021-09-02 10:00:00,813,812.5,539.284,57.9060847753912,151.702,5.86,3.947,2.766,1.612,1.551,1.259,0.332,0,1,1,0,0,0,0,0,0,0
River Complex,2021,2021-09-02 19:00:00,2021-09-02 12:00:00,2021-09-02 11:00:00,814,813.5,539.284,57.9060847753912,151.702,5.86,8.406,7.457,4.042,1.551,1.259,0.332,0,1,1,1,0,0,0,0,0,0
River Complex,2021,2021-09-02 20:00:00,2021-09-02 13:00:00,2021-09-02 12:00:00,815,814.5,539.284,57.9060847753912,151.702,5.86,13.798,11.843,7.157,4.937,1.482,0.332,0,1,1,1,1,1,0,0,0,0
River Complex,2021,2021-09-02 21:00:00,2021-09-02 14:00:00,2021-09-02 13:00:00,816,815.5,539.284,57.9060847753912,151.702,5.86,9.531,8.578,6.88,4.937,2.291,0.332,0,1,1,1,1,1,0,0,0,0
River Complex,2021,2021-09-02 22:00:00,2021-09-02 15:00:00,2021-09-02 14:00:00,817,816.5,539.284,57.9060847753912,151.702,5.86,9.531,8.578,6.88,4.937,2.291,0.332,0,1,1,1,1,1,0,0,0,0
River Complex,2021,2021-09-02 23:00:00,2021-09-02 16:00:00,2021-09-02 15:00:00,818,817.5,539.284,57.9060847753912,151.702,5.86,9.376,8.351,6.653,4.508,1.097,0.332,0,1,1,1,1,1,0,0,0,0
River Complex,2021,2021-09-03 00:00:00,2021-09-02 17:00:00,2021-09-02 16:00:00,819,818.5,539.284,57.9060847753912,151.702,5.86,16.083,14.12,8.486,4.431,1.097,0.332,0,1,1,1,1,0,0,0,0,0
River Complex,2021,2021-09-03 01:00:00,2021-09-02 18:00:00,2021-09-02 17:00:00,820,819.5,539.284,57.9060847753912,151.702,5.86,10.818,9.859,6.301,4.431,1.097,0.332,0,1,1,1,0,0,0,0,0,0
River Complex,2021,2021-09-03 02:00:00,2021-09-02 19:00:00,2021-09-02 18:00:00,821,820.5,539.284,57.9060847753912,151.702,5.86,6.604,4.31,6.301,4.431,1.097,0.332,0,1,1,0,0,0,0,0,0,0
River Complex,2021,2021-09-03 03:00:00,2021-09-02 20:00:00,2021-09-02 19:00:00,822,821.5,539.284,57.9060847753912,151.702,5.86,26.378,19.848,0.918,4.431,1.097,0.332,0,1,1,1,0,0,0,0,0,0
River Complex,2021,2021-09-03 04:00:00,2021-09-02 21:00:00,2021-09-02 20:00:00,823,822.5,539.284,57.9060847753912,151.702,5.86,27.332,19.889,0.918,4.431,1.097,0.332,0,1,1,0,0,0,0,0,0,0
River Complex,2021,2021-09-03 05:00:00,2021-09-02 22:00:00,2021-09-02 21:00:00,824,823.5,539.284,57.9060847753912,151.702,5.86,10.821,7.222,0.918,4.431,1.097,0.332,0,1,1,0,0,0,0,0,0,0
River Complex,2021,2021-09-03 06:00:00,2021-09-02 23:00:00,2021-09-02 22:00:00,825,824.5,539.284,57.9060847753912,151.702,5.86,10.878,7.887,0.918,4.431,1.097,0.332,0,1,1,0,0,0,0,0,0,0
River Complex,2021,2021-09-03 07:00:00,2021-09-03 00:00:00,2021-09-02 23:00:00,826,825.5,539.284,57.9060847753912,151.702,5.86,10.878,7.887,0.918,4.431,1.097,0.332,0,0,0,0,0,0,0,0,0,0
River Complex,2021,2021-09-03 08:00:00,2021-09-03 01:00:00,2021-09-03 00:00:00,827,826.5,539.284,57.9060847753912,151.702,5.86,10.878,7.887,0.918,4.431,1.097,0.332,1,0,0,0,0,0,0,0,0,0
River Complex,2021,2021-09-03 09:00:00,2021-09-03 02:00:00,2021-09-03 01:00:00,828,827.5,542.077,58.205985560094,153.039,1.064,5.545,4.494,2.558,4.431,1.097,0.332,0,1,1,1,0,0,0,2.793,1.076,0.477
River Complex,2021,2021-09-03 10:00:00,2021-09-03 03:00:00,2021-09-03 02:00:00,829,828.5,542.077,58.205985560094,153.039,1.064,5.545,4.494,2.558,4.431,1.097,0.332,0,0,0,0,0,0,0,0,0,0
River Complex,2021,2021-09-03 11:00:00,2021-09-03 04:00:00,2021-09-03 03:00:00,830,829.5,542.077,58.205985560094,153.039,1.064,5.545,4.494,2.558,4.431,1.097,0.332,1,0,0,0,0,0,0,0,0,0
River Complex,2021,2021-09-03 12:00:00,2021-09-03 05:00:00,2021-09-03 04:00:00,831,830.5,542.098,58.208240453212,153.058,14.97,5.545,4.494,2.558,4.431,1.097,0.332,0,0,0,0,0,0,0,0.021,0.036,0.02
River Complex,2021,2021-09-03 13:00:00,2021-09-03 06:00:00,2021-09-03 05:00:00,832,831.5,542.098,58.208240453212,153.058,14.97,5.545,4.494,2.558,4.431,1.097,0.332,0,0,0,0,0,0,0,0,0,0
River Complex,2021,2021-09-03 14:00:00,2021-09-03 07:00:00,2021-09-03 06:00:00,833,832.5,542.098,58.208240453212,153.058,14.97,5.545,4.494,2.558,4.431,1.097,0.332,0,0,0,0,0,0,0,0,0,0
River Complex,2021,2021-09-03 15:00:00,2021-09-03 08:00:00,2021-09-03 07:00:00,834,833.5,542.098,58.208240453212,153.058,14.97,5.545,4.494,2.558,4.431,1.097,0.332,0,0,0,0,0,0,0,0,0,0
River Complex,2021,2021-09-03 16:00:00,2021-09-03 09:00:00,2021-09-03 08:00:00,835,834.5,542.098,58.208240453212,153.058,14.97,5.545,4.494,2.558,4.431,1.097,0.332,0,0,0,0,0,0,0,0,0,0
River Complex,2021,2021-09-03 17:00:00,2021-09-03 10:00:00,2021-09-03 09:00:00,836,835.5,542.098,58.208240453212,153.058,14.97,8.406,7.457,4.042,4.431,1.097,0.332,0,1,1,1,0,0,0,0,0,0
River Complex,2021,2021-09-03 18:00:00,2021-09-03 11:00:00,2021-09-03 10:00:00,837,836.5,542.098,58.208240453212,153.058,14.97,15.212,12.965,4.612,1.855,1.097,0.332,0,1,1,1,1,0,0,0,0,0
River Complex,2021,2021-09-03 19:00:00,2021-09-03 12:00:00,2021-09-03 11:00:00,838,837.5,542.098,58.208240453212,153.058,14.97,20.222,16.748,6.655,3.284,1.243,0.332,1,1,1,1,1,1,0,0,0,0
River Complex,2021,2021-09-03 20:00:00,2021-09-03 13:00:00,2021-09-03 12:00:00,839,838.5,548.463,58.8916878197116,153.326,6.902,28.294,26.563,21.178,13.122,10.586,5.962,0,1,1,1,1,1,1,6.365,1.171,0.425
River Complex,2021,2021-09-03 21:00:00,2021-09-03 14:00:00,2021-09-03 13:00:00,840,839.5,548.463,58.8916878197116,153.326,6.902,42.376,35.984,19.514,13.122,10.586,4.34,0,1,1,1,1,1,1,0,0,0
River Complex,2021,2021-09-03 22:00:00,2021-09-03 15:00:00,2021-09-03 14:00:00,841,840.5,548.463,58.8916878197116,153.326,6.902,46.172,39.38,26.789,17.095,10.885,3.569,1,1,1,1,1,1,1,0,0,0
River Complex,2021,2021-09-03 23:00:00,2021-09-03 16:00:00,2021-09-03 15:00:00,842,841.5,552.401,59.3145339672804,154.261,3.571,41.703,36.235,23.941,16.363,7.132,3.569,0,1,1,1,1,1,0,3.938,1.352,0.571
River Complex,2021,2021-09-04 00:00:00,2021-09-03 17:00:00,2021-09-03 16:00:00,843,842.5,552.401,59.3145339672804,154.261,3.571,31.719,28.989,19.575,13.27,1.614,3.569,0,1,1,1,1,1,0,0,0,0
River Complex,2021,2021-09-04 01:00:00,2021-09-03 18:00:00,2021-09-03 17:00:00,844,843.5,552.401,59.3145339672804,154.261,3.571,25.757,23.619,17.31,5.412,1.614,3.569,0,1,1,1,1,0,0,0,0,0
River Complex,2021,2021-09-04 02:00:00,2021-09-03 19:00:00,2021-09-03 18:00:00,845,844.5,552.401,59.3145339672804,154.261,3.571,17.981,15.549,9.039,5.412,1.614,3.569,0,1,1,1,0,0,0,0,0,0
River Complex,2021,2021-09-04 03:00:00,2021-09-03 20:00:00,2021-09-03 19:00:00,846,845.5,552.401,59.3145339672804,154.261,3.571,15.285,8.562,4.483,5.412,1.614,3.569,0,1,1,1,0,0,0,0,0,0
River Complex,2021,2021-09-04 04:00:00,2021-09-03 21:00:00,2021-09-03 20:00:00,847,846.5,552.401,59.3145339672804,154.261,3.571,13.275,10.379,3.711,5.412,1.614,3.569,0,1,1,1,0,0,0,0,0,0
River Complex,2021,2021-09-04 05:00:00,2021-09-03 22:00:00,2021-09-03 21:00:00,848,847.5,552.401,59.3145339672804,154.261,3.571,13.376,10.428,3.711,5.412,1.614,3.569,0,1,1,1,0,0,0,0,0,0
River Complex,2021,2021-09-04 06:00:00,2021-09-03 23:00:00,2021-09-03 22:00:00,849,848.5,552.401,59.3145339672804,154.261,3.571,13.534,10.661,3.944,5.412,1.614,3.569,1,1,1,1,0,0,0,0,0,0
River Complex,2021,2021-09-04 07:00:00,2021-09-04 00:00:00,2021-09-03 23:00:00,850,849.5,552.468,59.3217281500857,154.274,5.793,12.975,9.622,2.073,5.412,1.614,3.569,0,1,1,1,0,0,0,0.067,0.042,0.019
River Complex,2021,2021-09-04 08:00:00,2021-09-04 01:00:00,2021-09-04 00:00:00,851,850.5,552.468,59.3217281500857,154.274,5.793,4.64,3.834,1.869,5.412,1.614,3.569,0,1,1,1,0,0,0,0,0,0
River Complex,2021,2021-09-04 09:00:00,2021-09-04 02:00:00,2021-09-04 01:00:00,852,851.5,552.468,59.3217281500857,154.274,5.793,9.451,7.594,3.861,5.412,1.614,3.569,0,1,1,1,0,0,0,0,0,0
River Complex,2021,2021-09-04 10:00:00,2021-09-04 03:00:00,2021-09-04 02:00:00,853,852.5,552.468,59.3217281500857,154.274,5.793,2.706,7.594,3.861,5.412,1.614,3.569,0,1,0,0,0,0,0,0,0,0
River Complex,2021,2021-09-04 11:00:00,2021-09-04 04:00:00,2021-09-04 03:00:00,854,853.5,552.468,59.3217281500857,154.274,5.793,4.848,3.886,1.793,5.412,1.614,3.569,0,1,1,1,0,0,0,0,0,0
River Complex,2021,2021-09-04 12:00:00,2021-09-04 05:00:00,2021-09-04 04:00:00,855,854.5,552.468,59.3217281500857,154.274,5.793,4.381,3.552,1.636,5.412,1.614,3.569,1,1,1,1,0,0,0,0,0,0
River Complex,2021,2021-09-04 13:00:00,2021-09-04 06:00:00,2021-09-04 05:00:00,856,855.5,553.972,59.4832214476843,153.968,4.736,3.632,2.184,1.636,5.412,1.614,3.569,0,1,1,0,0,0,0,1.504,0.478,0.26
River Complex,2021,2021-09-04 14:00:00,2021-09-04 07:00:00,2021-09-04 06:00:00,857,856.5,553.972,59.4832214476843,153.968,4.736,4.124,3.317,0.996,5.412,1.614,3.569,0,1,1,1,0,0,0,0,0,0
River Complex,2021,2021-09-04 15:00:00,2021-09-04 08:00:00,2021-09-04 07:00:00,858,857.5,553.972,59.4832214476843,153.968,4.736,4.124,3.317,0.996,5.412,1.614,3.569,0,1,1,1,0,0,0,0,0,0
River Complex,2021,2021-09-04 16:00:00,2021-09-04 09:00:00,2021-09-04 08:00:00,859,858.5,553.972,59.4832214476843,153.968,4.736,4.394,3.787,2.015,5.412,1.614,3.569,0,1,1,1,0,0,0,0,0,0
River Complex,2021,2021-09-04 17:00:00,2021-09-04 10:00:00,2021-09-04 09:00:00,860,859.5,553.972,59.4832214476843,153.968,4.737,4.124,3.317,0.996,5.412,1.614,3.569,0,1,1,1,0,0,0,0,0,0
River Complex,2021,2021-09-04 18:00:00,2021-09-04 11:00:00,2021-09-04 10:00:00,861,860.5,553.972,59.4832214476843,153.968,4.737,22.172,17.325,5.453,1.213,1.614,3.569,0,1,1,1,1,0,0,0,0,0
River Complex,2021,2021-09-04 19:00:00,2021-09-04 12:00:00,2021-09-04 11:00:00,862,861.5,553.972,59.4832214476843,153.968,4.737,42.94,36.519,21.115,9.262,5.155,2.391,0,1,1,1,1,1,1,0,0,0
River Complex,2021,2021-09-04 20:00:00,2021-09-04 13:00:00,2021-09-04 12:00:00,863,862.5,553.972,59.4832214476843,153.968,4.737,55.971,46.835,23.509,8.501,3.844,0.607,0,1,1,1,1,1,1,0,0,0
River Complex,2021,2021-09-04 21:00:00,2021-09-04 14:00:00,2021-09-04 13:00:00,864,863.5,553.972,59.4832214476843,153.968,4.737,67.734,57.127,32.076,16.975,7.061,1.219,0,1,1,1,1,1,1,0,0,0
River Complex,2021,2021-09-04 22:00:00,2021-09-04 15:00:00,2021-09-04 14:00:00,865,864.5,553.972,59.4832214476843,153.968,4.737,75.353,67.462,42.398,14.22,2.832,0.531,0,1,1,1,1,1,1,0,0,0
River Complex,2021,2021-09-04 23:00:00,2021-09-04 16:00:00,2021-09-04 15:00:00,866,865.5,553.972,59.4832214476843,153.968,4.737,61.846,52.484,30.781,5.731,1.363,0.531,1,1,1,1,1,1,0,0,0,0
River Complex,2021,2021-09-05 00:00:00,2021-09-04 17:00:00,2021-09-04 16:00:00,867,866.5,556.551,59.7601437977554,155.497,11.696,50.942,41.661,18.129,6.219,0.91,0.531,0,1,1,1,1,1,0,2.579,1.041,0.544
River Complex,2021,2021-09-05 01:00:00,2021-09-04 18:00:00,2021-09-04 17:00:00,868,867.5,556.551,59.7601437977554,155.497,11.696,36.14,29.223,14.297,7.339,2.211,0.531,0,1,1,1,1,1,0,0,0,0
River Complex,2021,2021-09-05 02:00:00,2021-09-04 19:00:00,2021-09-04 18:00:00,869,868.5,556.551,59.7601437977554,155.497,11.696,25.151,20.467,10.355,7.339,2.211,0.531,1,1,1,1,0,0,0,0,0,0
River Complex,2021,2021-09-05 03:00:00,2021-09-04 20:00:00,2021-09-04 19:00:00,870,869.5,561.183,60.2575087940832,156.686,1.117,25.057,21.716,14.071,8.343,2.763,0.531,0,1,1,1,1,1,0,4.632,1.658,0.396
River Complex,2021,2021-09-05 04:00:00,2021-09-04 21:00:00,2021-09-04 20:00:00,871,870.5,561.183,60.2575087940832,156.686,1.117,17.504,15.882,11.773,7.072,2.737,0.531,0,1,1,1,1,1,0,0,0,0
River Complex,2021,2021-09-05 05:00:00,2021-09-04 22:00:00,2021-09-04 21:00:00,872,871.5,561.183,60.2575087940832,156.686,1.117,14.206,11.511,5.332,0.505,2.737,0.531,0,1,1,1,1,0,0,0,0,0
River Complex,2021,2021-09-05 06:00:00,2021-09-04 23:00:00,2021-09-04 22:00:00,873,872.5,561.183,60.2575087940832,156.686,1.117,17.328,14.158,7.127,2.847,2.737,0.531,0,1,1,1,1,0,0,0,0,0
River Complex,2021,2021-09-05 07:00:00,2021-09-05 00:00:00,2021-09-04 23:00:00,874,873.5,561.183,60.2575087940832,156.686,1.117,10.511,8.72,4.131,2.847,2.737,0.531,0,1,1,1,0,0,0,0,0,0
River Complex,2021,2021-09-05 08:00:00,2021-09-05 01:00:00,2021-09-05 00:00:00,875,874.5,561.183,60.2575087940832,156.686,1.117,10.782,8.885,4.211,2.847,2.737,0.531,0,1,1,1,0,0,0,0,0,0
River Complex,2021,2021-09-05 09:00:00,2021-09-05 02:00:00,2021-09-05 01:00:00,876,875.5,561.183,60.2575087940832,156.686,1.117,10.36,8.569,3.824,2.847,2.737,0.531,0,1,1,1,0,0,0,0,0,0
River Complex,2021,2021-09-05 10:00:00,2021-09-05 03:00:00,2021-09-05 02:00:00,877,876.5,561.183,60.2575087940832,156.686,1.117,6.236,5.253,2.828,2.847,2.737,0.531,0,1,1,1,0,0,0,0,0,0
River Complex,2021,2021-09-05 11:00:00,2021-09-05 04:00:00,2021-09-05 03:00:00,878,877.5,561.183,60.2575087940832,156.686,1.117,10.435,8.569,3.824,2.847,2.737,0.531,0,1,1,1,0,0,0,0,0,0
River Complex,2021,2021-09-05 12:00:00,2021-09-05 05:00:00,2021-09-05 04:00:00,879,878.5,561.183,60.2575087940832,156.686,1.117,7.744,5.253,2.828,2.847,2.737,0.531,0,1,1,1,0,0,0,0,0,0
River Complex,2021,2021-09-05 13:00:00,2021-09-05 06:00:00,2021-09-05 05:00:00,880,879.5,561.183,60.2575087940832,156.686,1.117,6.236,5.253,2.828,2.847,2.737,0.531,0,1,1,1,0,0,0,0,0,0
River Complex,2021,2021-09-05 14:00:00,2021-09-05 07:00:00,2021-09-05 06:00:00,881,880.5,561.183,60.2575087940832,156.686,1.117,6.236,5.253,2.828,2.847,2.737,0.531,0,1,1,1,0,0,0,0,0,0
River Complex,2021,2021-09-05 15:00:00,2021-09-05 08:00:00,2021-09-05 07:00:00,882,881.5,561.183,60.2575087940832,156.686,1.117,10.597,8.571,3.734,2.847,2.737,0.531,0,1,1,1,0,0,0,0,0,0
River Complex,2021,2021-09-05 16:00:00,2021-09-05 09:00:00,2021-09-05 08:00:00,883,882.5,561.183,60.2575087940832,156.686,1.117,4.739,3.6,1.738,2.847,2.737,0.531,1,1,1,1,0,0,0,0,0,0
River Complex,2021,2021-09-05 17:00:00,2021-09-05 10:00:00,2021-09-05 09:00:00,884,883.5,561.207,60.2600858147895,156.708,5.27,15.099,12.169,5.561,2.847,2.737,0.531,1,1,1,1,0,0,0,0.024,0.038,0.021
River Complex,2021,2021-09-05 18:00:00,2021-09-05 11:00:00,2021-09-05 10:00:00,885,884.5,561.79,60.3226859427816,156.905,27.945,18.365,14.618,9.514,2.847,2.737,0.531,0,1,1,1,0,0,0,0.583,0.333,0.111
River Complex,2021,2021-09-05 19:00:00,2021-09-05 12:00:00,2021-09-05 11:00:00,886,885.5,561.79,60.3226859427816,156.905,27.945,32.313,28.908,17.585,8.845,1.86,0.531,1,1,1,1,1,1,0,0,0,0
River Complex,2021,2021-09-05 20:00:00,2021-09-05 13:00:00,2021-09-05 12:00:00,887,886.5,580.738,62.3572437904539,158.524,8.871,70.019,62.34,42.335,30.463,17.077,9.789,1,1,1,1,1,1,1,18.948,1.913,0.678
River Complex,2021,2021-09-05 21:00:00,2021-09-05 14:00:00,2021-09-05 13:00:00,888,887.5,582.01,62.493825887891,159.288,32.524,73.349,66.243,47.864,36.056,24.057,13.758,1,1,1,1,1,1,1,1.272,0.654,0.143
River Complex,2021,2021-09-05 22:00:00,2021-09-05 15:00:00,2021-09-05 14:00:00,889,888.5,608.288,65.3154488096312,158.514,2.125,109.497,98.496,67.181,44.523,29.127,12.798,0,1,1,1,1,1,1,26.278,2.492,0.808
River Complex,2021,2021-09-05 23:00:00,2021-09-05 16:00:00,2021-09-05 15:00:00,890,889.5,608.288,65.3154488096312,158.514,2.125,106.264,96.644,69.658,35.733,23.565,5.422,1,1,1,1,1,1,1,0,0,0
River Complex,2021,2021-09-06 00:00:00,2021-09-05 17:00:00,2021-09-05 16:00:00,891,890.5,608.536,65.3420780235969,158.652,8.124,81.737,73.828,54.982,31.497,18.09,5.422,1,1,1,1,1,1,0,0.248,0.241,0.117
River Complex,2021,2021-09-06 01:00:00,2021-09-05 18:00:00,2021-09-05 17:00:00,892,891.5,609.595,65.4557890622651,158.566,13.104,85.234,77.084,55.939,24.247,15.055,5.422,0,1,1,1,1,1,0,1.059,0.305,0.13
River Complex,2021,2021-09-06 02:00:00,2021-09-05 19:00:00,2021-09-05 18:00:00,893,892.5,609.595,65.4557890622651,158.566,13.104,69.972,58.988,31.171,14.187,9.744,5.422,1,1,1,1,1,1,0,0,0,0
River Complex,2021,2021-09-06 03:00:00,2021-09-05 20:00:00,2021-09-05 19:00:00,894,893.5,617.041,66.2553097364137,159.911,5.926,63.508,52.338,27.836,17.346,11.846,6.663,0,1,1,1,1,1,1,7.446,1.477,0.568
River Complex,2021,2021-09-06 04:00:00,2021-09-05 21:00:00,2021-09-05 20:00:00,895,894.5,617.041,66.2553097364137,159.911,5.926,41.864,33.533,22.237,13.935,3.437,0.565,1,1,1,1,1,1,1,0,0,0
River Complex,2021,2021-09-06 05:00:00,2021-09-05 22:00:00,2021-09-05 21:00:00,896,895.5,617.14,66.2659399468275,159.93,4.596,45.134,36.182,23.12,12.23,3.793,0.565,0,1,1,1,1,1,0,0.099,0.032,0.017
River Complex,2021,2021-09-06 06:00:00,2021-09-05 23:00:00,2021-09-05 22:00:00,897,896.5,617.14,66.2659399468275,159.93,4.596,42.582,35.297,20.812,9.465,3.793,0.565,1,1,1,1,1,1,0,0,0,0
River Complex,2021,2021-09-06 07:00:00,2021-09-06 00:00:00,2021-09-05 23:00:00,898,897.5,619.595,66.5295476899157,161.137,3.088,35.085,30.413,20.307,6.084,1.46,0.565,0,1,1,1,1,1,0,2.455,1.057,0.534
River Complex,2021,2021-09-06 08:00:00,2021-09-06 01:00:00,2021-09-06 00:00:00,899,898.5,619.595,66.5295476899157,161.137,3.088,28.327,23.058,12.232,4.111,1.46,0.565,0,1,1,1,1,1,0,0,0,0
River Complex,2021,2021-09-06 09:00:00,2021-09-06 02:00:00,2021-09-06 01:00:00,900,899.5,619.595,66.5295476899157,161.137,3.088,31.413,26.053,15.293,2.571,1.46,0.565,0,1,1,1,1,0,0,0,0,0
River Complex,2021,2021-09-06 10:00:00,2021-09-06 03:00:00,2021-09-06 02:00:00,901,900.5,619.595,66.5295476899157,161.137,3.088,32.141,26.398,11.268,2.571,1.46,0.565,0,1,1,1,1,0,0,0,0,0
River Complex,2021,2021-09-06 11:00:00,2021-09-06 04:00:00,2021-09-06 03:00:00,902,901.5,619.595,66.5295476899157,161.137,3.088,17.212,12.365,6.083,2.571,1.46,0.565,1,1,1,1,0,0,0,0,0,0
River Complex,2021,2021-09-06 12:00:00,2021-09-06 05:00:00,2021-09-06 04:00:00,903,902.5,619.646,66.5350238589167,161.157,3.509,18.374,13.696,6.757,2.571,1.46,0.565,0,1,1,1,0,0,0,0.051,0.039,0.017
River Complex,2021,2021-09-06 13:00:00,2021-09-06 06:00:00,2021-09-06 05:00:00,904,903.5,619.646,66.5350238589167,161.157,3.509,16.868,12.312,5.928,2.571,1.46,0.565,0,1,1,1,0,0,0,0,0,0
River Complex,2021,2021-09-06 14:00:00,2021-09-06 07:00:00,2021-09-06 06:00:00,905,904.5,619.646,66.5350238589167,161.157,3.509,17.231,12.36,6.083,2.571,1.46,0.565,0,1,1,1,0,0,0,0,0,0
River Complex,2021,2021-09-06 15:00:00,2021-09-06 08:00:00,2021-09-06 07:00:00,906,905.5,619.646,66.5350238589167,161.157,3.509,6.838,3.558,1.624,2.571,1.46,0.565,0,1,1,1,0,0,0,0,0,0
River Complex,2021,2021-09-06 16:00:00,2021-09-06 09:00:00,2021-09-06 08:00:00,907,906.5,619.646,66.5350238589167,161.157,3.509,10.999,7.106,3.359,2.571,1.46,0.565,0,1,1,1,0,0,0,0,0,0
River Complex,2021,2021-09-06 17:00:00,2021-09-06 10:00:00,2021-09-06 09:00:00,908,907.5,619.646,66.5350238589167,161.157,3.509,6.838,3.558,1.624,2.571,1.46,0.565,1,1,1,1,0,0,0,0,0,0
River Complex,2021,2021-09-06 18:00:00,2021-09-06 11:00:00,2021-09-06 10:00:00,909,908.5,620.593,66.6367088009552,161.677,12.89,23.906,20.086,16.446,12.805,10.811,6.236,0,1,1,1,1,1,1,0.947,0.665,0.27
River Complex,2021,2021-09-06 19:00:00,2021-09-06 12:00:00,2021-09-06 11:00:00,910,909.5,620.593,66.6367088009552,161.677,12.89,35.248,29.756,21.325,14.016,11.791,7.553,1,1,1,1,1,1,1,0,0,0
River Complex,2021,2021-09-06 20:00:00,2021-09-06 13:00:00,2021-09-06 12:00:00,911,910.5,629.721,67.6168356762747,162.332,11.044,43.958,35.139,26.21,15.467,7.327,2.321,1,1,1,1,1,1,1,9.128,1.472,0.708
River Complex,2021,2021-09-06 21:00:00,2021-09-06 14:00:00,2021-09-06 13:00:00,912,911.5,632.143,67.8769000158916,163.187,7.593,58.603,51.537,38.191,22.909,10.182,0.491,1,1,1,1,1,1,1,2.422,0.647,0.219
River Complex,2021,2021-09-06 22:00:00,2021-09-06 15:00:00,2021-09-06 14:00:00,913,912.5,639.576,68.6750248038243,163.957,21.838,87.071,80.318,64.642,37.447,19.392,6.823,1,1,1,1,1,1,1,7.433,2.335,0.979
River Complex,2021,2021-09-06 23:00:00,2021-09-06 16:00:00,2021-09-06 15:00:00,914,913.5,647.728,69.550352837085,164.951,13.992,96.524,89.129,74.327,42.916,18.475,2.569,1,1,1,1,1,1,1,8.152,1.047,0.373
River Complex,2021,2021-09-07 00:00:00,2021-09-06 17:00:00,2021-09-06 16:00:00,915,914.5,652.25,70.0359064885086,165.258,16.857,92.712,85.172,65.002,32.546,16.497,2.569,1,1,1,1,1,1,0,4.522,0.724,0.323
River Complex,2021,2021-09-07 01:00:00,2021-09-06 18:00:00,2021-09-06 17:00:00,916,915.5,666.503,71.566334660499,169.456,5.673,91.884,84.267,66.874,27.955,15.502,2.569,1,1,1,1,1,1,0,14.253,2.38,0.846
River Complex,2021,2021-09-07 02:00:00,2021-09-06 19:00:00,2021-09-06 18:00:00,917,916.5,668.221,71.7508063927294,169.655,14.556,65.402,57.226,37.774,12.232,5.459,2.569,1,1,1,1,1,1,0,1.718,0.602,0.303
River Complex,2021,2021-09-07 03:00:00,2021-09-06 20:00:00,2021-09-06 19:00:00,918,917.5,678.644,72.8699850103296,170.427,6.943,54.996,48.045,34.143,14.369,6.597,3.885,1,1,1,1,1,1,1,10.423,2.085,0.716
River Complex,2021,2021-09-07 04:00:00,2021-09-06 21:00:00,2021-09-06 20:00:00,919,918.5,684.352,73.4828864349925,171.8,4.075,49.039,44.769,30.538,10.475,6.625,4.135,0,1,1,1,1,1,1,5.708,2.067,0.822
River Complex,2021,2021-09-07 05:00:00,2021-09-06 22:00:00,2021-09-06 21:00:00,920,919.5,684.352,73.4828864349925,171.8,4.075,43.844,37.688,23.826,11.909,2.011,4.135,0,1,1,1,1,1,0,0,0,0
River Complex,2021,2021-09-07 06:00:00,2021-09-06 23:00:00,2021-09-06 22:00:00,921,920.5,684.352,73.4828864349925,171.8,4.075,41.7,34.202,22.681,9.093,1.859,4.135,0,1,1,1,1,1,0,0,0,0
River Complex,2021,2021-09-07 07:00:00,2021-09-07 00:00:00,2021-09-06 23:00:00,922,921.5,684.352,73.4828864349925,171.8,4.075,39.744,32.699,21.382,5.813,0.732,4.135,1,1,1,1,1,1,0,0,0,0
River Complex,2021,2021-09-07 08:00:00,2021-09-07 01:00:00,2021-09-07 00:00:00,923,922.5,684.417,73.4898658660722,171.854,8.505,41.444,34.485,20.759,10.233,3.02,4.135,0,1,1,1,1,1,0,0.065,0.033,0.016
River Complex,2021,2021-09-07 09:00:00,2021-09-07 02:00:00,2021-09-07 01:00:00,924,923.5,684.417,73.4898658660722,171.854,8.505,43.713,37.947,25.162,12.111,3.709,4.135,0,1,1,1,1,1,0,0,0,0
River Complex,2021,2021-09-07 10:00:00,2021-09-07 03:00:00,2021-09-07 02:00:00,925,924.5,684.417,73.4898658660722,171.854,8.505,37.973,27.8,13.909,12.111,3.709,4.135,0,1,1,1,0,0,0,0,0,0
River Complex,2021,2021-09-07 11:00:00,2021-09-07 04:00:00,2021-09-07 03:00:00,926,925.5,684.417,73.4898658660722,171.854,8.505,38.882,29.633,10.769,0.14,3.709,4.135,0,1,1,1,1,0,0,0,0,0
River Complex,2021,2021-09-07 12:00:00,2021-09-07 05:00:00,2021-09-07 04:00:00,927,926.5,684.417,73.4898658660722,171.854,8.505,33.325,24.658,9.166,0.14,3.709,4.135,0,1,1,1,0,0,0,0,0,0
River Complex,2021,2021-09-07 13:00:00,2021-09-07 06:00:00,2021-09-07 05:00:00,928,927.5,684.417,73.4898658660722,171.854,8.505,39.261,35.34,18.645,2.124,3.709,4.135,0,1,1,1,1,0,0,0,0,0
River Complex,2021,2021-09-07 14:00:00,2021-09-07 07:00:00,2021-09-07 06:00:00,929,928.5,684.417,73.4898658660722,171.854,8.505,37.24,30.521,20.493,12.737,3.709,4.135,0,1,1,1,1,0,0,0,0,0
River Complex,2021,2021-09-07 15:00:00,2021-09-07 08:00:00,2021-09-07 07:00:00,930,929.5,684.417,73.4898658660722,171.854,8.505,47.63,42.659,26.416,14.086,3.94,4.135,0,1,1,1,1,1,0,0,0,0
River Complex,2021,2021-09-07 16:00:00,2021-09-07 09:00:00,2021-09-07 08:00:00,931,930.5,684.417,73.4898658660722,171.854,8.505,41.301,37.411,26.727,15.803,6.6,2.939,1,1,1,1,1,1,1,0,0,0
River Complex,2021,2021-09-07 17:00:00,2021-09-07 10:00:00,2021-09-07 09:00:00,932,931.5,690.082,74.0981501286363,173.644,10.558,61.335,54,32.621,19.762,10.881,3.927,1,1,1,1,1,1,1,5.665,2.006,0.666
River Complex,2021,2021-09-07 18:00:00,2021-09-07 11:00:00,2021-09-07 10:00:00,933,932.5,698.181,74.9677872411705,174.397,6.041,82.694,74.926,52.391,28.788,15.658,9.474,1,1,1,1,1,1,1,8.099,2.554,0.767
River Complex,2021,2021-09-07 19:00:00,2021-09-07 12:00:00,2021-09-07 11:00:00,934,933.5,700.36,75.2017592461356,174.423,0.544,69.236,64.033,52.986,37.832,17.09,6.498,1,1,1,1,1,1,1,2.179,0.89,0.361
River Complex,2021,2021-09-07 20:00:00,2021-09-07 13:00:00,2021-09-07 12:00:00,935,934.5,700.371,75.202940380626,174.424,5.997,81.136,74.058,60.599,41.177,19.077,3.037,1,1,1,1,1,1,1,0.011,0.028,0.02
River Complex,2021,2021-09-07 21:00:00,2021-09-07 14:00:00,2021-09-07 13:00:00,936,935.5,703.978,75.5902451176195,174.721,15.171,99.329,90.46,72.642,47.099,23.382,3.844,1,1,1,1,1,1,1,3.607,1.004,0.601
River Complex,2021,2021-09-07 22:00:00,2021-09-07 15:00:00,2021-09-07 14:00:00,937,936.5,714.988,76.7724533666628,174.519,10.291,95.438,87.202,62.259,38.001,13.131,1.508,1,1,1,1,1,1,1,11.01,1.651,0.726
River Complex,2021,2021-09-07 23:00:00,2021-09-07 16:00:00,2021-09-07 15:00:00,938,937.5,716.002,76.8813324915066,174.965,19.077,99.989,91.085,67.549,35.461,9.661,1.508,1,1,1,1,1,1,0,1.014,0.215,0.099
River Complex,2021,2021-09-08 00:00:00,2021-09-07 17:00:00,2021-09-07 16:00:00,939,938.5,721.76,77.4996027093078,175.305,13.789,105.112,96.416,74.177,50.103,25.707,1.508,1,1,1,1,1,1,0,5.758,0.886,0.302
River Complex,2021,2021-09-08 01:00:00,2021-09-07 18:00:00,2021-09-07 17:00:00,940,939.5,738.902,79.3402397488264,189.84,23.425,124.149,118.331,94.753,62.561,31.007,6.119,1,1,1,1,1,1,1,17.142,5.175,1.243
River Complex,2021,2021-09-08 02:00:00,2021-09-07 19:00:00,2021-09-07 18:00:00,941,940.5,760.98,81.7108840469533,193.632,21.139,110.003,104.906,84.401,48.692,33.771,6.085,1,1,1,1,1,1,1,22.078,3.76,0.942
River Complex,2021,2021-09-08 03:00:00,2021-09-07 20:00:00,2021-09-07 19:00:00,942,941.5,780.208,83.7755071361998,202.606,34.486,114.779,108.736,92.172,69.267,38.759,18.569,1,1,1,1,1,1,1,19.228,4.174,0.91
River Complex,2021,2021-09-08 04:00:00,2021-09-07 21:00:00,2021-09-07 20:00:00,943,942.5,814.973,87.5084290052271,198.891,20.392,107.985,100.601,76.225,57.545,19.746,8.229,1,1,1,1,1,1,1,34.765,2.599,1.008
River Complex,2021,2021-09-08 05:00:00,2021-09-07 22:00:00,2021-09-07 21:00:00,944,943.5,830.953,89.2242952922127,196.969,4.808,86.022,75.674,60.111,27.881,0.086,8.229,1,1,1,1,1,1,0,15.98,1.885,0.784
River Complex,2021,2021-09-08 06:00:00,2021-09-07 23:00:00,2021-09-07 22:00:00,945,944.5,831.049,89.2346033750381,197.082,7.19,52.565,50.923,37.173,6.256,0.086,8.229,1,1,1,1,1,0,0,0.096,0.045,0.02
River Complex,2021,2021-09-08 07:00:00,2021-09-08 00:00:00,2021-09-07 23:00:00,946,945.5,833.313,89.4777023283382,198.089,0.821,57.415,45.536,20.043,5.701,0.086,8.229,1,1,1,1,1,0,0,2.264,1.128,0.315
River Complex,2021,2021-09-08 08:00:00,2021-09-08 01:00:00,2021-09-08 00:00:00,947,946.5,833.335,89.480064597319,198.112,1.81,17.972,15.909,11.06,5.701,0.086,8.229,0,1,1,1,0,0,0,0.022,0.043,0.027
River Complex,2021,2021-09-08 09:00:00,2021-09-08 02:00:00,2021-09-08 01:00:00,948,947.5,833.335,89.480064597319,198.112,1.81,36.449,30.578,14.696,2.4,0.086,8.229,1,1,1,1,1,0,0,0,0,0
River Complex,2021,2021-09-08 10:00:00,2021-09-08 03:00:00,2021-09-08 02:00:00,949,948.5,833.663,89.515283880306,198.417,1.167,73.821,62.47,35.9,13.355,3.74,0.002,1,1,1,1,1,1,1,0.328,0.302,0.181
River Complex,2021,2021-09-08 11:00:00,2021-09-08 04:00:00,2021-09-08 03:00:00,950,949.5,833.681,89.5172166458357,198.442,5.168,55.296,48.578,36.186,15.102,5.104,0.002,0,1,1,1,1,1,1,0.018,0.041,0.015
River Complex,2021,2021-09-08 12:00:00,2021-09-08 05:00:00,2021-09-08 04:00:00,951,950.5,833.681,89.5172166458357,198.442,5.168,48.157,42.042,23.094,4.053,5.104,0.002,0,1,1,1,1,0,0,0,0,0
River Complex,2021,2021-09-08 13:00:00,2021-09-08 06:00:00,2021-09-08 05:00:00,952,951.5,833.681,89.5172166458357,198.442,5.168,12.103,8.906,1.539,4.053,5.104,0.002,0,1,1,1,0,0,0,0,0,0
River Complex,2021,2021-09-08 14:00:00,2021-09-08 07:00:00,2021-09-08 06:00:00,953,952.5,833.681,89.5172166458357,198.442,5.168,19.873,15.485,9.922,1.023,5.104,0.002,0,1,1,1,1,0,0,0,0,0
River Complex,2021,2021-09-08 15:00:00,2021-09-08 08:00:00,2021-09-08 07:00:00,954,953.5,833.681,89.5172166458357,198.442,5.168,26.769,23.112,10.86,1.023,5.104,0.002,0,1,1,1,1,0,0,0,0,0
River Complex,2021,2021-09-08 16:00:00,2021-09-08 09:00:00,2021-09-08 08:00:00,955,954.5,833.681,89.5172166458357,198.442,5.168,32.809,29.507,21.602,3.775,5.104,0.002,0,1,1,1,1,0,0,0,0,0
River Complex,2021,2021-09-08 17:00:00,2021-09-08 10:00:00,2021-09-08 09:00:00,956,955.5,833.681,89.5172166458357,198.442,5.168,20.378,17.511,6.443,3.775,5.104,0.002,0,1,1,1,0,0,0,0,0,0
River Complex,2021,2021-09-08 18:00:00,2021-09-08 11:00:00,2021-09-08 10:00:00,957,956.5,833.681,89.5172166458357,198.442,5.168,19.935,16.588,4.64,3.775,5.104,0.002,0,1,1,1,0,0,0,0,0,0
River Complex,2021,2021-09-08 19:00:00,2021-09-08 12:00:00,2021-09-08 11:00:00,958,957.5,833.681,89.5172166458357,198.442,5.168,27.017,21.288,2.474,3.775,5.104,0.002,1,1,1,1,0,0,0,0,0,0
River Complex,2021,2021-09-08 20:00:00,2021-09-08 13:00:00,2021-09-08 12:00:00,959,958.5,834.494,89.6045132222637,198.253,8.381,50.041,42.909,18.818,10.973,7.801,4.143,1,1,1,1,1,1,1,0.813,0.289,0.157
River Complex,2021,2021-09-08 21:00:00,2021-09-08 14:00:00,2021-09-08 13:00:00,960,959.5,839.416,90.1330172187934,197.28,29.692,64.042,56.527,39.926,19.78,9.881,0.355,1,1,1,1,1,1,1,4.922,1.017,0.587
River Complex,2021,2021-09-08 22:00:00,2021-09-08 15:00:00,2021-09-08 14:00:00,961,960.5,870.093,93.426986560837,201.043,13.204,82.872,72.921,61.25,41.395,19.961,7.547,1,1,1,1,1,1,1,30.677,2.554,1.033
River Complex,2021,2021-09-08 23:00:00,2021-09-08 16:00:00,2021-09-08 15:00:00,962,961.5,872.098,93.642275165681,200.664,7.307,89.31,78.605,60.875,31.888,8.656,1.89,0,1,1,1,1,1,1,2.005,0.542,0.152
River Complex,2021,2021-09-09 00:00:00,2021-09-08 17:00:00,2021-09-08 16:00:00,963,962.5,872.098,93.642275165681,200.664,7.307,65.56,54.759,37.067,13.223,2.88,1.89,0,1,1,1,1,1,0,0,0,0
River Complex,2021,2021-09-09 01:00:00,2021-09-08 18:00:00,2021-09-08 17:00:00,964,963.5,872.098,93.642275165681,200.664,7.307,33.119,26.021,3.955,13.223,2.88,1.89,1,1,1,1,0,0,0,0,0,0
River Complex,2021,2021-09-09 02:00:00,2021-09-08 19:00:00,2021-09-08 18:00:00,965,964.5,876.003,94.0615779097785,200.91,6.542,16.208,13.048,5.535,13.223,2.88,1.89,0,1,1,1,0,0,0,3.905,1.035,0.534
River Complex,2021,2021-09-09 03:00:00,2021-09-08 20:00:00,2021-09-08 19:00:00,966,965.5,876.003,94.0615779097785,200.91,6.542,23.372,18.17,4.02,13.223,2.88,1.89,0,1,1,1,0,0,0,0,0,0
River Complex,2021,2021-09-09 04:00:00,2021-09-08 21:00:00,2021-09-08 20:00:00,967,966.5,876.003,94.0615779097785,200.91,6.542,6.235,4.362,4.02,13.223,2.88,1.89,1,1,1,0,0,0,0,0,0,0
River Complex,2021,2021-09-09 05:00:00,2021-09-08 22:00:00,2021-09-08 21:00:00,968,967.5,876.129,94.0751072684869,201.018,9.635,34.597,28.004,7.704,13.223,2.88,1.89,1,1,1,1,0,0,0,0.126,0.041,0.019
River Complex,2021,2021-09-09 06:00:00,2021-09-08 23:00:00,2021-09-08 22:00:00,969,968.5,882.215,94.728596769275,198.926,3.964,32.752,29.75,18.679,3.088,2.88,1.89,0,1,1,1,1,0,0,6.086,1.582,0.632
River Complex,2021,2021-09-09 07:00:00,2021-09-09 00:00:00,2021-09-08 23:00:00,970,969.5,882.215,94.728596769275,198.926,3.964,30.453,24.663,16.406,10.435,5.072,1.89,0,1,1,1,1,1,0,0,0,0
River Complex,2021,2021-09-09 08:00:00,2021-09-09 01:00:00,2021-09-09 00:00:00,971,970.5,882.215,94.728596769275,198.926,3.964,31.525,27.554,17.086,9.946,5.235,2.609,0,1,1,1,1,1,1,0,0,0
River Complex,2021,2021-09-09 09:00:00,2021-09-09 02:00:00,2021-09-09 01:00:00,972,971.5,882.215,94.728596769275,198.926,3.964,33.975,28.002,19.039,9.631,5.029,2.331,0,1,1,1,1,1,1,0,0,0
River Complex,2021,2021-09-09 10:00:00,2021-09-09 03:00:00,2021-09-09 02:00:00,973,972.5,882.215,94.728596769275,198.926,3.964,37.119,31.609,18.876,7.277,4.279,2.331,1,1,1,1,1,1,1,0,0,0
River Complex,2021,2021-09-09 11:00:00,2021-09-09 04:00:00,2021-09-09 03:00:00,974,973.5,882.763,94.7874387420703,199.113,5.204,43.169,37.352,20.763,7.688,4.58,2.609,1,1,1,1,1,1,1,0.548,0.352,0.138
River Complex,2021,2021-09-09 12:00:00,2021-09-09 05:00:00,2021-09-09 04:00:00,975,974.5,885.62,95.0942115819901,202.287,1.642,41.169,34.962,22.159,12.037,5.438,2.331,0,1,1,1,1,1,1,2.857,2.106,0.549
River Complex,2021,2021-09-09 13:00:00,2021-09-09 06:00:00,2021-09-09 05:00:00,976,975.5,885.62,95.0942115819901,202.287,1.642,44.702,37.906,21.757,9.316,2.495,2.331,0,1,1,1,1,1,0,0,0,0
River Complex,2021,2021-09-09 14:00:00,2021-09-09 07:00:00,2021-09-09 06:00:00,977,976.5,885.62,95.0942115819901,202.287,1.642,35.602,29.784,16.591,8.204,2.375,2.331,1,1,1,1,1,1,0,0,0,0
River Complex,2021,2021-09-09 15:00:00,2021-09-09 08:00:00,2021-09-09 07:00:00,978,977.5,885.661,95.0986139923634,202.348,1.71,22.154,17.502,8.582,0.488,2.375,2.331,1,1,1,1,1,0,0,0.041,0.066,0.025
River Complex,2021,2021-09-09 16:00:00,2021-09-09 09:00:00,2021-09-09 08:00:00,979,978.5,885.661,95.0986139923634,202.358,0.04,25.916,20.84,11.459,0.488,2.375,2.331,1,1,1,1,0,0,0,0,0,0
River Complex,2021,2021-09-09 17:00:00,2021-09-09 10:00:00,2021-09-09 09:00:00,980,979.5,885.662,95.0987213682262,202.379,11.667,32.4,27.349,12.383,2.614,2.375,2.331,1,1,1,1,1,0,0,0.001,0.035,0.025
River Complex,2021,2021-09-09 18:00:00,2021-09-09 11:00:00,2021-09-09 10:00:00,981,980.5,898.437,96.4704480150498,204.519,5.642,43.394,37.587,22.584,14.716,8.217,2.481,1,1,1,1,1,1,1,12.775,2.655,1.095
River Complex,2021,2021-09-09 19:00:00,2021-09-09 12:00:00,2021-09-09 11:00:00,982,981.5,899.909,96.62850528504,204.432,18.936,50.497,45.413,30.879,21.134,11.177,4.562,1,1,1,1,1,1,1,1.472,0.62,0.261
River Complex,2021,2021-09-09 20:00:00,2021-09-09 13:00:00,2021-09-09 12:00:00,983,982.5,907.341,97.4265226971099,203.749,5.392,47.486,42.489,31.424,23.943,12.961,6.312,1,1,1,1,1,1,1,7.432,1.681,0.392
River Complex,2021,2021-09-09 21:00:00,2021-09-09 14:00:00,2021-09-09 13:00:00,984,983.5,907.469,97.4402668075438,203.727,0.701,71.918,62.751,43.236,7.043,1.825,6.312,1,1,1,1,1,1,0,0.128,0.037,0.024
River Complex,2021,2021-09-09 22:00:00,2021-09-09 15:00:00,2021-09-09 14:00:00,985,984.5,907.484,97.4418774454853,203.729,3.466,39.496,32.566,15.285,7.043,1.825,6.312,0,1,1,1,0,0,0,0.015,0.038,0.021
River Complex,2021,2021-09-09 23:00:00,2021-09-09 16:00:00,2021-09-09 15:00:00,986,985.5,907.484,97.4418774454853,203.729,3.466,17.898,12.852,6.933,7.043,1.825,6.312,0,1,1,1,0,0,0,0,0,0
River Complex,2021,2021-09-10 00:00:00,2021-09-09 17:00:00,2021-09-09 16:00:00,987,986.5,907.484,97.4418774454853,203.729,3.466,17.898,12.852,6.933,7.043,1.825,6.312,0,0,0,0,0,0,0,0,0,0
River Complex,2021,2021-09-10 01:00:00,2021-09-09 18:00:00,2021-09-09 17:00:00,988,987.5,907.484,97.4418774454853,203.729,3.466,17.898,12.852,6.933,7.043,1.825,6.312,0,0,0,0,0,0,0,0,0,0
River Complex,2021,2021-09-10 02:00:00,2021-09-09 19:00:00,2021-09-09 18:00:00,989,988.5,907.484,97.4418774454853,203.729,3.466,17.898,12.852,6.933,7.043,1.825,6.312,0,0,0,0,0,0,0,0,0,0
River Complex,2021,2021-09-10 03:00:00,2021-09-09 20:00:00,2021-09-09 19:00:00,990,989.5,907.484,97.4418774454853,203.729,3.466,17.898,12.852,6.933,7.043,1.825,6.312,0,0,0,0,0,0,0,0,0,0
River Complex,2021,2021-09-10 04:00:00,2021-09-09 21:00:00,2021-09-09 20:00:00,991,990.5,907.484,97.4418774454853,203.729,3.466,17.898,12.852,6.933,7.043,1.825,6.312,0,0,0,0,0,0,0,0,0,0
River Complex,2021,2021-09-10 05:00:00,2021-09-09 22:00:00,2021-09-09 21:00:00,992,991.5,907.484,97.4418774454853,203.729,3.466,17.898,12.852,6.933,7.043,1.825,6.312,0,0,0,0,0,0,0,0,0,0
River Complex,2021,2021-09-10 06:00:00,2021-09-09 23:00:00,2021-09-09 22:00:00,993,992.5,907.484,97.4418774454853,203.729,3.466,17.898,12.852,6.933,7.043,1.825,6.312,0,0,0,0,0,0,0,0,0,0
River Complex,2021,2021-09-10 07:00:00,2021-09-10 00:00:00,2021-09-09 23:00:00,994,993.5,907.484,97.4418774454853,203.729,3.466,17.898,12.852,6.933,7.043,1.825,6.312,0,0,0,0,0,0,0,0,0,0
River Complex,2021,2021-09-10 08:00:00,2021-09-10 01:00:00,2021-09-10 00:00:00,995,994.5,907.484,97.4418774454853,203.729,3.466,17.898,12.852,6.933,7.043,1.825,6.312,0,0,0,0,0,0,0,0,0,0
River Complex,2021,2021-09-10 09:00:00,2021-09-10 02:00:00,2021-09-10 01:00:00,996,995.5,907.484,97.4418774454853,203.729,3.466,17.898,12.852,6.933,7.043,1.825,6.312,0,0,0,0,0,0,0,0,0,0
River Complex,2021,2021-09-10 10:00:00,2021-09-10 03:00:00,2021-09-10 02:00:00,997,996.5,907.484,97.4418774454853,203.729,3.466,17.898,12.852,6.933,7.043,1.825,6.312,0,0,0,0,0,0,0,0,0,0
River Complex,2021,2021-09-10 11:00:00,2021-09-10 04:00:00,2021-09-10 03:00:00,998,997.5,907.484,97.4418774454853,203.729,3.466,17.898,12.852,6.933,7.043,1.825,6.312,0,0,0,0,0,0,0,0,0,0
River Complex,2021,2021-09-10 12:00:00,2021-09-10 05:00:00,2021-09-10 04:00:00,999,998.5,907.484,97.4418774454853,203.729,3.466,17.898,12.852,6.933,7.043,1.825,6.312,0,0,0,0,0,0,0,0,0,0
River Complex,2021,2021-09-10 13:00:00,2021-09-10 06:00:00,2021-09-10 05:00:00,1000,999.5,907.484,97.4418774454853,203.729,3.466,17.898,12.852,6.933,7.043,1.825,6.312,0,0,0,0,0,0,0,0,0,0
River Complex,2021,2021-09-10 14:00:00,2021-09-10 07:00:00,2021-09-10 06:00:00,1001,1000.5,907.484,97.4418774454853,203.729,3.466,17.898,12.852,6.933,7.043,1.825,6.312,0,0,0,0,0,0,0,0,0,0
River Complex,2021,2021-09-10 15:00:00,2021-09-10 08:00:00,2021-09-10 07:00:00,1002,1001.5,907.484,97.4418774454853,203.729,3.466,17.898,12.852,6.933,7.043,1.825,6.312,0,0,0,0,0,0,0,0,0,0
River Complex,2021,2021-09-10 16:00:00,2021-09-10 09:00:00,2021-09-10 08:00:00,1003,1002.5,907.484,97.4418774454853,203.729,3.466,17.898,12.852,6.933,7.043,1.825,6.312,0,0,0,0,0,0,0,0,0,0
River Complex,2021,2021-09-10 17:00:00,2021-09-10 10:00:00,2021-09-10 09:00:00,1004,1003.5,907.484,97.4418774454853,203.729,3.466,17.898,12.852,6.933,7.043,1.825,6.312,0,0,0,0,0,0,0,0,0,0
River Complex,2021,2021-09-10 18:00:00,2021-09-10 11:00:00,2021-09-10 10:00:00,1005,1004.5,907.484,97.4418774454853,203.729,3.466,17.898,12.852,6.933,7.043,1.825,6.312,0,0,0,0,0,0,0,0,0,0
River Complex,2021,2021-09-10 19:00:00,2021-09-10 12:00:00,2021-09-10 11:00:00,1006,1005.5,907.484,97.4418774454853,203.729,3.466,17.898,12.852,6.933,7.043,1.825,6.312,0,0,0,0,0,0,0,0,0,0
River Complex,2021,2021-09-10 20:00:00,2021-09-10 13:00:00,2021-09-10 12:00:00,1007,1006.5,907.484,97.4418774454853,203.729,3.466,17.898,12.852,6.933,7.043,1.825,6.312,0,0,0,0,0,0,0,0,0,0
River Complex,2021,2021-09-10 21:00:00,2021-09-10 14:00:00,2021-09-10 13:00:00,1008,1007.5,907.484,97.4418774454853,203.729,3.466,17.898,12.852,6.933,7.043,1.825,6.312,0,0,0,0,0,0,0,0,0,0
River Complex,2021,2021-09-10 22:00:00,2021-09-10 15:00:00,2021-09-10 14:00:00,1009,1008.5,907.484,97.4418774454853,203.729,3.466,17.898,12.852,6.933,7.043,1.825,6.312,0,0,0,0,0,0,0,0,0,0
River Complex,2021,2021-09-10 23:00:00,2021-09-10 16:00:00,2021-09-10 15:00:00,1010,1009.5,907.484,97.4418774454853,203.729,3.466,17.898,12.852,6.933,7.043,1.825,6.312,0,0,0,0,0,0,0,0,0,0
River Complex,2021,2021-09-11 00:00:00,2021-09-10 17:00:00,2021-09-10 16:00:00,1011,1010.5,907.484,97.4418774454853,203.729,3.466,17.898,12.852,6.933,7.043,1.825,6.312,0,0,0,0,0,0,0,0,0,0
River Complex,2021,2021-09-11 01:00:00,2021-09-10 18:00:00,2021-09-10 17:00:00,1012,1011.5,907.484,97.4418774454853,203.729,3.466,17.898,12.852,6.933,7.043,1.825,6.312,0,0,0,0,0,0,0,0,0,0
River Complex,2021,2021-09-11 02:00:00,2021-09-10 19:00:00,2021-09-10 18:00:00,1013,1012.5,907.484,97.4418774454853,203.729,3.466,17.898,12.852,6.933,7.043,1.825,6.312,0,0,0,0,0,0,0,0,0,0
River Complex,2021,2021-09-11 03:00:00,2021-09-10 20:00:00,2021-09-10 19:00:00,1014,1013.5,907.484,97.4418774454853,203.729,3.466,17.898,12.852,6.933,7.043,1.825,6.312,0,0,0,0,0,0,0,0,0,0
River Complex,2021,2021-09-11 04:00:00,2021-09-10 21:00:00,2021-09-10 20:00:00,1015,1014.5,907.484,97.4418774454853,203.729,3.466,17.898,12.852,6.933,7.043,1.825,6.312,0,0,0,0,0,0,0,0,0,0
River Complex,2021,2021-09-11 05:00:00,2021-09-10 22:00:00,2021-09-10 21:00:00,1016,1015.5,907.484,97.4418774454853,203.729,3.466,17.898,12.852,6.933,7.043,1.825,6.312,0,0,0,0,0,0,0,0,0,0
River Complex,2021,2021-09-11 06:00:00,2021-09-10 23:00:00,2021-09-10 22:00:00,1017,1016.5,907.484,97.4418774454853,203.729,3.466,17.898,12.852,6.933,7.043,1.825,6.312,0,0,0,0,0,0,0,0,0,0
River Complex,2021,2021-09-11 07:00:00,2021-09-11 00:00:00,2021-09-10 23:00:00,1018,1017.5,907.484,97.4418774454853,203.729,3.466,17.898,12.852,6.933,7.043,1.825,6.312,0,0,0,0,0,0,0,0,0,0
River Complex,2021,2021-09-11 08:00:00,2021-09-11 01:00:00,2021-09-11 00:00:00,1019,1018.5,907.484,97.4418774454853,203.729,3.466,17.898,12.852,6.933,7.043,1.825,6.312,0,0,0,0,0,0,0,0,0,0
River Complex,2021,2021-09-11 09:00:00,2021-09-11 02:00:00,2021-09-11 01:00:00,1020,1019.5,907.484,97.4418774454853,203.729,3.466,17.898,12.852,6.933,7.043,1.825,6.312,0,0,0,0,0,0,0,0,0,0
River Complex,2021,2021-09-11 10:00:00,2021-09-11 03:00:00,2021-09-11 02:00:00,1021,1020.5,907.484,97.4418774454853,203.729,3.466,17.898,12.852,6.933,7.043,1.825,6.312,0,0,0,0,0,0,0,0,0,0
River Complex,2021,2021-09-11 11:00:00,2021-09-11 04:00:00,2021-09-11 03:00:00,1022,1021.5,907.484,97.4418774454853,203.729,3.466,17.898,12.852,6.933,7.043,1.825,6.312,0,0,0,0,0,0,0,0,0,0
River Complex,2021,2021-09-11 12:00:00,2021-09-11 05:00:00,2021-09-11 04:00:00,1023,1022.5,907.484,97.4418774454853,203.729,3.466,17.898,12.852,6.933,7.043,1.825,6.312,0,0,0,0,0,0,0,0,0,0
River Complex,2021,2021-09-11 13:00:00,2021-09-11 06:00:00,2021-09-11 05:00:00,1024,1023.5,907.484,97.4418774454853,203.729,3.466,17.898,12.852,6.933,7.043,1.825,6.312,0,0,0,0,0,0,0,0,0,0
River Complex,2021,2021-09-11 14:00:00,2021-09-11 07:00:00,2021-09-11 06:00:00,1025,1024.5,907.484,97.4418774454853,203.729,3.466,17.898,12.852,6.933,7.043,1.825,6.312,0,0,0,0,0,0,0,0,0,0
River Complex,2021,2021-09-11 15:00:00,2021-09-11 08:00:00,2021-09-11 07:00:00,1026,1025.5,907.484,97.4418774454853,203.729,3.466,17.898,12.852,6.933,7.043,1.825,6.312,0,0,0,0,0,0,0,0,0,0
River Complex,2021,2021-09-11 16:00:00,2021-09-11 09:00:00,2021-09-11 08:00:00,1027,1026.5,907.484,97.4418774454853,203.729,3.466,17.898,12.852,6.933,7.043,1.825,6.312,0,0,0,0,0,0,0,0,0,0
River Complex,2021,2021-09-11 17:00:00,2021-09-11 10:00:00,2021-09-11 09:00:00,1028,1027.5,907.484,97.4418774454853,203.729,3.466,17.898,12.852,6.933,7.043,1.825,6.312,0,0,0,0,0,0,0,0,0,0
River Complex,2021,2021-09-11 18:00:00,2021-09-11 11:00:00,2021-09-11 10:00:00,1029,1028.5,907.484,97.4418774454853,203.729,3.466,17.898,12.852,6.933,7.043,1.825,6.312,0,0,0,0,0,0,0,0,0,0
River Complex,2021,2021-09-11 19:00:00,2021-09-11 12:00:00,2021-09-11 11:00:00,1030,1029.5,907.484,97.4418774454853,203.729,3.466,17.898,12.852,6.933,7.043,1.825,6.312,0,0,0,0,0,0,0,0,0,0
River Complex,2021,2021-09-11 20:00:00,2021-09-11 13:00:00,2021-09-11 12:00:00,1031,1030.5,907.484,97.4418774454853,203.729,3.466,17.898,12.852,6.933,7.043,1.825,6.312,0,0,0,0,0,0,0,0,0,0
River Complex,2021,2021-09-11 21:00:00,2021-09-11 14:00:00,2021-09-11 13:00:00,1032,1031.5,907.484,97.4418774454853,203.729,3.466,6.633,5.509,2.502,7.043,1.825,6.312,0,1,1,1,0,0,0,0,0,0
River Complex,2021,2021-09-11 22:00:00,2021-09-11 15:00:00,2021-09-11 14:00:00,1033,1032.5,907.484,97.4418774454853,203.729,3.466,6.192,5.068,2.617,7.043,1.825,6.312,0,1,1,1,0,0,0,0,0,0
River Complex,2021,2021-09-11 23:00:00,2021-09-11 16:00:00,2021-09-11 15:00:00,1034,1033.5,907.484,97.4418774454853,203.729,3.466,6.204,5.175,2.928,7.043,1.825,6.312,0,1,1,1,0,0,0,0,0,0
River Complex,2021,2021-09-12 00:00:00,2021-09-11 17:00:00,2021-09-11 16:00:00,1035,1034.5,907.484,97.4418774454853,203.729,3.466,5.242,4.11,1.099,7.043,1.825,6.312,0,1,1,1,0,0,0,0,0,0
River Complex,2021,2021-09-12 01:00:00,2021-09-11 18:00:00,2021-09-11 17:00:00,1036,1035.5,907.484,97.4418774454853,203.729,3.466,5.242,4.11,1.099,7.043,1.825,6.312,0,0,0,0,0,0,0,0,0,0
River Complex,2021,2021-09-12 02:00:00,2021-09-11 19:00:00,2021-09-11 18:00:00,1037,1036.5,907.484,97.4418774454853,203.729,3.466,5.242,4.11,1.099,7.043,1.825,6.312,0,0,0,0,0,0,0,0,0,0
River Complex,2021,2021-09-12 03:00:00,2021-09-11 20:00:00,2021-09-11 19:00:00,1038,1037.5,907.484,97.4418774454853,203.729,3.466,5.242,4.11,1.099,7.043,1.825,6.312,0,0,0,0,0,0,0,0,0,0
River Complex,2021,2021-09-12 04:00:00,2021-09-11 21:00:00,2021-09-11 20:00:00,1039,1038.5,907.484,97.4418774454853,203.729,3.466,5.242,4.11,1.099,7.043,1.825,6.312,0,0,0,0,0,0,0,0,0,0
River Complex,2021,2021-09-12 05:00:00,2021-09-11 22:00:00,2021-09-11 21:00:00,1040,1039.5,907.484,97.4418774454853,203.729,3.466,5.242,4.11,1.099,7.043,1.825,6.312,0,0,0,0,0,0,0,0,0,0
River Complex,2021,2021-09-12 06:00:00,2021-09-11 23:00:00,2021-09-11 22:00:00,1041,1040.5,907.484,97.4418774454853,203.729,3.466,5.242,4.11,1.099,7.043,1.825,6.312,0,0,0,0,0,0,0,0,0,0
River Complex,2021,2021-09-12 07:00:00,2021-09-12 00:00:00,2021-09-11 23:00:00,1042,1041.5,907.484,97.4418774454853,203.729,3.466,5.242,4.11,1.099,7.043,1.825,6.312,0,0,0,0,0,0,0,0,0,0
River Complex,2021,2021-09-12 08:00:00,2021-09-12 01:00:00,2021-09-12 00:00:00,1043,1042.5,907.484,97.4418774454853,203.729,3.466,5.242,4.11,1.099,7.043,1.825,6.312,0,0,0,0,0,0,0,0,0,0
River Complex,2021,2021-09-12 09:00:00,2021-09-12 02:00:00,2021-09-12 01:00:00,1044,1043.5,907.484,97.4418774454853,203.729,3.466,5.242,4.11,1.099,7.043,1.825,6.312,0,0,0,0,0,0,0,0,0,0
River Complex,2021,2021-09-12 10:00:00,2021-09-12 03:00:00,2021-09-12 02:00:00,1045,1044.5,907.484,97.4418774454853,203.729,3.466,5.242,4.11,1.099,7.043,1.825,6.312,0,0,0,0,0,0,0,0,0,0
River Complex,2021,2021-09-12 11:00:00,2021-09-12 04:00:00,2021-09-12 03:00:00,1046,1045.5,907.484,97.4418774454853,203.729,3.466,5.242,4.11,1.099,7.043,1.825,6.312,0,0,0,0,0,0,0,0,0,0
River Complex,2021,2021-09-12 12:00:00,2021-09-12 05:00:00,2021-09-12 04:00:00,1047,1046.5,907.484,97.4418774454853,203.729,3.466,5.242,4.11,1.099,7.043,1.825,6.312,0,0,0,0,0,0,0,0,0,0
River Complex,2021,2021-09-12 13:00:00,2021-09-12 06:00:00,2021-09-12 05:00:00,1048,1047.5,907.484,97.4418774454853,203.729,3.466,5.242,4.11,1.099,7.043,1.825,6.312,0,0,0,0,0,0,0,0,0,0
River Complex,2021,2021-09-12 14:00:00,2021-09-12 07:00:00,2021-09-12 06:00:00,1049,1048.5,907.484,97.4418774454853,203.729,3.466,5.242,4.11,1.099,7.043,1.825,6.312,0,0,0,0,0,0,0,0,0,0
River Complex,2021,2021-09-12 15:00:00,2021-09-12 08:00:00,2021-09-12 07:00:00,1050,1049.5,907.484,97.4418774454853,203.729,3.466,5.242,4.11,1.099,7.043,1.825,6.312,0,0,0,0,0,0,0,0,0,0
River Complex,2021,2021-09-12 16:00:00,2021-09-12 09:00:00,2021-09-12 08:00:00,1051,1050.5,907.484,97.4418774454853,203.729,3.466,5.242,4.11,1.099,7.043,1.825,6.312,0,0,0,0,0,0,0,0,0,0
River Complex,2021,2021-09-12 17:00:00,2021-09-12 10:00:00,2021-09-12 09:00:00,1052,1051.5,907.484,97.4418774454853,203.729,3.466,5.242,4.11,1.099,7.043,1.825,6.312,0,0,0,0,0,0,0,0,0,0
River Complex,2021,2021-09-12 18:00:00,2021-09-12 11:00:00,2021-09-12 10:00:00,1053,1052.5,907.484,97.4418774454853,203.729,3.466,5.242,4.11,1.099,7.043,1.825,6.312,0,0,0,0,0,0,0,0,0,0
River Complex,2021,2021-09-12 19:00:00,2021-09-12 12:00:00,2021-09-12 11:00:00,1054,1053.5,907.484,97.4418774454853,203.729,3.466,5.242,4.11,1.099,7.043,1.825,6.312,0,0,0,0,0,0,0,0,0,0
River Complex,2021,2021-09-12 20:00:00,2021-09-12 13:00:00,2021-09-12 12:00:00,1055,1054.5,907.484,97.4418774454853,203.729,3.466,5.242,4.11,1.099,7.043,1.825,6.312,0,0,0,0,0,0,0,0,0,0
River Complex,2021,2021-09-12 21:00:00,2021-09-12 14:00:00,2021-09-12 13:00:00,1056,1055.5,907.484,97.4418774454853,203.729,3.466,5.242,4.11,1.099,7.043,1.825,6.312,0,0,0,0,0,0,0,0,0,0
River Complex,2021,2021-09-12 22:00:00,2021-09-12 15:00:00,2021-09-12 14:00:00,1057,1056.5,907.484,97.4418774454853,203.729,3.466,5.242,4.11,1.099,7.043,1.825,6.312,0,0,0,0,0,0,0,0,0,0
River Complex,2021,2021-09-12 23:00:00,2021-09-12 16:00:00,2021-09-12 15:00:00,1058,1057.5,907.484,97.4418774454853,203.729,3.466,3.847,2.665,1.099,7.043,1.825,6.312,0,1,1,0,0,0,0,0,0,0
River Complex,2021,2021-09-13 00:00:00,2021-09-12 17:00:00,2021-09-12 16:00:00,1059,1058.5,907.484,97.4418774454853,203.729,3.466,3.847,2.665,1.099,7.043,1.825,6.312,0,1,1,0,0,0,0,0,0,0
River Complex,2021,2021-09-13 01:00:00,2021-09-12 18:00:00,2021-09-12 17:00:00,1060,1059.5,907.484,97.4418774454853,203.729,3.466,3.847,2.665,1.099,7.043,1.825,6.312,0,1,1,0,0,0,0,0,0,0
River Complex,2021,2021-09-13 02:00:00,2021-09-12 19:00:00,2021-09-12 18:00:00,1061,1060.5,907.484,97.4418774454853,203.729,3.466,3.847,2.665,1.099,7.043,1.825,6.312,0,0,0,0,0,0,0,0,0,0
River Complex,2021,2021-09-13 03:00:00,2021-09-12 20:00:00,2021-09-12 19:00:00,1062,1061.5,907.484,97.4418774454853,203.729,3.466,3.847,2.665,1.099,7.043,1.825,6.312,0,0,0,0,0,0,0,0,0,0
River Complex,2021,2021-09-13 04:00:00,2021-09-12 21:00:00,2021-09-12 20:00:00,1063,1062.5,907.484,97.4418774454853,203.729,3.466,3.847,2.665,1.099,7.043,1.825,6.312,0,0,0,0,0,0,0,0,0,0
River Complex,2021,2021-09-13 05:00:00,2021-09-12 22:00:00,2021-09-12 21:00:00,1064,1063.5,907.484,97.4418774454853,203.729,3.466,3.847,2.665,1.099,7.043,1.825,6.312,0,0,0,0,0,0,0,0,0,0
River Complex,2021,2021-09-13 06:00:00,2021-09-12 23:00:00,2021-09-12 22:00:00,1065,1064.5,907.484,97.4418774454853,203.729,3.466,3.847,2.665,1.099,7.043,1.825,6.312,0,0,0,0,0,0,0,0,0,0
River Complex,2021,2021-09-13 07:00:00,2021-09-13 00:00:00,2021-09-12 23:00:00,1066,1065.5,907.484,97.4418774454853,203.729,3.466,3.847,2.665,1.099,7.043,1.825,6.312,0,0,0,0,0,0,0,0,0,0
River Complex,2021,2021-09-13 08:00:00,2021-09-13 01:00:00,2021-09-13 00:00:00,1067,1066.5,907.484,97.4418774454853,203.729,3.466,3.847,2.665,1.099,7.043,1.825,6.312,0,0,0,0,0,0,0,0,0,0
River Complex,2021,2021-09-13 09:00:00,2021-09-13 02:00:00,2021-09-13 01:00:00,1068,1067.5,907.484,97.4418774454853,203.729,3.466,3.847,2.665,1.099,7.043,1.825,6.312,0,0,0,0,0,0,0,0,0,0
River Complex,2021,2021-09-13 10:00:00,2021-09-13 03:00:00,2021-09-13 02:00:00,1069,1068.5,907.484,97.4418774454853,203.729,3.466,3.847,2.665,1.099,7.043,1.825,6.312,0,0,0,0,0,0,0,0,0,0
River Complex,2021,2021-09-13 11:00:00,2021-09-13 04:00:00,2021-09-13 03:00:00,1070,1069.5,907.484,97.4418774454853,203.729,3.466,3.847,2.665,1.099,7.043,1.825,6.312,0,0,0,0,0,0,0,0,0,0
River Complex,2021,2021-09-13 12:00:00,2021-09-13 05:00:00,2021-09-13 04:00:00,1071,1070.5,907.484,97.4418774454853,203.729,3.466,3.847,2.665,1.099,7.043,1.825,6.312,0,0,0,0,0,0,0,0,0,0
River Complex,2021,2021-09-13 13:00:00,2021-09-13 06:00:00,2021-09-13 05:00:00,1072,1071.5,907.484,97.4418774454853,203.729,3.466,3.847,2.665,1.099,7.043,1.825,6.312,0,0,0,0,0,0,0,0,0,0
River Complex,2021,2021-09-13 14:00:00,2021-09-13 07:00:00,2021-09-13 06:00:00,1073,1072.5,907.484,97.4418774454853,203.729,3.466,3.847,2.665,1.099,7.043,1.825,6.312,0,0,0,0,0,0,0,0,0,0
River Complex,2021,2021-09-13 15:00:00,2021-09-13 08:00:00,2021-09-13 07:00:00,1074,1073.5,907.484,97.4418774454853,203.729,3.466,3.847,2.665,1.099,7.043,1.825,6.312,0,0,0,0,0,0,0,0,0,0
River Complex,2021,2021-09-13 16:00:00,2021-09-13 09:00:00,2021-09-13 08:00:00,1075,1074.5,907.484,97.4418774454853,203.729,3.466,3.847,2.665,1.099,7.043,1.825,6.312,0,0,0,0,0,0,0,0,0,0
River Complex,2021,2021-09-13 17:00:00,2021-09-13 10:00:00,2021-09-13 09:00:00,1076,1075.5,907.484,97.4418774454853,203.729,3.466,3.847,2.665,1.099,7.043,1.825,6.312,0,0,0,0,0,0,0,0,0,0
River Complex,2021,2021-09-13 18:00:00,2021-09-13 11:00:00,2021-09-13 10:00:00,1077,1076.5,907.484,97.4418774454853,203.729,3.466,3.847,2.665,1.099,7.043,1.825,6.312,0,0,0,0,0,0,0,0,0,0
River Complex,2021,2021-09-13 19:00:00,2021-09-13 12:00:00,2021-09-13 11:00:00,1078,1077.5,907.484,97.4418774454853,203.729,3.466,3.847,2.665,1.099,7.043,1.825,6.312,0,0,0,0,0,0,0,0,0,0
River Complex,2021,2021-09-13 20:00:00,2021-09-13 13:00:00,2021-09-13 12:00:00,1079,1078.5,907.484,97.4418774454853,203.729,3.466,6.783,5.948,4.028,7.043,1.825,6.312,0,1,1,1,0,0,0,0,0,0
River Complex,2021,2021-09-13 21:00:00,2021-09-13 14:00:00,2021-09-13 13:00:00,1080,1079.5,907.484,97.4418774454853,203.729,3.466,8.532,8.023,6.239,3.552,1.825,6.312,1,1,1,1,1,0,0,0,0,0
River Complex,2021,2021-09-13 22:00:00,2021-09-13 15:00:00,2021-09-13 14:00:00,1081,1080.5,908.534,97.5546221013886,203.78,0.662,18.259,17.058,13.818,9.22,4.064,6.312,1,1,1,1,1,1,0,1.05,0.552,0.303
River Complex,2021,2021-09-13 23:00:00,2021-09-13 16:00:00,2021-09-13 15:00:00,1082,1081.5,908.547,97.5560179876045,203.771,8.588,15.518,14.514,12.085,8.15,0.805,6.312,0,1,1,1,1,1,0,0.013,0.029,0.02
River Complex,2021,2021-09-14 00:00:00,2021-09-13 17:00:00,2021-09-13 16:00:00,1083,1082.5,908.547,97.5560179876045,203.771,8.588,8.498,7.862,5.875,0.883,0.805,6.312,0,1,1,1,1,0,0,0,0,0
River Complex,2021,2021-09-14 01:00:00,2021-09-13 18:00:00,2021-09-13 17:00:00,1084,1083.5,908.547,97.5560179876045,203.771,8.588,11.089,9.544,5.966,0.883,0.805,6.312,0,1,1,1,0,0,0,0,0,0
River Complex,2021,2021-09-14 02:00:00,2021-09-13 19:00:00,2021-09-13 18:00:00,1085,1084.5,908.547,97.5560179876045,203.771,8.588,12.686,11.086,7.529,0.827,0.805,6.312,0,1,1,1,1,0,0,0,0,0
River Complex,2021,2021-09-14 03:00:00,2021-09-13 20:00:00,2021-09-13 19:00:00,1086,1085.5,908.547,97.5560179876045,203.771,8.588,21.788,18.93,11.42,3.08,0.805,6.312,0,1,1,1,1,0,0,0,0,0
River Complex,2021,2021-09-14 04:00:00,2021-09-13 21:00:00,2021-09-13 20:00:00,1087,1086.5,908.547,97.5560179876045,203.771,8.588,19.16,15.58,7.329,3.08,0.805,6.312,0,1,1,1,0,0,0,0,0,0
River Complex,2021,2021-09-14 05:00:00,2021-09-13 22:00:00,2021-09-13 21:00:00,1088,1087.5,908.547,97.5560179876045,203.771,8.588,11.01,7.757,5.817,1.344,0.805,6.312,0,1,1,1,1,0,0,0,0,0
River Complex,2021,2021-09-14 06:00:00,2021-09-13 23:00:00,2021-09-13 22:00:00,1089,1088.5,908.547,97.5560179876045,203.771,8.588,17.038,16.453,12.656,4.405,1.666,0.1,0,1,1,1,1,1,1,0,0,0
River Complex,2021,2021-09-14 07:00:00,2021-09-14 00:00:00,2021-09-13 23:00:00,1090,1089.5,908.547,97.5560179876045,203.771,8.588,7.964,7.105,5.36,4.405,1.666,0.1,0,1,1,1,0,0,0,0,0,0
River Complex,2021,2021-09-14 08:00:00,2021-09-14 01:00:00,2021-09-14 00:00:00,1091,1090.5,908.547,97.5560179876045,203.771,8.588,6.927,6.183,4.446,4.405,1.666,0.1,0,1,1,1,0,0,0,0,0,0
River Complex,2021,2021-09-14 09:00:00,2021-09-14 02:00:00,2021-09-14 01:00:00,1092,1091.5,908.547,97.5560179876045,203.771,8.588,6.927,6.183,4.446,4.405,1.666,0.1,0,1,1,1,0,0,0,0,0,0
River Complex,2021,2021-09-14 10:00:00,2021-09-14 03:00:00,2021-09-14 02:00:00,1093,1092.5,908.547,97.5560179876045,203.771,8.588,6.927,6.183,4.446,4.405,1.666,0.1,0,1,1,1,0,0,0,0,0,0
River Complex,2021,2021-09-14 11:00:00,2021-09-14 04:00:00,2021-09-14 03:00:00,1094,1093.5,908.547,97.5560179876045,203.771,8.588,6.927,6.183,4.446,4.405,1.666,0.1,0,1,1,1,0,0,0,0,0,0
River Complex,2021,2021-09-14 12:00:00,2021-09-14 05:00:00,2021-09-14 04:00:00,1095,1094.5,908.547,97.5560179876045,203.771,8.588,6.927,6.183,4.446,4.405,1.666,0.1,0,1,1,1,0,0,0,0,0,0
River Complex,2021,2021-09-14 13:00:00,2021-09-14 06:00:00,2021-09-14 05:00:00,1096,1095.5,908.547,97.5560179876045,203.771,8.588,6.927,6.183,4.446,4.405,1.666,0.1,0,1,1,1,0,0,0,0,0,0
River Complex,2021,2021-09-14 14:00:00,2021-09-14 07:00:00,2021-09-14 06:00:00,1097,1096.5,908.547,97.5560179876045,203.771,8.588,6.927,6.183,4.446,4.405,1.666,0.1,0,1,1,1,0,0,0,0,0,0
River Complex,2021,2021-09-14 15:00:00,2021-09-14 08:00:00,2021-09-14 07:00:00,1098,1097.5,908.547,97.5560179876045,203.771,8.588,6.927,6.183,4.446,4.405,1.666,0.1,0,1,1,1,0,0,0,0,0,0
River Complex,2021,2021-09-14 16:00:00,2021-09-14 09:00:00,2021-09-14 08:00:00,1099,1098.5,908.547,97.5560179876045,203.771,8.588,6.825,5.889,3.675,4.405,1.666,0.1,0,1,1,1,0,0,0,0,0,0
River Complex,2021,2021-09-14 17:00:00,2021-09-14 10:00:00,2021-09-14 09:00:00,1100,1099.5,908.547,97.5560179876045,203.771,8.588,6.825,5.889,3.675,4.405,1.666,0.1,0,1,1,1,0,0,0,0,0,0
River Complex,2021,2021-09-14 18:00:00,2021-09-14 11:00:00,2021-09-14 10:00:00,1101,1100.5,908.547,97.5560179876045,203.771,8.588,13.458,11.398,6.176,4.405,1.666,0.1,1,1,1,1,0,0,0,0,0,0
River Complex,2021,2021-09-14 19:00:00,2021-09-14 12:00:00,2021-09-14 11:00:00,1102,1101.5,912.464,97.9766092420553,204.908,3.597,21.958,19.669,12.584,4.126,1.666,0.1,1,1,1,1,1,0,0,3.917,1.241,0.456
River Complex,2021,2021-09-14 20:00:00,2021-09-14 13:00:00,2021-09-14 12:00:00,1103,1102.5,912.554,97.9862730697041,204.943,4.877,19.536,17.08,8.481,2.231,1.666,0.1,0,1,1,1,1,0,0,0.09,0.044,0.025
River Complex,2021,2021-09-14 21:00:00,2021-09-14 14:00:00,2021-09-14 13:00:00,1104,1103.5,912.554,97.9862730697041,204.943,4.877,27.854,23.214,9.167,1.498,1.666,0.1,1,1,1,1,1,0,0,0,0,0
River Complex,2021,2021-09-14 22:00:00,2021-09-14 15:00:00,2021-09-14 14:00:00,1105,1104.5,916.284,98.3867850378178,205.356,2.361,33.997,29.153,17.821,4.135,1.666,0.1,1,1,1,1,1,0,0,3.73,1.535,0.765
River Complex,2021,2021-09-14 23:00:00,2021-09-14 16:00:00,2021-09-14 15:00:00,1106,1105.5,916.328,98.3915095757794,205.346,3.905,23.194,19.289,9.492,4.135,1.666,0.1,0,1,1,1,0,0,0,0.044,0.036,0.019
River Complex,2021,2021-09-15 00:00:00,2021-09-14 17:00:00,2021-09-14 16:00:00,1107,1106.5,916.328,98.3915095757794,205.346,3.905,26.096,22.249,7.582,4.135,1.666,0.1,0,1,1,1,0,0,0,0,0,0
River Complex,2021,2021-09-15 01:00:00,2021-09-14 18:00:00,2021-09-14 17:00:00,1108,1107.5,916.328,98.3915095757794,205.346,3.905,20.587,15.642,5.987,4.135,1.666,0.1,0,1,1,1,0,0,0,0,0,0
River Complex,2021,2021-09-15 02:00:00,2021-09-14 19:00:00,2021-09-14 18:00:00,1109,1108.5,916.328,98.3915095757794,205.346,3.905,25.219,17.785,4.918,4.135,1.666,0.1,0,1,1,1,0,0,0,0,0,0
River Complex,2021,2021-09-15 03:00:00,2021-09-14 20:00:00,2021-09-14 19:00:00,1110,1109.5,916.328,98.3915095757794,205.346,3.905,17.688,12.971,6.452,4.135,1.666,0.1,0,1,1,1,0,0,0,0,0,0
River Complex,2021,2021-09-15 04:00:00,2021-09-14 21:00:00,2021-09-14 20:00:00,1111,1110.5,916.328,98.3915095757794,205.346,3.905,18.719,14.58,9.326,3.855,1.666,0.1,0,1,1,1,1,0,0,0,0,0
River Complex,2021,2021-09-15 05:00:00,2021-09-14 22:00:00,2021-09-14 21:00:00,1112,1111.5,916.328,98.3915095757794,205.346,3.905,22.99,19.936,13.431,6.396,3.672,0.401,0,1,1,1,1,1,1,0,0,0
River Complex,2021,2021-09-15 06:00:00,2021-09-14 23:00:00,2021-09-14 22:00:00,1113,1112.5,916.328,98.3915095757794,205.346,3.905,29.304,26.578,20.624,6.925,3.672,0.401,0,1,1,1,1,1,1,0,0,0
River Complex,2021,2021-09-15 07:00:00,2021-09-15 00:00:00,2021-09-14 23:00:00,1114,1113.5,916.328,98.3915095757794,205.346,3.905,17.79,15.151,9.108,3.98,1.071,0.401,0,1,1,1,1,1,0,0,0,0
River Complex,2021,2021-09-15 08:00:00,2021-09-15 01:00:00,2021-09-15 00:00:00,1115,1114.5,916.328,98.3915095757794,205.346,3.905,18.53,15.166,6.447,3.98,1.071,0.401,0,1,1,1,0,0,0,0,0,0
River Complex,2021,2021-09-15 09:00:00,2021-09-15 02:00:00,2021-09-15 01:00:00,1116,1115.5,916.328,98.3915095757794,205.346,3.905,16.556,13.441,4.447,3.98,1.071,0.401,0,1,1,1,0,0,0,0,0,0
River Complex,2021,2021-09-15 10:00:00,2021-09-15 03:00:00,2021-09-15 02:00:00,1117,1116.5,916.328,98.3915095757794,205.346,3.905,18.53,15.166,6.447,3.98,1.071,0.401,0,1,1,1,0,0,0,0,0,0
River Complex,2021,2021-09-15 11:00:00,2021-09-15 04:00:00,2021-09-15 03:00:00,1118,1117.5,916.328,98.3915095757794,205.346,3.905,16.042,13.042,4.447,3.98,1.071,0.401,0,1,1,1,0,0,0,0,0,0
River Complex,2021,2021-09-15 12:00:00,2021-09-15 05:00:00,2021-09-15 04:00:00,1119,1118.5,916.328,98.3915095757794,205.346,3.905,19.561,16.74,9.428,2.996,1.071,0.401,0,1,1,1,1,0,0,0,0,0
River Complex,2021,2021-09-15 13:00:00,2021-09-15 06:00:00,2021-09-15 05:00:00,1120,1119.5,916.328,98.3915095757794,205.346,3.905,10.556,9.004,4.447,2.996,1.071,0.401,0,1,1,1,0,0,0,0,0,0
River Complex,2021,2021-09-15 14:00:00,2021-09-15 07:00:00,2021-09-15 06:00:00,1121,1120.5,916.328,98.3915095757794,205.346,3.905,13.872,12.124,7.407,2.996,1.071,0.401,0,1,1,1,1,0,0,0,0,0
River Complex,2021,2021-09-15 15:00:00,2021-09-15 08:00:00,2021-09-15 07:00:00,1122,1121.5,916.328,98.3915095757794,205.346,3.905,13.72,11.973,7.029,1.956,1.071,0.401,0,1,1,1,1,0,0,0,0,0
River Complex,2021,2021-09-15 16:00:00,2021-09-15 09:00:00,2021-09-15 08:00:00,1123,1122.5,916.328,98.3915095757794,205.346,3.905,18.166,15.418,7.486,1.956,1.071,0.401,0,1,1,1,0,0,0,0,0,0
River Complex,2021,2021-09-15 17:00:00,2021-09-15 10:00:00,2021-09-15 09:00:00,1124,1123.5,916.328,98.3915095757794,205.346,3.905,15.002,12.359,4.859,1.956,1.071,0.401,0,1,1,1,0,0,0,0,0,0
River Complex,2021,2021-09-15 18:00:00,2021-09-15 11:00:00,2021-09-15 10:00:00,1125,1124.5,916.328,98.3915095757794,205.346,3.905,18.166,15.418,7.486,1.956,1.071,0.401,0,1,1,1,0,0,0,0,0,0
River Complex,2021,2021-09-15 19:00:00,2021-09-15 12:00:00,2021-09-15 11:00:00,1126,1125.5,916.328,98.3915095757794,205.346,3.905,21.017,17.942,9.467,5.268,0.91,0.401,0,1,1,1,1,1,0,0,0,0
River Complex,2021,2021-09-15 20:00:00,2021-09-15 13:00:00,2021-09-15 12:00:00,1127,1126.5,916.328,98.3915095757794,205.346,3.905,29.784,26.885,13.979,6.39,4.348,0.401,0,1,1,1,1,1,0,0,0,0
River Complex,2021,2021-09-15 21:00:00,2021-09-15 14:00:00,2021-09-15 13:00:00,1128,1127.5,916.328,98.3915095757794,205.346,3.905,28.818,25.477,17.832,4.918,1.418,0.401,0,1,1,1,1,1,0,0,0,0
River Complex,2021,2021-09-15 22:00:00,2021-09-15 15:00:00,2021-09-15 14:00:00,1129,1128.5,916.328,98.3915095757794,205.346,3.905,30.412,27.074,19.128,6.381,2.662,0.401,1,1,1,1,1,1,0,0,0,0
River Complex,2021,2021-09-15 23:00:00,2021-09-15 16:00:00,2021-09-15 15:00:00,1130,1129.5,916.727,98.4343525450227,205.336,0.472,23.393,21.868,18.945,6.156,2.54,0.401,0,1,1,1,1,1,0,0.399,0.216,0.102
River Complex,2021,2021-09-16 00:00:00,2021-09-15 17:00:00,2021-09-15 16:00:00,1131,1130.5,916.727,98.4343525450227,205.336,0.472,23.537,20.35,13.504,4.794,0.4,0.401,0,1,1,1,1,1,0,0,0,0
River Complex,2021,2021-09-16 01:00:00,2021-09-15 18:00:00,2021-09-15 17:00:00,1132,1131.5,916.727,98.4343525450227,205.336,0.472,27.721,23.364,12.338,4.315,0.4,0.401,0,1,1,1,1,1,0,0,0,0
River Complex,2021,2021-09-16 02:00:00,2021-09-15 19:00:00,2021-09-15 18:00:00,1133,1132.5,916.727,98.4343525450227,205.336,0.472,20.692,16.413,5.022,4.315,0.4,0.401,0,1,1,1,0,0,0,0,0,0
River Complex,2021,2021-09-16 03:00:00,2021-09-15 20:00:00,2021-09-15 19:00:00,1134,1133.5,916.727,98.4343525450227,205.336,0.472,14.072,10.877,5.3,4.315,0.4,0.401,0,1,1,1,0,0,0,0,0,0
River Complex,2021,2021-09-16 04:00:00,2021-09-15 21:00:00,2021-09-15 20:00:00,1135,1134.5,916.727,98.4343525450227,205.336,0.472,16.335,9.286,3.418,4.315,0.4,0.401,0,1,1,1,0,0,0,0,0,0
River Complex,2021,2021-09-16 05:00:00,2021-09-15 22:00:00,2021-09-15 21:00:00,1136,1135.5,916.727,98.4343525450227,205.336,0.472,8.078,6.497,3.418,4.315,0.4,0.401,0,1,1,1,0,0,0,0,0,0
River Complex,2021,2021-09-16 06:00:00,2021-09-15 23:00:00,2021-09-15 22:00:00,1137,1136.5,916.727,98.4343525450227,205.336,0.472,14.597,10.403,3.418,4.315,0.4,0.401,0,1,1,1,0,0,0,0,0,0
River Complex,2021,2021-09-16 07:00:00,2021-09-16 00:00:00,2021-09-15 23:00:00,1138,1137.5,916.727,98.4343525450227,205.336,0.472,5.689,4.616,2.021,4.315,0.4,0.401,0,1,1,1,0,0,0,0,0,0
River Complex,2021,2021-09-16 08:00:00,2021-09-16 01:00:00,2021-09-16 00:00:00,1139,1138.5,916.727,98.4343525450227,205.336,0.472,6,4.436,2.021,4.315,0.4,0.401,0,1,1,0,0,0,0,0,0,0
River Complex,2021,2021-09-16 09:00:00,2021-09-16 02:00:00,2021-09-16 01:00:00,1140,1139.5,916.727,98.4343525450227,205.336,0.472,5.486,4.037,2.021,4.315,0.4,0.401,1,1,1,0,0,0,0,0,0,0
River Complex,2021,2021-09-16 10:00:00,2021-09-16 03:00:00,2021-09-16 02:00:00,1141,1140.5,916.735,98.4352115519248,205.339,4.567,5.486,4.037,2.021,4.315,0.4,0.401,0,0,0,0,0,0,0,0.008,0.025,0.017
River Complex,2021,2021-09-16 11:00:00,2021-09-16 04:00:00,2021-09-16 03:00:00,1142,1141.5,916.735,98.4352115519248,205.339,4.567,5.486,4.037,2.021,4.315,0.4,0.401,0,0,0,0,0,0,0,0,0,0
River Complex,2021,2021-09-16 12:00:00,2021-09-16 05:00:00,2021-09-16 04:00:00,1143,1142.5,916.735,98.4352115519248,205.339,4.567,5.486,4.037,2.021,4.315,0.4,0.401,0,0,0,0,0,0,0,0,0,0
River Complex,2021,2021-09-16 13:00:00,2021-09-16 06:00:00,2021-09-16 05:00:00,1144,1143.5,916.735,98.4352115519248,205.339,4.567,5.486,4.037,2.021,4.315,0.4,0.401,0,0,0,0,0,0,0,0,0,0
River Complex,2021,2021-09-16 14:00:00,2021-09-16 07:00:00,2021-09-16 06:00:00,1145,1144.5,916.735,98.4352115519248,205.339,4.567,5.486,4.037,2.021,4.315,0.4,0.401,0,0,0,0,0,0,0,0,0,0
River Complex,2021,2021-09-16 15:00:00,2021-09-16 08:00:00,2021-09-16 07:00:00,1146,1145.5,916.735,98.4352115519248,205.339,4.567,5.486,4.037,2.021,4.315,0.4,0.401,0,0,0,0,0,0,0,0,0,0
River Complex,2021,2021-09-16 16:00:00,2021-09-16 09:00:00,2021-09-16 08:00:00,1147,1146.5,916.735,98.4352115519248,205.339,4.567,5.486,4.037,2.021,4.315,0.4,0.401,0,0,0,0,0,0,0,0,0,0
River Complex,2021,2021-09-16 17:00:00,2021-09-16 10:00:00,2021-09-16 09:00:00,1148,1147.5,916.735,98.4352115519248,205.339,4.567,6.41,5.689,4.137,2.021,0.4,0.401,0,1,1,1,1,0,0,0,0,0
River Complex,2021,2021-09-16 18:00:00,2021-09-16 11:00:00,2021-09-16 10:00:00,1149,1148.5,916.735,98.4352115519248,205.339,4.567,17.186,12.543,6.038,2.021,0.4,0.401,0,1,1,1,1,0,0,0,0,0
River Complex,2021,2021-09-16 19:00:00,2021-09-16 12:00:00,2021-09-16 11:00:00,1150,1149.5,916.735,98.4352115519248,205.339,4.567,28.806,26.876,12.593,4.515,0.4,0.401,0,1,1,1,1,0,0,0,0,0
River Complex,2021,2021-09-16 20:00:00,2021-09-16 13:00:00,2021-09-16 12:00:00,1151,1150.5,916.735,98.4352115519248,205.339,4.567,28.237,25.192,8.15,4.515,0.4,0.401,0,1,1,1,0,0,0,0,0,0
River Complex,2021,2021-09-16 21:00:00,2021-09-16 14:00:00,2021-09-16 13:00:00,1152,1151.5,916.735,98.4352115519248,205.339,4.567,29.258,26.562,9.73,3.004,0.1,0.401,1,1,1,1,1,1,0,0,0,0
River Complex,2021,2021-09-16 22:00:00,2021-09-16 15:00:00,2021-09-16 14:00:00,1153,1152.5,919.673,98.7506818367286,206.378,8.047,22.252,19.829,13.892,7.803,5.896,4.544,1,1,1,1,1,1,1,2.938,1.258,0.643
River Complex,2021,2021-09-16 23:00:00,2021-09-16 16:00:00,2021-09-16 15:00:00,1154,1153.5,921.289,98.9242012309569,207.507,2.519,28.113,25.594,19.239,9.394,7.031,5.567,0,1,1,1,1,1,1,1.616,0.913,0.201
River Complex,2021,2021-09-17 00:00:00,2021-09-16 17:00:00,2021-09-16 16:00:00,1155,1154.5,921.289,98.9242012309569,207.507,2.519,18.16,15.805,9.391,4.168,1.607,5.567,0,1,1,1,1,1,0,0,0,0
River Complex,2021,2021-09-17 01:00:00,2021-09-16 18:00:00,2021-09-16 17:00:00,1156,1155.5,921.289,98.9242012309569,207.507,2.519,13.589,11.443,5.231,2.433,1.607,5.567,0,1,1,1,1,0,0,0,0,0
River Complex,2021,2021-09-17 02:00:00,2021-09-16 19:00:00,2021-09-16 18:00:00,1157,1156.5,921.289,98.9242012309569,207.507,2.519,11.639,8.404,5.436,2.841,0.831,5.567,0,1,1,1,1,1,0,0,0,0
River Complex,2021,2021-09-17 03:00:00,2021-09-16 20:00:00,2021-09-16 19:00:00,1158,1157.5,921.289,98.9242012309569,207.507,2.519,9.888,7.008,4.873,2.637,0.606,5.567,0,1,1,1,1,1,0,0,0,0
River Complex,2021,2021-09-17 04:00:00,2021-09-16 21:00:00,2021-09-16 20:00:00,1159,1158.5,921.289,98.9242012309569,207.507,2.519,7.464,6.401,3.859,1.416,0.606,5.567,0,1,1,1,1,0,0,0,0,0
River Complex,2021,2021-09-17 05:00:00,2021-09-16 22:00:00,2021-09-16 21:00:00,1160,1159.5,921.289,98.9242012309569,207.507,2.519,7.464,6.401,3.859,1.416,0.606,5.567,0,1,1,1,1,0,0,0,0,0
River Complex,2021,2021-09-17 06:00:00,2021-09-16 23:00:00,2021-09-16 22:00:00,1161,1160.5,921.289,98.9242012309569,207.507,2.519,7.464,6.401,3.859,1.416,0.606,5.567,1,1,1,1,1,0,0,0,0,0
River Complex,2021,2021-09-17 07:00:00,2021-09-17 00:00:00,2021-09-16 23:00:00,1162,1161.5,921.344,98.930106903409,207.513,6.781,6.172,3.349,3.859,1.416,0.606,5.567,0,1,1,0,0,0,0,0.055,0.03,0.022
River Complex,2021,2021-09-17 08:00:00,2021-09-17 01:00:00,2021-09-17 00:00:00,1163,1162.5,921.344,98.930106903409,207.513,6.781,7.594,6.172,2.534,1.416,0.606,5.567,0,1,1,1,0,0,0,0,0,0
River Complex,2021,2021-09-17 09:00:00,2021-09-17 02:00:00,2021-09-17 01:00:00,1164,1163.5,921.344,98.930106903409,207.513,6.781,8.838,7.197,2.636,1.416,0.606,5.567,0,1,1,1,0,0,0,0,0,0
River Complex,2021,2021-09-17 10:00:00,2021-09-17 03:00:00,2021-09-17 02:00:00,1165,1164.5,921.344,98.930106903409,207.513,6.781,8.838,7.197,2.636,1.416,0.606,5.567,0,1,1,1,0,0,0,0,0,0
River Complex,2021,2021-09-17 11:00:00,2021-09-17 04:00:00,2021-09-17 03:00:00,1166,1165.5,921.344,98.930106903409,207.513,6.781,7.594,6.172,2.534,1.416,0.606,5.567,0,1,1,1,0,0,0,0,0,0
River Complex,2021,2021-09-17 12:00:00,2021-09-17 05:00:00,2021-09-17 04:00:00,1167,1166.5,921.344,98.930106903409,207.513,6.781,7.594,6.172,2.534,1.416,0.606,5.567,0,1,1,1,0,0,0,0,0,0
River Complex,2021,2021-09-17 13:00:00,2021-09-17 06:00:00,2021-09-17 05:00:00,1168,1167.5,921.344,98.930106903409,207.513,6.781,7.594,6.172,2.534,1.416,0.606,5.567,0,1,1,1,0,0,0,0,0,0
River Complex,2021,2021-09-17 14:00:00,2021-09-17 07:00:00,2021-09-17 06:00:00,1169,1168.5,921.344,98.930106903409,207.513,6.781,12.405,10.055,4.488,1.416,0.606,5.567,0,1,1,1,0,0,0,0,0,0
River Complex,2021,2021-09-17 15:00:00,2021-09-17 08:00:00,2021-09-17 07:00:00,1170,1169.5,921.344,98.930106903409,207.513,6.781,7.594,6.172,2.534,1.416,0.606,5.567,0,1,1,1,0,0,0,0,0,0
River Complex,2021,2021-09-17 16:00:00,2021-09-17 09:00:00,2021-09-17 08:00:00,1171,1170.5,921.344,98.930106903409,207.513,6.781,7.594,6.172,2.534,1.416,0.606,5.567,0,1,1,1,0,0,0,0,0,0
River Complex,2021,2021-09-17 17:00:00,2021-09-17 10:00:00,2021-09-17 09:00:00,1172,1171.5,921.344,98.930106903409,207.513,6.781,7.594,6.172,2.534,1.416,0.606,5.567,0,1,1,1,0,0,0,0,0,0
River Complex,2021,2021-09-17 18:00:00,2021-09-17 11:00:00,2021-09-17 10:00:00,1173,1172.5,921.344,98.930106903409,207.513,6.781,7.594,6.172,2.534,1.416,0.606,5.567,0,1,1,1,0,0,0,0,0,0
River Complex,2021,2021-09-17 19:00:00,2021-09-17 12:00:00,2021-09-17 11:00:00,1174,1173.5,921.344,98.930106903409,207.513,6.781,16.091,13.702,7.426,1.416,0.606,5.567,1,1,1,1,0,0,0,0,0,0
River Complex,2021,2021-09-17 20:00:00,2021-09-17 13:00:00,2021-09-17 12:00:00,1175,1174.5,923.395,99.1503347979401,207.29,6.616,23.408,19.809,10.941,2.51,0.606,5.567,1,1,1,1,1,0,0,2.051,0.751,0.302
River Complex,2021,2021-09-17 21:00:00,2021-09-17 14:00:00,2021-09-17 13:00:00,1176,1175.5,924.49,99.2679113676678,207.267,0.558,19.503,16.535,8.135,2.51,0.606,5.567,0,1,1,1,0,0,0,1.095,0.342,0.166
River Complex,2021,2021-09-17 22:00:00,2021-09-17 15:00:00,2021-09-17 14:00:00,1177,1176.5,924.49,99.2679113676678,207.267,0.558,49.082,41.639,22.081,9.746,0.799,5.567,0,1,1,1,1,1,0,0,0,0
River Complex,2021,2021-09-17 23:00:00,2021-09-17 16:00:00,2021-09-17 15:00:00,1178,1177.5,924.49,99.2679113676678,207.267,0.558,45.675,41.15,18.935,5.599,0.799,5.567,0,1,1,1,1,0,0,0,0,0
River Complex,2021,2021-09-18 00:00:00,2021-09-17 17:00:00,2021-09-17 16:00:00,1179,1178.5,924.49,99.2679113676678,207.267,0.558,34.638,28.707,12.382,5.599,0.799,5.567,1,1,1,1,1,0,0,0,0,0
River Complex,2021,2021-09-18 01:00:00,2021-09-17 18:00:00,2021-09-17 17:00:00,1180,1179.5,924.504,99.2694146297465,207.283,7.329,43.681,36.915,13.842,1.956,0.799,5.567,0,1,1,1,1,0,0,0.014,0.046,0.025
River Complex,2021,2021-09-18 02:00:00,2021-09-17 19:00:00,2021-09-17 18:00:00,1181,1180.5,924.504,99.2694146297465,207.283,7.327,18.722,15.225,6.707,1.444,0.799,5.567,0,1,1,1,1,0,0,0,0,0
River Complex,2021,2021-09-18 03:00:00,2021-09-17 20:00:00,2021-09-17 19:00:00,1182,1181.5,924.504,99.2694146297465,207.283,7.329,18.722,15.225,6.707,1.444,0.799,5.567,0,0,0,0,0,0,0,0,0,0
River Complex,2021,2021-09-18 04:00:00,2021-09-17 21:00:00,2021-09-17 20:00:00,1183,1182.5,924.504,99.2694146297465,207.283,7.329,4.094,3.287,1.256,1.444,0.799,5.567,0,1,1,1,0,0,0,0,0,0
River Complex,2021,2021-09-18 05:00:00,2021-09-17 22:00:00,2021-09-17 21:00:00,1184,1183.5,924.504,99.2694146297465,207.283,7.329,4.094,3.287,1.256,1.444,0.799,5.567,0,1,1,1,0,0,0,0,0,0
River Complex,2021,2021-09-18 06:00:00,2021-09-17 23:00:00,2021-09-17 22:00:00,1185,1184.5,924.504,99.2694146297465,207.283,7.329,25.885,9.911,1.256,1.444,0.799,5.567,0,1,1,0,0,0,0,0,0,0
River Complex,2021,2021-09-18 07:00:00,2021-09-18 00:00:00,2021-09-17 23:00:00,1186,1185.5,924.504,99.2694146297465,207.283,7.327,29.946,14.073,1.897,1.444,0.799,5.567,0,1,1,1,0,0,0,0,0,0
River Complex,2021,2021-09-18 08:00:00,2021-09-18 01:00:00,2021-09-18 00:00:00,1187,1186.5,924.504,99.2694146297465,207.283,7.329,8.455,5.445,2.025,1.444,0.799,5.567,0,1,1,1,0,0,0,0,0,0
River Complex,2021,2021-09-18 09:00:00,2021-09-18 02:00:00,2021-09-18 01:00:00,1188,1187.5,924.504,99.2694146297465,207.283,7.327,4.644,2.747,2.025,1.444,0.799,5.567,0,1,1,0,0,0,0,0,0,0
River Complex,2021,2021-09-18 10:00:00,2021-09-18 03:00:00,2021-09-18 02:00:00,1189,1188.5,924.504,99.2694146297465,207.283,7.329,4.644,2.747,2.025,1.444,0.799,5.567,0,0,0,0,0,0,0,0,0,0
River Complex,2021,2021-09-18 11:00:00,2021-09-18 04:00:00,2021-09-18 03:00:00,1190,1189.5,924.504,99.2694146297465,207.283,7.329,8.904,3.815,2.025,1.444,0.799,5.567,0,1,1,0,0,0,0,0,0,0
River Complex,2021,2021-09-18 12:00:00,2021-09-18 05:00:00,2021-09-18 04:00:00,1191,1190.5,924.504,99.2694146297465,207.283,7.329,8.904,3.815,2.025,1.444,0.799,5.567,0,1,1,0,0,0,0,0,0,0
River Complex,2021,2021-09-18 13:00:00,2021-09-18 06:00:00,2021-09-18 05:00:00,1192,1191.5,924.504,99.2694146297465,207.283,7.327,6.172,3.349,2.025,1.444,0.799,5.567,0,1,1,0,0,0,0,0,0,0
River Complex,2021,2021-09-18 14:00:00,2021-09-18 07:00:00,2021-09-18 06:00:00,1193,1192.5,924.504,99.2694146297465,207.283,7.327,6.172,3.349,2.025,1.444,0.799,5.567,0,0,0,0,0,0,0,0,0,0
River Complex,2021,2021-09-18 15:00:00,2021-09-18 08:00:00,2021-09-18 07:00:00,1194,1193.5,924.504,99.2694146297465,207.283,7.329,6.172,3.349,2.025,1.444,0.799,5.567,0,0,0,0,0,0,0,0,0,0
River Complex,2021,2021-09-18 16:00:00,2021-09-18 09:00:00,2021-09-18 08:00:00,1195,1194.5,924.504,99.2694146297465,207.283,7.327,6.172,3.349,2.025,1.444,0.799,5.567,0,0,0,0,0,0,0,0,0,0
River Complex,2021,2021-09-18 17:00:00,2021-09-18 10:00:00,2021-09-18 09:00:00,1196,1195.5,924.504,99.2694146297465,207.283,7.329,6.172,3.349,2.025,1.444,0.799,5.567,0,0,0,0,0,0,0,0,0,0
River Complex,2021,2021-09-18 18:00:00,2021-09-18 11:00:00,2021-09-18 10:00:00,1197,1196.5,924.504,99.2694146297465,207.283,7.327,6.172,3.349,2.025,1.444,0.799,5.567,0,0,0,0,0,0,0,0,0,0
River Complex,2021,2021-09-18 19:00:00,2021-09-18 12:00:00,2021-09-18 11:00:00,1198,1197.5,924.504,99.2694146297465,207.283,7.329,6.172,3.349,2.025,1.444,0.799,5.567,0,0,0,0,0,0,0,0,0,0
River Complex,2021,2021-09-18 20:00:00,2021-09-18 13:00:00,2021-09-18 12:00:00,1199,1198.5,924.504,99.2694146297465,207.283,7.329,6.172,3.349,2.025,1.444,0.799,5.567,0,0,0,0,0,0,0,0,0,0
River Complex,2021,2021-09-18 21:00:00,2021-09-18 14:00:00,2021-09-18 13:00:00,1200,1199.5,924.504,99.2694146297465,207.283,7.329,6.172,3.349,2.025,1.444,0.799,5.567,0,0,0,0,0,0,0,0,0,0
River Complex,2021,2021-09-18 22:00:00,2021-09-18 15:00:00,2021-09-18 14:00:00,1201,1200.5,924.504,99.2694146297465,207.283,7.329,6.172,3.349,2.025,1.444,0.799,5.567,0,0,0,0,0,0,0,0,0,0
River Complex,2021,2021-09-18 23:00:00,2021-09-18 16:00:00,2021-09-18 15:00:00,1202,1201.5,924.504,99.2694146297465,207.283,7.329,6.172,3.349,2.025,1.444,0.799,5.567,0,0,0,0,0,0,0,0,0,0
River Complex,2021,2021-09-19 00:00:00,2021-09-18 17:00:00,2021-09-18 16:00:00,1203,1202.5,924.504,99.2694146297465,207.283,7.329,6.172,3.349,2.025,1.444,0.799,5.567,0,0,0,0,0,0,0,0,0,0
River Complex,2021,2021-09-19 01:00:00,2021-09-18 18:00:00,2021-09-18 17:00:00,1204,1203.5,924.504,99.2694146297465,207.283,7.327,6.172,3.349,2.025,1.444,0.799,5.567,0,0,0,0,0,0,0,0,0,0
River Complex,2021,2021-09-19 02:00:00,2021-09-18 19:00:00,2021-09-18 18:00:00,1205,1204.5,924.504,99.2694146297465,207.283,7.329,6.172,3.349,2.025,1.444,0.799,5.567,0,0,0,0,0,0,0,0,0,0
River Complex,2021,2021-09-19 03:00:00,2021-09-18 20:00:00,2021-09-18 19:00:00,1206,1205.5,924.504,99.2694146297465,207.283,7.329,6.172,3.349,2.025,1.444,0.799,5.567,0,0,0,0,0,0,0,0,0,0
River Complex,2021,2021-09-19 04:00:00,2021-09-18 21:00:00,2021-09-18 20:00:00,1207,1206.5,924.504,99.2694146297465,207.283,7.327,6.172,3.349,2.025,1.444,0.799,5.567,0,0,0,0,0,0,0,0,0,0
River Complex,2021,2021-09-19 05:00:00,2021-09-18 22:00:00,2021-09-18 21:00:00,1208,1207.5,924.504,99.2694146297465,207.283,7.329,6.172,3.349,2.025,1.444,0.799,5.567,0,0,0,0,0,0,0,0,0,0
River Complex,2021,2021-09-19 06:00:00,2021-09-18 23:00:00,2021-09-18 22:00:00,1209,1208.5,924.504,99.2694146297465,207.283,7.329,6.172,3.349,2.025,1.444,0.799,5.567,0,0,0,0,0,0,0,0,0,0
River Complex,2021,2021-09-19 07:00:00,2021-09-19 00:00:00,2021-09-18 23:00:00,1210,1209.5,924.504,99.2694146297465,207.283,7.329,6.172,3.349,2.025,1.444,0.799,5.567,0,0,0,0,0,0,0,0,0,0
River Complex,2021,2021-09-19 08:00:00,2021-09-19 01:00:00,2021-09-19 00:00:00,1211,1210.5,924.504,99.2694146297465,207.283,7.329,6.172,3.349,2.025,1.444,0.799,5.567,0,0,0,0,0,0,0,0,0,0
River Complex,2021,2021-09-19 09:00:00,2021-09-19 02:00:00,2021-09-19 01:00:00,1212,1211.5,924.504,99.2694146297465,207.283,7.327,6.172,3.349,2.025,1.444,0.799,5.567,0,0,0,0,0,0,0,0,0,0
River Complex,2021,2021-09-19 10:00:00,2021-09-19 03:00:00,2021-09-19 02:00:00,1213,1212.5,924.504,99.2694146297465,207.283,7.329,6.172,3.349,2.025,1.444,0.799,5.567,0,0,0,0,0,0,0,0,0,0
River Complex,2021,2021-09-19 11:00:00,2021-09-19 04:00:00,2021-09-19 03:00:00,1214,1213.5,924.504,99.2694146297465,207.283,7.329,6.172,3.349,2.025,1.444,0.799,5.567,0,0,0,0,0,0,0,0,0,0
River Complex,2021,2021-09-19 12:00:00,2021-09-19 05:00:00,2021-09-19 04:00:00,1215,1214.5,924.504,99.2694146297465,207.283,7.329,6.172,3.349,2.025,1.444,0.799,5.567,0,0,0,0,0,0,0,0,0,0
River Complex,2021,2021-09-19 13:00:00,2021-09-19 06:00:00,2021-09-19 05:00:00,1216,1215.5,924.504,99.2694146297465,207.283,7.329,6.172,3.349,2.025,1.444,0.799,5.567,0,0,0,0,0,0,0,0,0,0
River Complex,2021,2021-09-19 14:00:00,2021-09-19 07:00:00,2021-09-19 06:00:00,1217,1216.5,924.504,99.2694146297465,207.283,7.329,6.172,3.349,2.025,1.444,0.799,5.567,0,0,0,0,0,0,0,0,0,0
River Complex,2021,2021-09-19 15:00:00,2021-09-19 08:00:00,2021-09-19 07:00:00,1218,1217.5,924.504,99.2694146297465,207.283,7.329,6.172,3.349,2.025,1.444,0.799,5.567,0,0,0,0,0,0,0,0,0,0
River Complex,2021,2021-09-19 16:00:00,2021-09-19 09:00:00,2021-09-19 08:00:00,1219,1218.5,924.504,99.2694146297465,207.283,7.329,6.172,3.349,2.025,1.444,0.799,5.567,0,0,0,0,0,0,0,0,0,0
River Complex,2021,2021-09-19 17:00:00,2021-09-19 10:00:00,2021-09-19 09:00:00,1220,1219.5,924.504,99.2694146297465,207.283,7.327,6.172,3.349,2.025,1.444,0.799,5.567,0,0,0,0,0,0,0,0,0,0
River Complex,2021,2021-09-19 18:00:00,2021-09-19 11:00:00,2021-09-19 10:00:00,1221,1220.5,924.504,99.2694146297465,207.283,7.329,6.172,3.349,2.025,1.444,0.799,5.567,0,0,0,0,0,0,0,0,0,0
River Complex,2021,2021-09-19 19:00:00,2021-09-19 12:00:00,2021-09-19 11:00:00,1222,1221.5,924.504,99.2694146297465,207.283,7.329,6.172,3.349,2.025,1.444,0.799,5.567,0,0,0,0,0,0,0,0,0,0
River Complex,2021,2021-09-19 20:00:00,2021-09-19 13:00:00,2021-09-19 12:00:00,1223,1222.5,924.504,99.2694146297465,207.283,7.329,6.172,3.349,2.025,1.444,0.799,5.567,0,0,0,0,0,0,0,0,0,0
River Complex,2021,2021-09-19 21:00:00,2021-09-19 14:00:00,2021-09-19 13:00:00,1224,1223.5,924.504,99.2694146297465,207.283,7.327,6.172,3.349,2.025,1.444,0.799,5.567,0,0,0,0,0,0,0,0,0,0
River Complex,2021,2021-09-19 22:00:00,2021-09-19 15:00:00,2021-09-19 14:00:00,1225,1224.5,924.504,99.2694146297465,207.283,7.329,6.172,3.349,2.025,1.444,0.799,5.567,0,0,0,0,0,0,0,0,0,0
River Complex,2021,2021-09-19 23:00:00,2021-09-19 16:00:00,2021-09-19 15:00:00,1226,1225.5,924.504,99.2694146297465,207.283,7.329,6.172,3.349,2.025,1.444,0.799,5.567,0,0,0,0,0,0,0,0,0,0
River Complex,2021,2021-09-20 00:00:00,2021-09-19 17:00:00,2021-09-19 16:00:00,1227,1226.5,924.504,99.2694146297465,207.283,7.329,6.172,3.349,2.025,1.444,0.799,5.567,0,0,0,0,0,0,0,0,0,0
River Complex,2021,2021-09-20 01:00:00,2021-09-19 18:00:00,2021-09-19 17:00:00,1228,1227.5,924.504,99.2694146297465,207.283,7.327,6.172,3.349,2.025,1.444,0.799,5.567,0,0,0,0,0,0,0,0,0,0
River Complex,2021,2021-09-20 02:00:00,2021-09-19 19:00:00,2021-09-19 18:00:00,1229,1228.5,924.504,99.2694146297465,207.283,7.329,6.172,3.349,2.025,1.444,0.799,5.567,0,0,0,0,0,0,0,0,0,0
River Complex,2021,2021-09-20 03:00:00,2021-09-19 20:00:00,2021-09-19 19:00:00,1230,1229.5,924.504,99.2694146297465,207.283,7.329,6.172,3.349,2.025,1.444,0.799,5.567,0,0,0,0,0,0,0,0,0,0
River Complex,2021,2021-09-20 04:00:00,2021-09-19 21:00:00,2021-09-19 20:00:00,1231,1230.5,924.504,99.2694146297465,207.283,7.327,6.172,3.349,2.025,1.444,0.799,5.567,0,0,0,0,0,0,0,0,0,0
River Complex,2021,2021-09-20 05:00:00,2021-09-19 22:00:00,2021-09-19 21:00:00,1232,1231.5,924.504,99.2694146297465,207.283,7.327,6.172,3.349,2.025,1.444,0.799,5.567,0,0,0,0,0,0,0,0,0,0
River Complex,2021,2021-09-20 06:00:00,2021-09-19 23:00:00,2021-09-19 22:00:00,1233,1232.5,924.504,99.2694146297465,207.283,7.327,6.172,3.349,2.025,1.444,0.799,5.567,0,0,0,0,0,0,0,0,0,0
River Complex,2021,2021-09-20 07:00:00,2021-09-20 00:00:00,2021-09-19 23:00:00,1234,1233.5,924.504,99.2694146297465,207.283,7.327,6.172,3.349,2.025,1.444,0.799,5.567,0,0,0,0,0,0,0,0,0,0
River Complex,2021,2021-09-20 08:00:00,2021-09-20 01:00:00,2021-09-20 00:00:00,1235,1234.5,924.504,99.2694146297465,207.283,7.327,6.172,3.349,2.025,1.444,0.799,5.567,0,0,0,0,0,0,0,0,0,0
River Complex,2021,2021-09-20 09:00:00,2021-09-20 02:00:00,2021-09-20 01:00:00,1236,1235.5,924.504,99.2694146297465,207.283,7.327,6.172,3.349,2.025,1.444,0.799,5.567,0,0,0,0,0,0,0,0,0,0
River Complex,2021,2021-09-20 10:00:00,2021-09-20 03:00:00,2021-09-20 02:00:00,1237,1236.5,924.504,99.2694146297465,207.283,7.327,6.172,3.349,2.025,1.444,0.799,5.567,0,0,0,0,0,0,0,0,0,0
River Complex,2021,2021-09-20 11:00:00,2021-09-20 04:00:00,2021-09-20 03:00:00,1238,1237.5,924.504,99.2694146297465,207.283,7.327,6.172,3.349,2.025,1.444,0.799,5.567,0,0,0,0,0,0,0,0,0,0
River Complex,2021,2021-09-20 12:00:00,2021-09-20 05:00:00,2021-09-20 04:00:00,1239,1238.5,924.504,99.2694146297465,207.283,7.329,6.172,3.349,2.025,1.444,0.799,5.567,0,0,0,0,0,0,0,0,0,0
River Complex,2021,2021-09-20 13:00:00,2021-09-20 06:00:00,2021-09-20 05:00:00,1240,1239.5,924.504,99.2694146297465,207.283,7.327,6.172,3.349,2.025,1.444,0.799,5.567,0,0,0,0,0,0,0,0,0,0
River Complex,2021,2021-09-20 14:00:00,2021-09-20 07:00:00,2021-09-20 06:00:00,1241,1240.5,924.504,99.2694146297465,207.283,7.327,6.172,3.349,2.025,1.444,0.799,5.567,0,0,0,0,0,0,0,0,0,0
River Complex,2021,2021-09-20 15:00:00,2021-09-20 08:00:00,2021-09-20 07:00:00,1242,1241.5,924.504,99.2694146297465,207.283,7.329,6.172,3.349,2.025,1.444,0.799,5.567,0,0,0,0,0,0,0,0,0,0
River Complex,2021,2021-09-20 16:00:00,2021-09-20 09:00:00,2021-09-20 08:00:00,1243,1242.5,924.504,99.2694146297465,207.283,7.329,6.172,3.349,2.025,1.444,0.799,5.567,0,0,0,0,0,0,0,0,0,0
River Complex,2021,2021-09-20 17:00:00,2021-09-20 10:00:00,2021-09-20 09:00:00,1244,1243.5,924.504,99.2694146297465,207.283,7.329,6.172,3.349,2.025,1.444,0.799,5.567,0,0,0,0,0,0,0,0,0,0
River Complex,2021,2021-09-20 18:00:00,2021-09-20 11:00:00,2021-09-20 10:00:00,1245,1244.5,924.504,99.2694146297465,207.283,7.329,6.172,3.349,2.025,1.444,0.799,5.567,0,0,0,0,0,0,0,0,0,0
River Complex,2021,2021-09-20 19:00:00,2021-09-20 12:00:00,2021-09-20 11:00:00,1246,1245.5,924.504,99.2694146297465,207.283,7.327,6.172,3.349,2.025,1.444,0.799,5.567,0,0,0,0,0,0,0,0,0,0
River Complex,2021,2021-09-20 20:00:00,2021-09-20 13:00:00,2021-09-20 12:00:00,1247,1246.5,924.504,99.2694146297465,207.283,7.327,6.172,3.349,2.025,1.444,0.799,5.567,0,0,0,0,0,0,0,0,0,0
River Complex,2021,2021-09-20 21:00:00,2021-09-20 14:00:00,2021-09-20 13:00:00,1248,1247.5,924.504,99.2694146297465,207.283,7.329,6.172,3.349,2.025,1.444,0.799,5.567,0,0,0,0,0,0,0,0,0,0
River Complex,2021,2021-09-20 22:00:00,2021-09-20 15:00:00,2021-09-20 14:00:00,1249,1248.5,924.504,99.2694146297465,207.283,7.329,6.172,3.349,2.025,1.444,0.799,5.567,0,0,0,0,0,0,0,0,0,0
River Complex,2021,2021-09-20 23:00:00,2021-09-20 16:00:00,2021-09-20 15:00:00,1250,1249.5,924.504,99.2694146297465,207.283,7.327,6.172,3.349,2.025,1.444,0.799,5.567,0,0,0,0,0,0,0,0,0,0
River Complex,2021,2021-09-21 00:00:00,2021-09-20 17:00:00,2021-09-20 16:00:00,1251,1250.5,924.504,99.2694146297465,207.283,7.327,6.172,3.349,2.025,1.444,0.799,5.567,0,0,0,0,0,0,0,0,0,0
River Complex,2021,2021-09-21 01:00:00,2021-09-20 18:00:00,2021-09-20 17:00:00,1252,1251.5,924.504,99.2694146297465,207.283,7.329,6.172,3.349,2.025,1.444,0.799,5.567,0,0,0,0,0,0,0,0,0,0
River Complex,2021,2021-09-21 02:00:00,2021-09-20 19:00:00,2021-09-20 18:00:00,1253,1252.5,924.504,99.2694146297465,207.283,7.327,6.172,3.349,2.025,1.444,0.799,5.567,0,0,0,0,0,0,0,0,0,0
River Complex,2021,2021-09-21 03:00:00,2021-09-20 20:00:00,2021-09-20 19:00:00,1254,1253.5,924.504,99.2694146297465,207.283,7.327,6.172,3.349,2.025,1.444,0.799,5.567,0,0,0,0,0,0,0,0,0,0
River Complex,2021,2021-09-21 04:00:00,2021-09-20 21:00:00,2021-09-20 20:00:00,1255,1254.5,924.504,99.2694146297465,207.283,7.329,6.172,3.349,2.025,1.444,0.799,5.567,0,0,0,0,0,0,0,0,0,0
River Complex,2021,2021-09-21 05:00:00,2021-09-20 22:00:00,2021-09-20 21:00:00,1256,1255.5,924.504,99.2694146297465,207.283,7.327,6.172,3.349,2.025,1.444,0.799,5.567,0,0,0,0,0,0,0,0,0,0
River Complex,2021,2021-09-21 06:00:00,2021-09-20 23:00:00,2021-09-20 22:00:00,1257,1256.5,924.504,99.2694146297465,207.283,7.329,6.172,3.349,2.025,1.444,0.799,5.567,0,0,0,0,0,0,0,0,0,0
River Complex,2021,2021-09-21 07:00:00,2021-09-21 00:00:00,2021-09-20 23:00:00,1258,1257.5,924.504,99.2694146297465,207.283,7.327,6.172,3.349,2.025,1.444,0.799,5.567,0,0,0,0,0,0,0,0,0,0
River Complex,2021,2021-09-21 08:00:00,2021-09-21 01:00:00,2021-09-21 00:00:00,1259,1258.5,924.504,99.2694146297465,207.283,7.329,6.172,3.349,2.025,1.444,0.799,5.567,0,0,0,0,0,0,0,0,0,0
River Complex,2021,2021-09-21 09:00:00,2021-09-21 02:00:00,2021-09-21 01:00:00,1260,1259.5,924.504,99.2694146297465,207.283,7.327,6.172,3.349,2.025,1.444,0.799,5.567,0,0,0,0,0,0,0,0,0,0
River Complex,2021,2021-09-21 10:00:00,2021-09-21 03:00:00,2021-09-21 02:00:00,1261,1260.5,924.504,99.2694146297465,207.283,7.329,6.172,3.349,2.025,1.444,0.799,5.567,0,0,0,0,0,0,0,0,0,0
River Complex,2021,2021-09-21 11:00:00,2021-09-21 04:00:00,2021-09-21 03:00:00,1262,1261.5,924.504,99.2694146297465,207.283,7.329,6.172,3.349,2.025,1.444,0.799,5.567,0,0,0,0,0,0,0,0,0,0
River Complex,2021,2021-09-21 12:00:00,2021-09-21 05:00:00,2021-09-21 04:00:00,1263,1262.5,924.504,99.2694146297465,207.283,7.329,6.172,3.349,2.025,1.444,0.799,5.567,0,0,0,0,0,0,0,0,0,0
River Complex,2021,2021-09-21 13:00:00,2021-09-21 06:00:00,2021-09-21 05:00:00,1264,1263.5,924.504,99.2694146297465,207.283,7.329,6.172,3.349,2.025,1.444,0.799,5.567,0,0,0,0,0,0,0,0,0,0
River Complex,2021,2021-09-21 14:00:00,2021-09-21 07:00:00,2021-09-21 06:00:00,1265,1264.5,924.504,99.2694146297465,207.283,7.329,6.172,3.349,2.025,1.444,0.799,5.567,0,0,0,0,0,0,0,0,0,0
River Complex,2021,2021-09-21 15:00:00,2021-09-21 08:00:00,2021-09-21 07:00:00,1266,1265.5,924.504,99.2694146297465,207.283,7.329,6.172,3.349,2.025,1.444,0.799,5.567,0,0,0,0,0,0,0,0,0,0
River Complex,2021,2021-09-21 16:00:00,2021-09-21 09:00:00,2021-09-21 08:00:00,1267,1266.5,924.504,99.2694146297465,207.283,7.329,6.172,3.349,2.025,1.444,0.799,5.567,0,0,0,0,0,0,0,0,0,0
River Complex,2021,2021-09-21 17:00:00,2021-09-21 10:00:00,2021-09-21 09:00:00,1268,1267.5,924.504,99.2694146297465,207.283,7.329,6.172,3.349,2.025,1.444,0.799,5.567,0,0,0,0,0,0,0,0,0,0
River Complex,2021,2021-09-21 18:00:00,2021-09-21 11:00:00,2021-09-21 10:00:00,1269,1268.5,924.504,99.2694146297465,207.283,7.329,6.172,3.349,2.025,1.444,0.799,5.567,0,0,0,0,0,0,0,0,0,0
River Complex,2021,2021-09-21 19:00:00,2021-09-21 12:00:00,2021-09-21 11:00:00,1270,1269.5,924.504,99.2694146297465,207.283,7.329,6.172,3.349,2.025,1.444,0.799,5.567,0,0,0,0,0,0,0,0,0,0
River Complex,2021,2021-09-21 20:00:00,2021-09-21 13:00:00,2021-09-21 12:00:00,1271,1270.5,924.504,99.2694146297465,207.283,7.329,6.172,3.349,2.025,1.444,0.799,5.567,0,0,0,0,0,0,0,0,0,0
River Complex,2021,2021-09-21 21:00:00,2021-09-21 14:00:00,2021-09-21 13:00:00,1272,1271.5,924.504,99.2694146297465,207.283,7.329,6.172,3.349,2.025,1.444,0.799,5.567,0,0,0,0,0,0,0,0,0,0
River Complex,2021,2021-09-21 22:00:00,2021-09-21 15:00:00,2021-09-21 14:00:00,1273,1272.5,924.504,99.2694146297465,207.283,7.329,7.986,6.832,1.988,1.444,0.799,5.567,0,1,1,1,0,0,0,0,0,0
River Complex,2021,2021-09-21 23:00:00,2021-09-21 16:00:00,2021-09-21 15:00:00,1274,1273.5,924.504,99.2694146297465,207.283,7.327,3.85,2.667,1.988,1.444,0.799,5.567,0,1,1,0,0,0,0,0,0,0
River Complex,2021,2021-09-22 00:00:00,2021-09-21 17:00:00,2021-09-21 16:00:00,1275,1274.5,924.504,99.2694146297465,207.283,7.327,5.167,4.096,2.511,1.444,0.799,5.567,0,1,1,1,0,0,0,0,0,0
River Complex,2021,2021-09-22 01:00:00,2021-09-21 18:00:00,2021-09-21 17:00:00,1276,1275.5,924.504,99.2694146297465,207.283,7.329,3.667,2.731,2.511,1.444,0.799,5.567,0,1,1,0,0,0,0,0,0,0
River Complex,2021,2021-09-22 02:00:00,2021-09-21 19:00:00,2021-09-21 18:00:00,1277,1276.5,924.504,99.2694146297465,207.283,7.327,9.053,7.782,6.158,4.266,1.905,5.567,0,1,1,1,1,1,0,0,0,0
River Complex,2021,2021-09-22 03:00:00,2021-09-21 20:00:00,2021-09-21 19:00:00,1278,1277.5,924.504,99.2694146297465,207.283,7.329,4.523,2.594,6.158,4.266,1.905,5.567,0,1,1,0,0,0,0,0,0,0
River Complex,2021,2021-09-22 04:00:00,2021-09-21 21:00:00,2021-09-21 20:00:00,1279,1278.5,924.504,99.2694146297465,207.283,7.329,4.523,2.594,6.158,4.266,1.905,5.567,0,0,0,0,0,0,0,0,0,0
River Complex,2021,2021-09-22 05:00:00,2021-09-21 22:00:00,2021-09-21 21:00:00,1280,1279.5,924.504,99.2694146297465,207.283,7.329,4.523,2.594,6.158,4.266,1.905,5.567,0,0,0,0,0,0,0,0,0,0
River Complex,2021,2021-09-22 06:00:00,2021-09-21 23:00:00,2021-09-21 22:00:00,1281,1280.5,924.504,99.2694146297465,207.283,7.329,4.523,2.594,6.158,4.266,1.905,5.567,0,0,0,0,0,0,0,0,0,0
River Complex,2021,2021-09-22 07:00:00,2021-09-22 00:00:00,2021-09-21 23:00:00,1282,1281.5,924.504,99.2694146297465,207.283,7.329,4.523,2.594,6.158,4.266,1.905,5.567,0,0,0,0,0,0,0,0,0,0
River Complex,2021,2021-09-22 08:00:00,2021-09-22 01:00:00,2021-09-22 00:00:00,1283,1282.5,924.504,99.2694146297465,207.283,7.329,4.523,2.594,6.158,4.266,1.905,5.567,0,0,0,0,0,0,0,0,0,0
River Complex,2021,2021-09-22 09:00:00,2021-09-22 02:00:00,2021-09-22 01:00:00,1284,1283.5,924.504,99.2694146297465,207.283,7.327,4.523,2.594,6.158,4.266,1.905,5.567,0,0,0,0,0,0,0,0,0,0
River Complex,2021,2021-09-22 10:00:00,2021-09-22 03:00:00,2021-09-22 02:00:00,1285,1284.5,924.504,99.2694146297465,207.283,7.329,3.667,2.731,6.158,4.266,1.905,5.567,0,1,1,0,0,0,0,0,0,0
River Complex,2021,2021-09-22 11:00:00,2021-09-22 04:00:00,2021-09-22 03:00:00,1286,1285.5,924.504,99.2694146297465,207.283,7.329,3.667,2.731,6.158,4.266,1.905,5.567,0,0,0,0,0,0,0,0,0,0
River Complex,2021,2021-09-22 12:00:00,2021-09-22 05:00:00,2021-09-22 04:00:00,1287,1286.5,924.504,99.2694146297465,207.283,7.329,3.667,2.731,6.158,4.266,1.905,5.567,0,0,0,0,0,0,0,0,0,0
River Complex,2021,2021-09-22 13:00:00,2021-09-22 06:00:00,2021-09-22 05:00:00,1288,1287.5,924.504,99.2694146297465,207.283,7.327,3.667,2.731,6.158,4.266,1.905,5.567,0,0,0,0,0,0,0,0,0,0
River Complex,2021,2021-09-22 14:00:00,2021-09-22 07:00:00,2021-09-22 06:00:00,1289,1288.5,924.504,99.2694146297465,207.283,7.327,3.667,2.731,6.158,4.266,1.905,5.567,0,0,0,0,0,0,0,0,0,0
River Complex,2021,2021-09-22 15:00:00,2021-09-22 08:00:00,2021-09-22 07:00:00,1290,1289.5,924.504,99.2694146297465,207.283,7.327,3.667,2.731,6.158,4.266,1.905,5.567,0,0,0,0,0,0,0,0,0,0
River Complex,2021,2021-09-22 16:00:00,2021-09-22 09:00:00,2021-09-22 08:00:00,1291,1290.5,924.504,99.2694146297465,207.283,7.327,3.667,2.731,6.158,4.266,1.905,5.567,0,0,0,0,0,0,0,0,0,0
River Complex,2021,2021-09-22 17:00:00,2021-09-22 10:00:00,2021-09-22 09:00:00,1292,1291.5,924.504,99.2694146297465,207.283,7.327,3.667,2.731,6.158,4.266,1.905,5.567,0,0,0,0,0,0,0,0,0,0
River Complex,2021,2021-09-22 18:00:00,2021-09-22 11:00:00,2021-09-22 10:00:00,1293,1292.5,924.504,99.2694146297465,207.283,7.329,3.667,2.731,6.158,4.266,1.905,5.567,0,0,0,0,0,0,0,0,0,0
River Complex,2021,2021-09-22 19:00:00,2021-09-22 12:00:00,2021-09-22 11:00:00,1294,1293.5,924.504,99.2694146297465,207.283,7.327,3.667,2.731,6.158,4.266,1.905,5.567,0,0,0,0,0,0,0,0,0,0
River Complex,2021,2021-09-22 20:00:00,2021-09-22 13:00:00,2021-09-22 12:00:00,1295,1294.5,924.504,99.2694146297465,207.283,7.327,3.667,2.731,6.158,4.266,1.905,5.567,0,0,0,0,0,0,0,0,0,0
River Complex,2021,2021-09-22 21:00:00,2021-09-22 14:00:00,2021-09-22 13:00:00,1296,1295.5,924.504,99.2694146297465,207.283,7.329,3.667,2.731,6.158,4.266,1.905,5.567,0,0,0,0,0,0,0,0,0,0
River Complex,2021,2021-09-22 22:00:00,2021-09-22 15:00:00,2021-09-22 14:00:00,1297,1296.5,924.504,99.2694146297465,207.283,7.327,5.798,4.523,1.571,4.266,1.905,5.567,0,1,1,1,0,0,0,0,0,0
River Complex,2021,2021-09-22 23:00:00,2021-09-22 16:00:00,2021-09-22 15:00:00,1298,1297.5,924.504,99.2694146297465,207.283,7.329,5.798,4.523,1.571,4.266,1.905,5.567,0,0,0,0,0,0,0,0,0,0
River Complex,2021,2021-09-23 00:00:00,2021-09-22 17:00:00,2021-09-22 16:00:00,1299,1298.5,924.504,99.2694146297465,207.283,7.327,3.379,2.436,1.571,4.266,1.905,5.567,0,1,1,0,0,0,0,0,0,0
River Complex,2021,2021-09-23 01:00:00,2021-09-22 18:00:00,2021-09-22 17:00:00,1300,1299.5,924.504,99.2694146297465,207.283,7.329,7.889,6.613,3.999,4.266,1.905,5.567,0,1,1,1,0,0,0,0,0,0
River Complex,2021,2021-09-23 02:00:00,2021-09-22 19:00:00,2021-09-22 18:00:00,1301,1300.5,924.504,99.2694146297465,207.283,7.327,5.948,4.966,2.813,4.266,1.905,5.567,0,1,1,1,0,0,0,0,0,0
River Complex,2021,2021-09-23 03:00:00,2021-09-22 20:00:00,2021-09-22 19:00:00,1302,1301.5,924.504,99.2694146297465,207.283,7.329,5.948,4.966,2.813,4.266,1.905,5.567,0,0,0,0,0,0,0,0,0,0
River Complex,2021,2021-09-23 04:00:00,2021-09-22 21:00:00,2021-09-22 20:00:00,1303,1302.5,924.504,99.2694146297465,207.283,7.329,5.948,4.966,2.813,4.266,1.905,5.567,0,0,0,0,0,0,0,0,0,0
River Complex,2021,2021-09-23 05:00:00,2021-09-22 22:00:00,2021-09-22 21:00:00,1304,1303.5,924.504,99.2694146297465,207.283,7.329,5.948,4.966,2.813,4.266,1.905,5.567,0,0,0,0,0,0,0,0,0,0
River Complex,2021,2021-09-23 06:00:00,2021-09-22 23:00:00,2021-09-22 22:00:00,1305,1304.5,924.504,99.2694146297465,207.283,7.329,5.948,4.966,2.813,4.266,1.905,5.567,0,0,0,0,0,0,0,0,0,0
River Complex,2021,2021-09-23 07:00:00,2021-09-23 00:00:00,2021-09-22 23:00:00,1306,1305.5,924.504,99.2694146297465,207.283,7.327,5.948,4.966,2.813,4.266,1.905,5.567,0,0,0,0,0,0,0,0,0,0
River Complex,2021,2021-09-23 08:00:00,2021-09-23 01:00:00,2021-09-23 00:00:00,1307,1306.5,924.504,99.2694146297465,207.283,7.329,5.948,4.966,2.813,4.266,1.905,5.567,0,0,0,0,0,0,0,0,0,0
River Complex,2021,2021-09-23 09:00:00,2021-09-23 02:00:00,2021-09-23 01:00:00,1308,1307.5,924.504,99.2694146297465,207.283,7.327,5.948,4.966,2.813,4.266,1.905,5.567,0,0,0,0,0,0,0,0,0,0
River Complex,2021,2021-09-23 10:00:00,2021-09-23 03:00:00,2021-09-23 02:00:00,1309,1308.5,924.504,99.2694146297465,207.283,7.327,5.948,4.966,2.813,4.266,1.905,5.567,0,0,0,0,0,0,0,0,0,0
River Complex,2021,2021-09-23 11:00:00,2021-09-23 04:00:00,2021-09-23 03:00:00,1310,1309.5,924.504,99.2694146297465,207.283,7.329,5.948,4.966,2.813,4.266,1.905,5.567,0,0,0,0,0,0,0,0,0,0
River Complex,2021,2021-09-23 12:00:00,2021-09-23 05:00:00,2021-09-23 04:00:00,1311,1310.5,924.504,99.2694146297465,207.283,7.329,5.948,4.966,2.813,4.266,1.905,5.567,0,0,0,0,0,0,0,0,0,0
River Complex,2021,2021-09-23 13:00:00,2021-09-23 06:00:00,2021-09-23 05:00:00,1312,1311.5,924.504,99.2694146297465,207.283,7.327,5.948,4.966,2.813,4.266,1.905,5.567,0,0,0,0,0,0,0,0,0,0
River Complex,2021,2021-09-23 14:00:00,2021-09-23 07:00:00,2021-09-23 06:00:00,1313,1312.5,924.504,99.2694146297465,207.283,7.329,5.948,4.966,2.813,4.266,1.905,5.567,0,0,0,0,0,0,0,0,0,0
River Complex,2021,2021-09-23 15:00:00,2021-09-23 08:00:00,2021-09-23 07:00:00,1314,1313.5,924.504,99.2694146297465,207.283,7.327,5.948,4.966,2.813,4.266,1.905,5.567,0,0,0,0,0,0,0,0,0,0
River Complex,2021,2021-09-23 16:00:00,2021-09-23 09:00:00,2021-09-23 08:00:00,1315,1314.5,924.504,99.2694146297465,207.283,7.327,5.948,4.966,2.813,4.266,1.905,5.567,0,0,0,0,0,0,0,0,0,0
River Complex,2021,2021-09-23 17:00:00,2021-09-23 10:00:00,2021-09-23 09:00:00,1316,1315.5,924.504,99.2694146297465,207.283,7.329,5.948,4.966,2.813,4.266,1.905,5.567,0,0,0,0,0,0,0,0,0,0
River Complex,2021,2021-09-23 18:00:00,2021-09-23 11:00:00,2021-09-23 10:00:00,1317,1316.5,924.504,99.2694146297465,207.283,7.327,5.948,4.966,2.813,4.266,1.905,5.567,0,0,0,0,0,0,0,0,0,0
River Complex,2021,2021-09-23 19:00:00,2021-09-23 12:00:00,2021-09-23 11:00:00,1318,1317.5,924.504,99.2694146297465,207.283,7.327,5.948,4.966,2.813,4.266,1.905,5.567,0,0,0,0,0,0,0,0,0,0
River Complex,2021,2021-09-23 20:00:00,2021-09-23 13:00:00,2021-09-23 12:00:00,1319,1318.5,924.504,99.2694146297465,207.283,7.329,5.948,4.966,2.813,4.266,1.905,5.567,0,0,0,0,0,0,0,0,0,0
River Complex,2021,2021-09-23 21:00:00,2021-09-23 14:00:00,2021-09-23 13:00:00,1320,1319.5,924.504,99.2694146297465,207.283,7.327,5.948,4.966,2.813,4.266,1.905,5.567,0,0,0,0,0,0,0,0,0,0
River Complex,2021,2021-09-23 22:00:00,2021-09-23 15:00:00,2021-09-23 14:00:00,1321,1320.5,924.504,99.2694146297465,207.283,7.327,5.948,4.966,2.813,4.266,1.905,5.567,0,0,0,0,0,0,0,0,0,0
River Complex,2021,2021-09-23 23:00:00,2021-09-23 16:00:00,2021-09-23 15:00:00,1322,1321.5,924.504,99.2694146297465,207.283,7.327,5.948,4.966,2.813,4.266,1.905,5.567,0,0,0,0,0,0,0,0,0,0
River Complex,2021,2021-09-24 00:00:00,2021-09-23 17:00:00,2021-09-23 16:00:00,1323,1322.5,924.504,99.2694146297465,207.283,7.329,3.379,2.436,2.813,4.266,1.905,5.567,0,1,1,0,0,0,0,0,0,0
River Complex,2021,2021-09-24 01:00:00,2021-09-23 18:00:00,2021-09-23 17:00:00,1324,1323.5,924.504,99.2694146297465,207.283,7.327,3.379,2.436,2.813,4.266,1.905,5.567,0,0,0,0,0,0,0,0,0,0
River Complex,2021,2021-09-24 02:00:00,2021-09-23 19:00:00,2021-09-23 18:00:00,1325,1324.5,924.504,99.2694146297465,207.283,7.329,3.379,2.436,2.813,4.266,1.905,5.567,0,0,0,0,0,0,0,0,0,0
River Complex,2021,2021-09-24 03:00:00,2021-09-23 20:00:00,2021-09-23 19:00:00,1326,1325.5,924.504,99.2694146297465,207.283,7.327,3.379,2.436,2.813,4.266,1.905,5.567,0,0,0,0,0,0,0,0,0,0
River Complex,2021,2021-09-24 04:00:00,2021-09-23 21:00:00,2021-09-23 20:00:00,1327,1326.5,924.504,99.2694146297465,207.283,7.327,3.379,2.436,2.813,4.266,1.905,5.567,0,0,0,0,0,0,0,0,0,0
River Complex,2021,2021-09-24 05:00:00,2021-09-23 22:00:00,2021-09-23 21:00:00,1328,1327.5,924.504,99.2694146297465,207.283,7.327,3.379,2.436,2.813,4.266,1.905,5.567,0,0,0,0,0,0,0,0,0,0
River Complex,2021,2021-09-24 06:00:00,2021-09-23 23:00:00,2021-09-23 22:00:00,1329,1328.5,924.504,99.2694146297465,207.283,7.327,3.379,2.436,2.813,4.266,1.905,5.567,0,0,0,0,0,0,0,0,0,0
River Complex,2021,2021-09-24 07:00:00,2021-09-24 00:00:00,2021-09-23 23:00:00,1330,1329.5,924.504,99.2694146297465,207.283,7.329,3.379,2.436,2.813,4.266,1.905,5.567,0,0,0,0,0,0,0,0,0,0
River Complex,2021,2021-09-24 08:00:00,2021-09-24 01:00:00,2021-09-24 00:00:00,1331,1330.5,924.504,99.2694146297465,207.283,7.329,3.379,2.436,2.813,4.266,1.905,5.567,0,0,0,0,0,0,0,0,0,0
River Complex,2021,2021-09-24 09:00:00,2021-09-24 02:00:00,2021-09-24 01:00:00,1332,1331.5,924.504,99.2694146297465,207.283,7.327,3.379,2.436,2.813,4.266,1.905,5.567,0,0,0,0,0,0,0,0,0,0
River Complex,2021,2021-09-24 10:00:00,2021-09-24 03:00:00,2021-09-24 02:00:00,1333,1332.5,924.504,99.2694146297465,207.283,7.327,3.379,2.436,2.813,4.266,1.905,5.567,0,0,0,0,0,0,0,0,0,0
River Complex,2021,2021-09-24 11:00:00,2021-09-24 04:00:00,2021-09-24 03:00:00,1334,1333.5,924.504,99.2694146297465,207.283,7.327,3.379,2.436,2.813,4.266,1.905,5.567,0,0,0,0,0,0,0,0,0,0
River Complex,2021,2021-09-24 12:00:00,2021-09-24 05:00:00,2021-09-24 04:00:00,1335,1334.5,924.504,99.2694146297465,207.283,7.327,3.379,2.436,2.813,4.266,1.905,5.567,0,0,0,0,0,0,0,0,0,0
River Complex,2021,2021-09-24 13:00:00,2021-09-24 06:00:00,2021-09-24 05:00:00,1336,1335.5,924.504,99.2694146297465,207.283,7.327,3.379,2.436,2.813,4.266,1.905,5.567,0,0,0,0,0,0,0,0,0,0
River Complex,2021,2021-09-24 14:00:00,2021-09-24 07:00:00,2021-09-24 06:00:00,1337,1336.5,924.504,99.2694146297465,207.283,7.327,3.379,2.436,2.813,4.266,1.905,5.567,0,0,0,0,0,0,0,0,0,0
River Complex,2021,2021-09-24 15:00:00,2021-09-24 08:00:00,2021-09-24 07:00:00,1338,1337.5,924.504,99.2694146297465,207.283,7.327,3.379,2.436,2.813,4.266,1.905,5.567,0,0,0,0,0,0,0,0,0,0
River Complex,2021,2021-09-24 16:00:00,2021-09-24 09:00:00,2021-09-24 08:00:00,1339,1338.5,924.504,99.2694146297465,207.283,7.329,3.379,2.436,2.813,4.266,1.905,5.567,0,0,0,0,0,0,0,0,0,0
River Complex,2021,2021-09-24 17:00:00,2021-09-24 10:00:00,2021-09-24 09:00:00,1340,1339.5,924.504,99.2694146297465,207.283,7.329,3.379,2.436,2.813,4.266,1.905,5.567,0,0,0,0,0,0,0,0,0,0
River Complex,2021,2021-09-24 18:00:00,2021-09-24 11:00:00,2021-09-24 10:00:00,1341,1340.5,924.504,99.2694146297465,207.283,7.329,3.379,2.436,2.813,4.266,1.905,5.567,0,0,0,0,0,0,0,0,0,0
River Complex,2021,2021-09-24 19:00:00,2021-09-24 12:00:00,2021-09-24 11:00:00,1342,1341.5,924.504,99.2694146297465,207.283,7.329,3.379,2.436,2.813,4.266,1.905,5.567,0,0,0,0,0,0,0,0,0,0
River Complex,2021,2021-09-24 20:00:00,2021-09-24 13:00:00,2021-09-24 12:00:00,1343,1342.5,924.504,99.2694146297465,207.283,7.329,4.529,2.921,2.813,4.266,1.905,5.567,0,1,1,0,0,0,0,0,0,0
River Complex,2021,2021-09-24 21:00:00,2021-09-24 14:00:00,2021-09-24 13:00:00,1344,1343.5,924.504,99.2694146297465,207.283,7.329,8.307,7.295,5.262,4.266,1.905,5.567,0,1,1,1,0,0,0,0,0,0
River Complex,2021,2021-09-24 22:00:00,2021-09-24 15:00:00,2021-09-24 14:00:00,1345,1344.5,924.504,99.2694146297465,207.283,7.329,4.37,3.672,2.119,4.266,1.905,5.567,0,1,1,1,0,0,0,0,0,0
River Complex,2021,2021-09-24 23:00:00,2021-09-24 16:00:00,2021-09-24 15:00:00,1346,1345.5,924.504,99.2694146297465,207.283,7.329,8.134,7.075,5.011,4.266,1.905,5.567,0,1,1,1,0,0,0,0,0,0
River Complex,2021,2021-09-25 00:00:00,2021-09-24 17:00:00,2021-09-24 16:00:00,1347,1346.5,924.504,99.2694146297465,207.283,7.327,9.053,7.782,6.158,4.266,1.905,5.567,0,1,1,1,1,1,0,0,0,0
River Complex,2021,2021-09-25 01:00:00,2021-09-24 18:00:00,2021-09-24 17:00:00,1348,1347.5,924.504,99.2694146297465,207.283,7.327,8.134,7.075,5.011,4.266,1.905,5.567,0,1,1,1,0,0,0,0,0,0
River Complex,2021,2021-09-25 02:00:00,2021-09-24 19:00:00,2021-09-24 18:00:00,1349,1348.5,924.504,99.2694146297465,207.283,7.329,5.948,4.966,2.813,4.266,1.905,5.567,0,1,1,1,0,0,0,0,0,0
River Complex,2021,2021-09-25 03:00:00,2021-09-24 20:00:00,2021-09-24 19:00:00,1350,1349.5,924.504,99.2694146297465,207.283,7.329,5.948,4.966,2.813,4.266,1.905,5.567,0,0,0,0,0,0,0,0,0,0
River Complex,2021,2021-09-25 04:00:00,2021-09-24 21:00:00,2021-09-24 20:00:00,1351,1350.5,924.504,99.2694146297465,207.283,7.329,5.948,4.966,2.813,4.266,1.905,5.567,0,0,0,0,0,0,0,0,0,0
River Complex,2021,2021-09-25 05:00:00,2021-09-24 22:00:00,2021-09-24 21:00:00,1352,1351.5,924.504,99.2694146297465,207.283,7.329,5.948,4.966,2.813,4.266,1.905,5.567,0,0,0,0,0,0,0,0,0,0
River Complex,2021,2021-09-25 06:00:00,2021-09-24 23:00:00,2021-09-24 22:00:00,1353,1352.5,924.504,99.2694146297465,207.283,7.329,5.948,4.966,2.813,4.266,1.905,5.567,0,0,0,0,0,0,0,0,0,0
River Complex,2021,2021-09-25 07:00:00,2021-09-25 00:00:00,2021-09-24 23:00:00,1354,1353.5,924.504,99.2694146297465,207.283,7.329,5.948,4.966,2.813,4.266,1.905,5.567,0,0,0,0,0,0,0,0,0,0
River Complex,2021,2021-09-25 08:00:00,2021-09-25 01:00:00,2021-09-25 00:00:00,1355,1354.5,924.504,99.2694146297465,207.283,7.329,5.948,4.966,2.813,4.266,1.905,5.567,0,0,0,0,0,0,0,0,0,0
River Complex,2021,2021-09-25 09:00:00,2021-09-25 02:00:00,2021-09-25 01:00:00,1356,1355.5,924.504,99.2694146297465,207.283,7.329,5.948,4.966,2.813,4.266,1.905,5.567,0,0,0,0,0,0,0,0,0,0
River Complex,2021,2021-09-25 10:00:00,2021-09-25 03:00:00,2021-09-25 02:00:00,1357,1356.5,924.504,99.2694146297465,207.283,7.327,5.948,4.966,2.813,4.266,1.905,5.567,0,0,0,0,0,0,0,0,0,0
River Complex,2021,2021-09-25 11:00:00,2021-09-25 04:00:00,2021-09-25 03:00:00,1358,1357.5,924.504,99.2694146297465,207.283,7.329,5.948,4.966,2.813,4.266,1.905,5.567,0,0,0,0,0,0,0,0,0,0
River Complex,2021,2021-09-25 12:00:00,2021-09-25 05:00:00,2021-09-25 04:00:00,1359,1358.5,924.504,99.2694146297465,207.283,7.329,5.948,4.966,2.813,4.266,1.905,5.567,0,0,0,0,0,0,0,0,0,0
River Complex,2021,2021-09-25 13:00:00,2021-09-25 06:00:00,2021-09-25 05:00:00,1360,1359.5,924.504,99.2694146297465,207.283,7.329,5.948,4.966,2.813,4.266,1.905,5.567,0,0,0,0,0,0,0,0,0,0
River Complex,2021,2021-09-25 14:00:00,2021-09-25 07:00:00,2021-09-25 06:00:00,1361,1360.5,924.504,99.2694146297465,207.283,7.329,5.948,4.966,2.813,4.266,1.905,5.567,0,0,0,0,0,0,0,0,0,0
River Complex,2021,2021-09-25 15:00:00,2021-09-25 08:00:00,2021-09-25 07:00:00,1362,1361.5,924.504,99.2694146297465,207.283,7.329,5.948,4.966,2.813,4.266,1.905,5.567,0,0,0,0,0,0,0,0,0,0
River Complex,2021,2021-09-25 16:00:00,2021-09-25 09:00:00,2021-09-25 08:00:00,1363,1362.5,924.504,99.2694146297465,207.283,7.329,5.948,4.966,2.813,4.266,1.905,5.567,0,0,0,0,0,0,0,0,0,0
River Complex,2021,2021-09-25 17:00:00,2021-09-25 10:00:00,2021-09-25 09:00:00,1364,1363.5,924.504,99.2694146297465,207.283,7.329,5.948,4.966,2.813,4.266,1.905,5.567,0,0,0,0,0,0,0,0,0,0
River Complex,2021,2021-09-25 18:00:00,2021-09-25 11:00:00,2021-09-25 10:00:00,1365,1364.5,924.504,99.2694146297465,207.283,7.329,5.479,4.529,2.175,4.266,1.905,5.567,0,1,1,1,0,0,0,0,0,0
River Complex,2021,2021-09-25 19:00:00,2021-09-25 12:00:00,2021-09-25 11:00:00,1366,1365.5,924.504,99.2694146297465,207.283,7.327,12.036,8.532,5.194,4.266,1.905,5.567,0,1,1,1,0,0,0,0,0,0
River Complex,2021,2021-09-25 20:00:00,2021-09-25 13:00:00,2021-09-25 12:00:00,1367,1366.5,924.504,99.2694146297465,207.283,7.329,13.028,10.453,4.892,4.266,1.905,5.567,0,1,1,1,0,0,0,0,0,0
River Complex,2021,2021-09-25 21:00:00,2021-09-25 14:00:00,2021-09-25 13:00:00,1368,1367.5,924.504,99.2694146297465,207.283,7.329,16.122,14.187,9.181,4.266,1.905,5.567,0,1,1,1,0,0,0,0,0,0
River Complex,2021,2021-09-25 22:00:00,2021-09-25 15:00:00,2021-09-25 14:00:00,1369,1368.5,924.504,99.2694146297465,207.283,7.327,7.702,6.84,5.299,3.306,1.905,5.567,0,1,1,1,1,0,0,0,0,0
River Complex,2021,2021-09-25 23:00:00,2021-09-25 16:00:00,2021-09-25 15:00:00,1370,1369.5,924.504,99.2694146297465,207.283,7.327,7.702,6.84,4.921,1.501,1.905,5.567,0,1,1,1,1,0,0,0,0,0
River Complex,2021,2021-09-26 00:00:00,2021-09-25 17:00:00,2021-09-25 16:00:00,1371,1370.5,924.504,99.2694146297465,207.283,7.327,7.702,6.84,4.921,1.501,1.905,5.567,0,1,1,1,1,0,0,0,0,0
River Complex,2021,2021-09-26 01:00:00,2021-09-25 18:00:00,2021-09-25 17:00:00,1372,1371.5,924.504,99.2694146297465,207.283,7.329,7.702,6.84,4.921,1.501,1.905,5.567,0,1,1,1,1,0,0,0,0,0
River Complex,2021,2021-09-26 02:00:00,2021-09-25 19:00:00,2021-09-25 18:00:00,1373,1372.5,924.504,99.2694146297465,207.283,7.329,3.791,2.826,4.921,1.501,1.905,5.567,0,1,1,0,0,0,0,0,0,0
River Complex,2021,2021-09-26 03:00:00,2021-09-25 20:00:00,2021-09-25 19:00:00,1374,1373.5,924.504,99.2694146297465,207.283,7.329,3.791,2.826,4.921,1.501,1.905,5.567,0,1,1,0,0,0,0,0,0,0
River Complex,2021,2021-09-26 04:00:00,2021-09-25 21:00:00,2021-09-25 20:00:00,1375,1374.5,924.504,99.2694146297465,207.283,7.329,3.791,2.826,4.921,1.501,1.905,5.567,0,1,1,0,0,0,0,0,0,0
River Complex,2021,2021-09-26 05:00:00,2021-09-25 22:00:00,2021-09-25 21:00:00,1376,1375.5,924.504,99.2694146297465,207.283,7.329,3.791,2.826,4.921,1.501,1.905,5.567,0,0,0,0,0,0,0,0,0,0
River Complex,2021,2021-09-26 06:00:00,2021-09-25 23:00:00,2021-09-25 22:00:00,1377,1376.5,924.504,99.2694146297465,207.283,7.329,3.791,2.826,4.921,1.501,1.905,5.567,0,0,0,0,0,0,0,0,0,0
River Complex,2021,2021-09-26 07:00:00,2021-09-26 00:00:00,2021-09-25 23:00:00,1378,1377.5,924.504,99.2694146297465,207.283,7.327,3.791,2.826,4.921,1.501,1.905,5.567,0,0,0,0,0,0,0,0,0,0
River Complex,2021,2021-09-26 08:00:00,2021-09-26 01:00:00,2021-09-26 00:00:00,1379,1378.5,924.504,99.2694146297465,207.283,7.329,3.791,2.826,4.921,1.501,1.905,5.567,0,0,0,0,0,0,0,0,0,0
River Complex,2021,2021-09-26 09:00:00,2021-09-26 02:00:00,2021-09-26 01:00:00,1380,1379.5,924.504,99.2694146297465,207.283,7.329,3.791,2.826,4.921,1.501,1.905,5.567,0,0,0,0,0,0,0,0,0,0
River Complex,2021,2021-09-26 10:00:00,2021-09-26 03:00:00,2021-09-26 02:00:00,1381,1380.5,924.504,99.2694146297465,207.283,7.327,3.791,2.826,4.921,1.501,1.905,5.567,0,0,0,0,0,0,0,0,0,0
River Complex,2021,2021-09-26 11:00:00,2021-09-26 04:00:00,2021-09-26 03:00:00,1382,1381.5,924.504,99.2694146297465,207.283,7.329,3.791,2.826,4.921,1.501,1.905,5.567,0,0,0,0,0,0,0,0,0,0
River Complex,2021,2021-09-26 12:00:00,2021-09-26 05:00:00,2021-09-26 04:00:00,1383,1382.5,924.504,99.2694146297465,207.283,7.327,6.762,5.693,2.545,1.501,1.905,5.567,1,1,1,1,0,0,0,0,0,0
River Complex,2021,2021-09-26 13:00:00,2021-09-26 06:00:00,2021-09-26 05:00:00,1384,1383.5,931.308,100,208.399,0,7.43,6.151,4.172,1.781,1.905,5.567,0,1,1,1,1,0,0,6.804,1.602,0.929
